
{ "ele" : "544", "t" : "1", "f" : "O", "dg" : "02/10/2022", "hg" : "18:39:42", "abr" : [ 
{ "and" : "P", "tpabr" : "UF", "cdabr" : "AM", "dt" : "02/10/2022", "ht" : "18:38:12", "s" : "7454", "st" : "1828", "snt" : "5626", "si" : "1828", "sni" : "0", "sa" : "1828", "sna" : "0", "pst" : "24,52", "psnt" : "75,48", "psi" : "24,52", "psni" : "0,00", "psa" : "100,00", "psna" : "0,00", "e" : "2646924", "ea" : "628603", "ena" : "0", "esi" : "628603", "esni" : "0", "c" : "515920", "a" : "112683", "pea" : "100,00", "pena" : "0,00", "pesi" : "23,75", "pesni" : "0,00", "pa" : "17,93", "pc" : "82,07", "munnr" : "11", "munpt" : "51", "munf" : "0", "pmunnr" : "17,74", "pmunpt" : "82,26", "pmunf" : "00,00" }, 
{ "and" : "P", "tpabr" : "UF", "cdabr" : "PE", "dt" : "02/10/2022", "ht" : "18:39:18", "s" : "20572", "st" : "800", "snt" : "19772", "si" : "800", "sni" : "0", "sa" : "800", "sna" : "0", "pst" : "3,89", "psnt" : "96,11", "psi" : "3,89", "psni" : "0,00", "psa" : "100,00", "psna" : "0,00", "e" : "7015421", "ea" : "239398", "ena" : "0", "esi" : "239398", "esni" : "0", "c" : "194053", "a" : "45345", "pea" : "100,00", "pena" : "0,00", "pesi" : "3,41", "pesni" : "0,00", "pa" : "18,94", "pc" : "81,06", "munnr" : "124", "munpt" : "61", "munf" : "0", "pmunnr" : "67,03", "pmunpt" : "32,97", "pmunf" : "00,00" }, 
{ "and" : "P", "tpabr" : "UF", "cdabr" : "RN", "dt" : "02/10/2022", "ht" : "18:38:40", "s" : "7674", "st" : "1385", "snt" : "6289", "si" : "1385", "sni" : "0", "sa" : "1385", "sna" : "0", "pst" : "18,05", "psnt" : "81,95", "psi" : "18,05", "psni" : "0,00", "psa" : "100,00", "psna" : "0,00", "e" : "2554716", "ea" : "410730", "ena" : "0", "esi" : "410730", "esni" : "0", "c" : "338218", "a" : "72512", "pea" : "100,00", "pena" : "0,00", "pesi" : "16,08", "pesni" : "0,00", "pa" : "17,65", "pc" : "82,35", "munnr" : "67", "munpt" : "92", "munf" : "8", "pmunnr" : "40,12", "pmunpt" : "55,09", "pmunf" : "4,79" }, 
{ "and" : "P", "tpabr" : "UF", "cdabr" : "MG", "dt" : "02/10/2022", "ht" : "18:39:30", "s" : "49981", "st" : "4117", "snt" : "45864", "si" : "4117", "sni" : "0", "sa" : "4117", "sna" : "0", "pst" : "8,24", "psnt" : "91,76", "psi" : "8,24", "psni" : "0,00", "psa" : "100,00", "psna" : "0,00", "e" : "16283828", "ea" : "1247840", "ena" : "0", "esi" : "1247840", "esni" : "0", "c" : "955398", "a" : "292442", "pea" : "100,00", "pena" : "0,00", "pesi" : "7,66", "pesni" : "0,00", "pa" : "23,44", "pc" : "76,56", "munnr" : "631", "munpt" : "217", "munf" : "5", "pmunnr" : "73,97", "pmunpt" : "25,44", "pmunf" : "0,59" }, 
{ "and" : "P", "tpabr" : "UF", "cdabr" : "RO", "dt" : "02/10/2022", "ht" : "18:38:50", "s" : "4198", "st" : "1476", "snt" : "2722", "si" : "1476", "sni" : "0", "sa" : "1476", "sna" : "0", "pst" : "35,16", "psnt" : "64,84", "psi" : "35,16", "psni" : "0,00", "psa" : "100,00", "psna" : "0,00", "e" : "1229998", "ea" : "431640", "ena" : "0", "esi" : "431640", "esni" : "0", "c" : "336083", "a" : "95557", "pea" : "100,00", "pena" : "0,00", "pesi" : "35,09", "pesni" : "0,00", "pa" : "22,14", "pc" : "77,86", "munnr" : "27", "munpt" : "23", "munf" : "2", "pmunnr" : "51,92", "pmunpt" : "44,23", "pmunf" : "3,85" }, 
{ "and" : "P", "tpabr" : "UF", "cdabr" : "CE", "dt" : "02/10/2022", "ht" : "18:39:17", "s" : "22796", "st" : "1839", "snt" : "20957", "si" : "1839", "sni" : "0", "sa" : "1839", "sna" : "0", "pst" : "8,07", "psnt" : "91,93", "psi" : "8,07", "psni" : "0,00", "psa" : "100,00", "psna" : "0,00", "e" : "6818732", "ea" : "529914", "ena" : "0", "esi" : "529914", "esni" : "0", "c" : "424445", "a" : "105469", "pea" : "100,00", "pena" : "0,00", "pesi" : "7,77", "pesni" : "0,00", "pa" : "19,90", "pc" : "80,10", "munnr" : "97", "munpt" : "87", "munf" : "0", "pmunnr" : "52,72", "pmunpt" : "47,28", "pmunf" : "00,00" }, 
{ "and" : "P", "tpabr" : "UF", "cdabr" : "GO", "dt" : "02/10/2022", "ht" : "18:38:34", "s" : "14620", "st" : "3398", "snt" : "11222", "si" : "3398", "sni" : "0", "sa" : "3398", "sna" : "0", "pst" : "23,24", "psnt" : "76,76", "psi" : "23,24", "psni" : "0,00", "psa" : "100,00", "psna" : "0,00", "e" : "4870292", "ea" : "1120365", "ena" : "0", "esi" : "1120365", "esni" : "0", "c" : "883238", "a" : "237127", "pea" : "100,00", "pena" : "0,00", "pesi" : "23,00", "pesni" : "0,00", "pa" : "21,17", "pc" : "78,83", "munnr" : "174", "munpt" : "70", "munf" : "2", "pmunnr" : "70,73", "pmunpt" : "28,46", "pmunf" : "0,81" }, 
{ "and" : "P", "tpabr" : "UF", "cdabr" : "MS", "dt" : "02/10/2022", "ht" : "18:38:55", "s" : "6912", "st" : "3806", "snt" : "3106", "si" : "3806", "sni" : "0", "sa" : "3806", "sna" : "0", "pst" : "55,06", "psnt" : "44,94", "psi" : "55,06", "psni" : "0,00", "psa" : "100,00", "psna" : "0,00", "e" : "1995932", "ea" : "1076375", "ena" : "0", "esi" : "1076375", "esni" : "0", "c" : "846121", "a" : "230254", "pea" : "100,00", "pena" : "0,00", "pesi" : "53,93", "pesni" : "0,00", "pa" : "21,39", "pc" : "78,61", "munnr" : "8", "munpt" : "66", "munf" : "5", "pmunnr" : "10,13", "pmunpt" : "83,54", "pmunf" : "6,33" }, 
{ "and" : "P", "tpabr" : "UF", "cdabr" : "MT", "dt" : "02/10/2022", "ht" : "18:38:52", "s" : "7652", "st" : "2141", "snt" : "5511", "si" : "2141", "sni" : "0", "sa" : "2141", "sna" : "0", "pst" : "27,98", "psnt" : "72,02", "psi" : "27,98", "psni" : "0,00", "psa" : "100,00", "psna" : "0,00", "e" : "2469604", "ea" : "658129", "ena" : "0", "esi" : "658129", "esni" : "0", "c" : "517520", "a" : "140609", "pea" : "100,00", "pena" : "0,00", "pesi" : "26,65", "pesni" : "0,00", "pa" : "21,36", "pc" : "78,64", "munnr" : "50", "munpt" : "84", "munf" : "7", "pmunnr" : "35,46", "pmunpt" : "59,57", "pmunf" : "4,96" }, 
{ "and" : "P", "tpabr" : "UF", "cdabr" : "SE", "dt" : "02/10/2022", "ht" : "18:38:32", "s" : "5498", "st" : "749", "snt" : "4749", "si" : "749", "sni" : "0", "sa" : "749", "sna" : "0", "pst" : "13,62", "psnt" : "86,38", "psi" : "13,62", "psni" : "0,00", "psa" : "100,00", "psna" : "0,00", "e" : "1671376", "ea" : "212010", "ena" : "0", "esi" : "212010", "esni" : "0", "c" : "176059", "a" : "35951", "pea" : "100,00", "pena" : "0,00", "pesi" : "12,68", "pesni" : "0,00", "pa" : "16,96", "pc" : "83,04", "munnr" : "50", "munpt" : "25", "munf" : "0", "pmunnr" : "66,67", "pmunpt" : "33,33", "pmunf" : "00,00" }, 
{ "and" : "P", "tpabr" : "UF", "cdabr" : "DF", "dt" : "02/10/2022", "ht" : "18:38:36", "s" : "6748", "st" : "5175", "snt" : "1573", "si" : "5175", "sni" : "0", "sa" : "5175", "sna" : "0", "pst" : "76,69", "psnt" : "23,31", "psi" : "76,69", "psni" : "0,00", "psa" : "100,00", "psna" : "0,00", "e" : "2206996", "ea" : "1672732", "ena" : "0", "esi" : "1672732", "esni" : "0", "c" : "1383675", "a" : "289057", "pea" : "100,00", "pena" : "0,00", "pesi" : "75,79", "pesni" : "0,00", "pa" : "17,28", "pc" : "82,72", "munnr" : "0", "munpt" : "1", "munf" : "0", "pmunnr" : "00,00", "pmunpt" : "100,00", "pmunf" : "00,00" }, 
{ "and" : "P", "tpabr" : "UF", "cdabr" : "ES", "dt" : "02/10/2022", "ht" : "18:38:52", "s" : "9239", "st" : "4930", "snt" : "4309", "si" : "4930", "sni" : "0", "sa" : "4930", "sna" : "0", "pst" : "53,36", "psnt" : "46,64", "psi" : "53,36", "psni" : "0,00", "psa" : "100,00", "psna" : "0,00", "e" : "2922379", "ea" : "1529360", "ena" : "0", "esi" : "1529360", "esni" : "0", "c" : "1215649", "a" : "313711", "pea" : "100,00", "pena" : "0,00", "pesi" : "52,33", "pesni" : "0,00", "pa" : "20,51", "pc" : "79,49", "munnr" : "1", "munpt" : "67", "munf" : "10", "pmunnr" : "1,28", "pmunpt" : "85,90", "pmunf" : "12,82" }, 
{ "and" : "P", "tpabr" : "UF", "cdabr" : "MA", "dt" : "02/10/2022", "ht" : "18:39:18", "s" : "16423", "st" : "381", "snt" : "16042", "si" : "381", "sni" : "0", "sa" : "381", "sna" : "0", "pst" : "2,32", "psnt" : "97,68", "psi" : "2,32", "psni" : "0,00", "psa" : "100,00", "psna" : "0,00", "e" : "5039287", "ea" : "103906", "ena" : "0", "esi" : "103906", "esni" : "0", "c" : "79537", "a" : "24369", "pea" : "100,00", "pena" : "0,00", "pesi" : "2,06", "pesni" : "0,00", "pa" : "23,45", "pc" : "76,55", "munnr" : "166", "munpt" : "51", "munf" : "0", "pmunnr" : "76,50", "pmunpt" : "23,50", "pmunf" : "00,00" }, 
{ "and" : "P", "tpabr" : "UF", "cdabr" : "PA", "dt" : "02/10/2022", "ht" : "18:38:58", "s" : "18235", "st" : "3817", "snt" : "14418", "si" : "3817", "sni" : "0", "sa" : "3817", "sna" : "0", "pst" : "20,93", "psnt" : "79,07", "psi" : "20,93", "psni" : "0,00", "psa" : "100,00", "psna" : "0,00", "e" : "6079280", "ea" : "1207252", "ena" : "0", "esi" : "1207252", "esni" : "0", "c" : "967772", "a" : "239480", "pea" : "100,00", "pena" : "0,00", "pesi" : "19,86", "pesni" : "0,00", "pa" : "19,84", "pc" : "80,16", "munnr" : "15", "munpt" : "129", "munf" : "0", "pmunnr" : "10,42", "pmunpt" : "89,58", "pmunf" : "00,00" }, 
{ "and" : "P", "tpabr" : "UF", "cdabr" : "PI", "dt" : "02/10/2022", "ht" : "18:38:47", "s" : "8963", "st" : "1684", "snt" : "7279", "si" : "1684", "sni" : "0", "sa" : "1684", "sna" : "0", "pst" : "18,79", "psnt" : "81,21", "psi" : "18,79", "psni" : "0,00", "psa" : "100,00", "psna" : "0,00", "e" : "2570433", "ea" : "465553", "ena" : "0", "esi" : "465553", "esni" : "0", "c" : "383186", "a" : "82367", "pea" : "100,00", "pena" : "0,00", "pesi" : "18,11", "pesni" : "0,00", "pa" : "17,69", "pc" : "82,31", "munnr" : "96", "munpt" : "128", "munf" : "0", "pmunnr" : "42,86", "pmunpt" : "57,14", "pmunf" : "00,00" }, 
{ "and" : "P", "tpabr" : "UF", "cdabr" : "RS", "dt" : "02/10/2022", "ht" : "18:38:46", "s" : "27201", "st" : "6857", "snt" : "20344", "si" : "6857", "sni" : "0", "sa" : "6857", "sna" : "0", "pst" : "25,21", "psnt" : "74,79", "psi" : "25,21", "psni" : "0,00", "psa" : "100,00", "psna" : "0,00", "e" : "8589432", "ea" : "2137229", "ena" : "0", "esi" : "2137229", "esni" : "0", "c" : "1723023", "a" : "414206", "pea" : "100,00", "pena" : "0,00", "pesi" : "24,88", "pesni" : "0,00", "pa" : "19,38", "pc" : "80,62", "munnr" : "293", "munpt" : "197", "munf" : "7", "pmunnr" : "58,95", "pmunpt" : "39,64", "pmunf" : "1,41" }, 
{ "and" : "P", "tpabr" : "UF", "cdabr" : "AC", "dt" : "02/10/2022", "ht" : "18:38:47", "s" : "2124", "st" : "777", "snt" : "1347", "si" : "777", "sni" : "0", "sa" : "777", "sna" : "0", "pst" : "36,58", "psnt" : "63,42", "psi" : "36,58", "psni" : "0,00", "psa" : "100,00", "psna" : "0,00", "e" : "587738", "ea" : "215978", "ena" : "0", "esi" : "215978", "esni" : "0", "c" : "167016", "a" : "48962", "pea" : "100,00", "pena" : "0,00", "pesi" : "36,75", "pesni" : "0,00", "pa" : "22,67", "pc" : "77,33", "munnr" : "1", "munpt" : "21", "munf" : "0", "pmunnr" : "4,55", "pmunpt" : "95,45", "pmunf" : "00,00" }, 
{ "and" : "P", "tpabr" : "UF", "cdabr" : "PR", "dt" : "02/10/2022", "ht" : "18:38:29", "s" : "25721", "st" : "3247", "snt" : "22474", "si" : "3247", "sni" : "0", "sa" : "3247", "sna" : "0", "pst" : "12,62", "psnt" : "87,38", "psi" : "12,62", "psni" : "0,00", "psa" : "100,00", "psna" : "0,00", "e" : "8480435", "ea" : "1011187", "ena" : "0", "esi" : "1011187", "esni" : "0", "c" : "812675", "a" : "198512", "pea" : "100,00", "pena" : "0,00", "pesi" : "11,92", "pesni" : "0,00", "pa" : "19,63", "pc" : "80,37", "munnr" : "263", "munpt" : "132", "munf" : "4", "pmunnr" : "65,91", "pmunpt" : "33,08", "pmunf" : "1,00" }, 
{ "and" : "P", "tpabr" : "UF", "cdabr" : "SC", "dt" : "02/10/2022", "ht" : "18:38:59", "s" : "16242", "st" : "660", "snt" : "15582", "si" : "660", "sni" : "0", "sa" : "660", "sna" : "0", "pst" : "4,06", "psnt" : "95,94", "psi" : "4,06", "psni" : "0,00", "psa" : "100,00", "psna" : "0,00", "e" : "5501478", "ea" : "199071", "ena" : "0", "esi" : "199071", "esni" : "0", "c" : "163429", "a" : "35642", "pea" : "100,00", "pena" : "0,00", "pesi" : "3,62", "pesni" : "0,00", "pa" : "17,90", "pc" : "82,10", "munnr" : "234", "munpt" : "58", "munf" : "3", "pmunnr" : "79,32", "pmunpt" : "19,66", "pmunf" : "1,02" }, 
{ "and" : "P", "tpabr" : "UF", "cdabr" : "TO", "dt" : "02/10/2022", "ht" : "18:38:57", "s" : "3957", "st" : "1937", "snt" : "2020", "si" : "1937", "sni" : "0", "sa" : "1937", "sna" : "0", "pst" : "48,95", "psnt" : "51,05", "psi" : "48,95", "psni" : "0,00", "psa" : "100,00", "psna" : "0,00", "e" : "1094346", "ea" : "523007", "ena" : "0", "esi" : "523007", "esni" : "0", "c" : "426637", "a" : "96370", "pea" : "100,00", "pena" : "0,00", "pesi" : "47,79", "pesni" : "0,00", "pa" : "18,43", "pc" : "81,57", "munnr" : "34", "munpt" : "98", "munf" : "7", "pmunnr" : "24,46", "pmunpt" : "70,50", "pmunf" : "5,04" }, 
{ "and" : "P", "tpabr" : "UF", "cdabr" : "AL", "dt" : "02/10/2022", "ht" : "18:38:11", "s" : "6626", "st" : "51", "snt" : "6575", "si" : "51", "sni" : "0", "sa" : "51", "sna" : "0", "pst" : "0,77", "psnt" : "99,23", "psi" : "0,77", "psni" : "0,00", "psa" : "100,00", "psna" : "0,00", "e" : "2326491", "ea" : "17076", "ena" : "0", "esi" : "17076", "esni" : "0", "c" : "13161", "a" : "3915", "pea" : "100,00", "pena" : "0,00", "pesi" : "0,73", "pesni" : "0,00", "pa" : "22,93", "pc" : "77,07", "munnr" : "98", "munpt" : "4", "munf" : "0", "pmunnr" : "96,08", "pmunpt" : "3,92", "pmunf" : "00,00" }, 
{ "and" : "P", "tpabr" : "UF", "cdabr" : "BA", "dt" : "02/10/2022", "ht" : "18:39:17", "s" : "34424", "st" : "1824", "snt" : "32600", "si" : "1824", "sni" : "0", "sa" : "1824", "sna" : "0", "pst" : "5,30", "psnt" : "94,70", "psi" : "5,30", "psni" : "0,00", "psa" : "100,00", "psna" : "0,00", "e" : "11283405", "ea" : "547948", "ena" : "0", "esi" : "547948", "esni" : "0", "c" : "427805", "a" : "120143", "pea" : "100,00", "pena" : "0,00", "pesi" : "4,86", "pesni" : "0,00", "pa" : "21,93", "pc" : "78,07", "munnr" : "263", "munpt" : "154", "munf" : "0", "pmunnr" : "63,07", "pmunpt" : "36,93", "pmunf" : "00,00" }, 
{ "and" : "P", "tpabr" : "UF", "cdabr" : "PB", "dt" : "02/10/2022", "ht" : "18:38:35", "s" : "9602", "st" : "1384", "snt" : "8218", "si" : "1384", "sni" : "0", "sa" : "1384", "sna" : "0", "pst" : "14,41", "psnt" : "85,59", "psi" : "14,41", "psni" : "0,00", "psa" : "100,00", "psna" : "0,00", "e" : "3092053", "ea" : "436886", "ena" : "0", "esi" : "436886", "esni" : "0", "c" : "364373", "a" : "72513", "pea" : "100,00", "pena" : "0,00", "pesi" : "14,13", "pesni" : "0,00", "pa" : "16,60", "pc" : "83,40", "munnr" : "135", "munpt" : "86", "munf" : "2", "pmunnr" : "60,54", "pmunpt" : "38,57", "pmunf" : "0,90" }, 
{ "and" : "P", "tpabr" : "UF", "cdabr" : "AP", "dt" : "02/10/2022", "ht" : "18:38:12", "s" : "1740", "st" : "364", "snt" : "1376", "si" : "364", "sni" : "0", "sa" : "364", "sna" : "0", "pst" : "20,92", "psnt" : "79,08", "psi" : "20,92", "psni" : "0,00", "psa" : "100,00", "psna" : "0,00", "e" : "550165", "ea" : "101889", "ena" : "0", "esi" : "101889", "esni" : "0", "c" : "81376", "a" : "20513", "pea" : "100,00", "pena" : "0,00", "pesi" : "18,52", "pesni" : "0,00", "pa" : "20,13", "pc" : "79,87", "munnr" : "1", "munpt" : "15", "munf" : "0", "pmunnr" : "6,25", "pmunpt" : "93,75", "pmunf" : "00,00" }, 
{ "and" : "P", "tpabr" : "UF", "cdabr" : "RJ", "dt" : "02/10/2022", "ht" : "18:39:19", "s" : "34068", "st" : "965", "snt" : "33103", "si" : "965", "sni" : "0", "sa" : "965", "sna" : "0", "pst" : "2,83", "psnt" : "97,17", "psi" : "2,83", "psni" : "0,00", "psa" : "100,00", "psna" : "0,00", "e" : "12826356", "ea" : "320244", "ena" : "0", "esi" : "320244", "esni" : "0", "c" : "245005", "a" : "75239", "pea" : "100,00", "pena" : "0,00", "pesi" : "2,50", "pesni" : "0,00", "pa" : "23,49", "pc" : "76,51", "munnr" : "45", "munpt" : "47", "munf" : "0", "pmunnr" : "48,91", "pmunpt" : "51,09", "pmunf" : "00,00" }, 
{ "and" : "P", "tpabr" : "UF", "cdabr" : "RR", "dt" : "02/10/2022", "ht" : "18:38:31", "s" : "1268", "st" : "208", "snt" : "1060", "si" : "208", "sni" : "0", "sa" : "208", "sna" : "0", "pst" : "16,40", "psnt" : "83,60", "psi" : "16,40", "psni" : "0,00", "psa" : "100,00", "psna" : "0,00", "e" : "366632", "ea" : "53920", "ena" : "0", "esi" : "53920", "esni" : "0", "c" : "44886", "a" : "9034", "pea" : "100,00", "pena" : "0,00", "pesi" : "14,71", "pesni" : "0,00", "pa" : "16,75", "pc" : "83,25", "munnr" : "1", "munpt" : "14", "munf" : "0", "pmunnr" : "6,67", "pmunpt" : "93,33", "pmunf" : "00,00" }, 
{ "and" : "P", "tpabr" : "UF", "cdabr" : "ZZ", "dt" : "02/10/2022", "ht" : "18:22:56", "s" : "1064", "st" : "464", "snt" : "600", "si" : "464", "sni" : "0", "sa" : "464", "sna" : "0", "pst" : "43,61", "psnt" : "56,39", "psi" : "43,61", "psni" : "0,00", "psa" : "100,00", "psna" : "0,00", "e" : "695355", "ea" : "324160", "ena" : "0", "esi" : "324160", "esni" : "0", "c" : "146443", "a" : "177717", "pea" : "100,00", "pena" : "0,00", "pesi" : "46,62", "pesni" : "0,00", "pa" : "54,82", "pc" : "45,18", "munnr" : "116", "munpt" : "13", "munf" : "52", "pmunnr" : "64,09", "pmunpt" : "7,18", "pmunf" : "28,73" }, 
{ "and" : "P", "tpabr" : "UF", "cdabr" : "SP", "dt" : "02/10/2022", "ht" : "18:39:21", "s" : "101073", "st" : "6864", "snt" : "94209", "si" : "6864", "sni" : "0", "sa" : "6864", "sna" : "0", "pst" : "6,79", "psnt" : "93,21", "psi" : "6,79", "psni" : "0,00", "psa" : "100,00", "psna" : "0,00", "e" : "34684927", "ea" : "2186266", "ena" : "0", "esi" : "2186266", "esni" : "0", "c" : "1698221", "a" : "488045", "pea" : "100,00", "pena" : "0,00", "pesi" : "6,30", "pesni" : "0,00", "pa" : "22,32", "pc" : "77,68", "munnr" : "439", "munpt" : "179", "munf" : "27", "pmunnr" : "68,06", "pmunpt" : "27,75", "pmunf" : "4,19" }, 
{ "and" : "P", "tpabr" : "BR", "cdabr" : "BR", "dt" : "02/10/2022", "ht" : "18:39:30", "s" : "472075", "st" : "63128", "snt" : "408947", "si" : "63128", "sni" : "0", "sa" : "63128", "sna" : "0", "pst" : "13,37", "psnt" : "86,63", "psi" : "13,37", "psni" : "0,00", "psa" : "100,00", "psna" : "0,00", "e" : "156454011", "ea" : "19608668", "ena" : "0", "esi" : "19608668", "esni" : "0", "c" : "15530924", "a" : "4077744", "pea" : "100,00", "pena" : "0,00", "pesi" : "12,53", "pesni" : "0,00", "pa" : "20,80", "pc" : "79,20", "ufsnr" : "0", "ufspt" : "28", "ufsf" : "0", "pufsnr" : "00,00", "pufspt" : "100,00", "pufsf" : "00,00" } ] }