
{ "ele" : "544", "t" : "1", "f" : "O", "dg" : "02/10/2022", "hg" : "20:51:50", "abr" : [ 
{ "and" : "P", "tpabr" : "UF", "cdabr" : "AM", "dt" : "02/10/2022", "ht" : "20:50:44", "s" : "7454", "st" : "7049", "snt" : "405", "si" : "7049", "sni" : "0", "sa" : "7049", "sna" : "0", "pst" : "94,57", "psnt" : "5,43", "psi" : "94,57", "psni" : "0,00", "psa" : "100,00", "psna" : "0,00", "e" : "2646924", "ea" : "2494068", "ena" : "0", "esi" : "2494068", "esni" : "0", "c" : "1996799", "a" : "497269", "pea" : "100,00", "pena" : "0,00", "pesi" : "94,23", "pesni" : "0,00", "pa" : "19,94", "pc" : "80,06", "munnr" : "0", "munpt" : "40", "munf" : "22", "pmunnr" : "00,00", "pmunpt" : "64,52", "pmunf" : "35,48" }, 
{ "and" : "P", "tpabr" : "UF", "cdabr" : "PE", "dt" : "02/10/2022", "ht" : "20:50:58", "s" : "20572", "st" : "18563", "snt" : "2009", "si" : "18563", "sni" : "0", "sa" : "18563", "sna" : "0", "pst" : "90,23", "psnt" : "9,77", "psi" : "90,23", "psni" : "0,00", "psa" : "100,00", "psna" : "0,00", "e" : "7015421", "ea" : "6317366", "ena" : "0", "esi" : "6317366", "esni" : "0", "c" : "5183412", "a" : "1133954", "pea" : "100,00", "pena" : "0,00", "pesi" : "90,05", "pesni" : "0,00", "pa" : "17,95", "pc" : "82,05", "munnr" : "12", "munpt" : "90", "munf" : "83", "pmunnr" : "6,49", "pmunpt" : "48,65", "pmunf" : "44,86" }, 
{ "and" : "P", "tpabr" : "UF", "cdabr" : "RN", "dt" : "02/10/2022", "ht" : "20:51:05", "s" : "7674", "st" : "7421", "snt" : "253", "si" : "7421", "sni" : "0", "sa" : "7421", "sna" : "0", "pst" : "96,70", "psnt" : "3,30", "psi" : "96,70", "psni" : "0,00", "psa" : "100,00", "psna" : "0,00", "e" : "2554716", "ea" : "2467129", "ena" : "0", "esi" : "2467129", "esni" : "0", "c" : "2019497", "a" : "447632", "pea" : "100,00", "pena" : "0,00", "pesi" : "96,57", "pesni" : "0,00", "pa" : "18,14", "pc" : "81,86", "munnr" : "0", "munpt" : "38", "munf" : "129", "pmunnr" : "00,00", "pmunpt" : "22,75", "pmunf" : "77,25" }, 
{ "and" : "P", "tpabr" : "UF", "cdabr" : "MG", "dt" : "02/10/2022", "ht" : "20:50:48", "s" : "49981", "st" : "46579", "snt" : "3402", "si" : "46579", "sni" : "0", "sa" : "46579", "sna" : "0", "pst" : "93,19", "psnt" : "6,81", "psi" : "93,19", "psni" : "0,00", "psa" : "100,00", "psna" : "0,00", "e" : "16283828", "ea" : "15130176", "ena" : "0", "esi" : "15130176", "esni" : "0", "c" : "11771613", "a" : "3358563", "pea" : "100,00", "pena" : "0,00", "pesi" : "92,92", "pesni" : "0,00", "pa" : "22,20", "pc" : "77,80", "munnr" : "65", "munpt" : "122", "munf" : "666", "pmunnr" : "7,62", "pmunpt" : "14,30", "pmunf" : "78,08" }, 
{ "and" : "P", "tpabr" : "UF", "cdabr" : "RO", "dt" : "02/10/2022", "ht" : "20:47:06", "s" : "4198", "st" : "4145", "snt" : "53", "si" : "4145", "sni" : "0", "sa" : "4145", "sna" : "0", "pst" : "98,74", "psnt" : "1,26", "psi" : "98,74", "psni" : "0,00", "psa" : "100,00", "psna" : "0,00", "e" : "1229998", "ea" : "1211311", "ena" : "0", "esi" : "1211311", "esni" : "0", "c" : "913291", "a" : "298020", "pea" : "100,00", "pena" : "0,00", "pesi" : "98,48", "pesni" : "0,00", "pa" : "24,60", "pc" : "75,40", "munnr" : "0", "munpt" : "11", "munf" : "41", "pmunnr" : "00,00", "pmunpt" : "21,15", "pmunf" : "78,85" }, 
{ "and" : "P", "tpabr" : "UF", "cdabr" : "CE", "dt" : "02/10/2022", "ht" : "20:50:46", "s" : "22796", "st" : "20416", "snt" : "2380", "si" : "20416", "sni" : "0", "sa" : "20416", "sna" : "0", "pst" : "89,56", "psnt" : "10,44", "psi" : "89,56", "psni" : "0,00", "psa" : "100,00", "psna" : "0,00", "e" : "6818732", "ea" : "6135586", "ena" : "0", "esi" : "6135586", "esni" : "0", "c" : "5063551", "a" : "1072035", "pea" : "100,00", "pena" : "0,00", "pesi" : "89,98", "pesni" : "0,00", "pa" : "17,47", "pc" : "82,53", "munnr" : "9", "munpt" : "101", "munf" : "74", "pmunnr" : "4,89", "pmunpt" : "54,89", "pmunf" : "40,22" }, 
{ "and" : "P", "tpabr" : "UF", "cdabr" : "GO", "dt" : "02/10/2022", "ht" : "20:50:45", "s" : "14620", "st" : "14413", "snt" : "207", "si" : "14413", "sni" : "0", "sa" : "14413", "sna" : "0", "pst" : "98,58", "psnt" : "1,42", "psi" : "98,58", "psni" : "0,00", "psa" : "100,00", "psna" : "0,00", "e" : "4870292", "ea" : "4801006", "ena" : "0", "esi" : "4801006", "esni" : "0", "c" : "3759876", "a" : "1041130", "pea" : "100,00", "pena" : "0,00", "pesi" : "98,58", "pesni" : "0,00", "pa" : "21,69", "pc" : "78,31", "munnr" : "5", "munpt" : "24", "munf" : "217", "pmunnr" : "2,03", "pmunpt" : "9,76", "pmunf" : "88,21" }, 
{ "and" : "P", "tpabr" : "UF", "cdabr" : "MS", "dt" : "02/10/2022", "ht" : "20:50:45", "s" : "6912", "st" : "6909", "snt" : "3", "si" : "6909", "sni" : "0", "sa" : "6909", "sna" : "0", "pst" : "99,96", "psnt" : "0,04", "psi" : "99,96", "psni" : "0,00", "psa" : "100,00", "psna" : "0,00", "e" : "1995932", "ea" : "1995297", "ena" : "0", "esi" : "1995297", "esni" : "0", "c" : "1554593", "a" : "440704", "pea" : "100,00", "pena" : "0,00", "pesi" : "99,97", "pesni" : "0,00", "pa" : "22,09", "pc" : "77,91", "munnr" : "0", "munpt" : "2", "munf" : "77", "pmunnr" : "00,00", "pmunpt" : "2,53", "pmunf" : "97,47" }, 
{ "and" : "P", "tpabr" : "UF", "cdabr" : "MT", "dt" : "02/10/2022", "ht" : "20:50:45", "s" : "7652", "st" : "7543", "snt" : "109", "si" : "7543", "sni" : "0", "sa" : "7543", "sna" : "0", "pst" : "98,58", "psnt" : "1,42", "psi" : "98,58", "psni" : "0,00", "psa" : "100,00", "psna" : "0,00", "e" : "2469604", "ea" : "2433991", "ena" : "0", "esi" : "2433991", "esni" : "0", "c" : "1865676", "a" : "568315", "pea" : "100,00", "pena" : "0,00", "pesi" : "98,56", "pesni" : "0,00", "pa" : "23,35", "pc" : "76,65", "munnr" : "1", "munpt" : "16", "munf" : "124", "pmunnr" : "0,71", "pmunpt" : "11,35", "pmunf" : "87,94" }, 
{ "and" : "P", "tpabr" : "UF", "cdabr" : "SE", "dt" : "02/10/2022", "ht" : "20:48:16", "s" : "5498", "st" : "5409", "snt" : "89", "si" : "5409", "sni" : "0", "sa" : "5409", "sna" : "0", "pst" : "98,38", "psnt" : "1,62", "psi" : "98,38", "psni" : "0,00", "psa" : "100,00", "psna" : "0,00", "e" : "1671376", "ea" : "1639990", "ena" : "0", "esi" : "1639990", "esni" : "0", "c" : "1339039", "a" : "300951", "pea" : "100,00", "pena" : "0,00", "pesi" : "98,12", "pesni" : "0,00", "pa" : "18,35", "pc" : "81,65", "munnr" : "0", "munpt" : "13", "munf" : "62", "pmunnr" : "00,00", "pmunpt" : "17,33", "pmunf" : "82,67" }, 
{ "and" : "F", "tpabr" : "UF", "cdabr" : "DF", "dt" : "02/10/2022", "ht" : "20:36:59", "s" : "6748", "st" : "6748", "snt" : "0", "si" : "6748", "sni" : "0", "sa" : "6748", "sna" : "0", "pst" : "100,00", "psnt" : "0,00", "psi" : "100,00", "psni" : "0,00", "psa" : "100,00", "psna" : "0,00", "e" : "2206996", "ea" : "2206996", "ena" : "0", "esi" : "2206996", "esni" : "0", "c" : "1819900", "a" : "387096", "pea" : "100,00", "pena" : "0,00", "pesi" : "100,00", "pesni" : "0,00", "pa" : "17,54", "pc" : "82,46", "munnr" : "0", "munpt" : "0", "munf" : "1", "pmunnr" : "00,00", "pmunpt" : "00,00", "pmunf" : "100,00" }, 
{ "and" : "F", "tpabr" : "UF", "cdabr" : "ES", "dt" : "02/10/2022", "ht" : "20:41:59", "s" : "9239", "st" : "9239", "snt" : "0", "si" : "9239", "sni" : "0", "sa" : "9239", "sna" : "0", "pst" : "100,00", "psnt" : "0,00", "psi" : "100,00", "psni" : "0,00", "psa" : "100,00", "psna" : "0,00", "e" : "2922379", "ea" : "2922379", "ena" : "0", "esi" : "2922379", "esni" : "0", "c" : "2315889", "a" : "606490", "pea" : "100,00", "pena" : "0,00", "pesi" : "100,00", "pesni" : "0,00", "pa" : "20,75", "pc" : "79,25", "munnr" : "0", "munpt" : "0", "munf" : "78", "pmunnr" : "00,00", "pmunpt" : "00,00", "pmunf" : "100,00" }, 
{ "and" : "P", "tpabr" : "UF", "cdabr" : "MA", "dt" : "02/10/2022", "ht" : "20:51:07", "s" : "16423", "st" : "11807", "snt" : "4616", "si" : "11807", "sni" : "0", "sa" : "11807", "sna" : "0", "pst" : "71,89", "psnt" : "28,11", "psi" : "71,89", "psni" : "0,00", "psa" : "100,00", "psna" : "0,00", "e" : "5039287", "ea" : "3636090", "ena" : "0", "esi" : "3636090", "esni" : "0", "c" : "2850468", "a" : "785622", "pea" : "100,00", "pena" : "0,00", "pesi" : "72,15", "pesni" : "0,00", "pa" : "21,61", "pc" : "78,39", "munnr" : "35", "munpt" : "144", "munf" : "38", "pmunnr" : "16,13", "pmunpt" : "66,36", "pmunf" : "17,51" }, 
{ "and" : "P", "tpabr" : "UF", "cdabr" : "PA", "dt" : "02/10/2022", "ht" : "20:51:17", "s" : "18235", "st" : "16921", "snt" : "1314", "si" : "16921", "sni" : "0", "sa" : "16921", "sna" : "0", "pst" : "92,79", "psnt" : "7,21", "psi" : "92,79", "psni" : "0,00", "psa" : "100,00", "psna" : "0,00", "e" : "6079280", "ea" : "5632324", "ena" : "0", "esi" : "5632324", "esni" : "0", "c" : "4435027", "a" : "1197297", "pea" : "100,00", "pena" : "0,00", "pesi" : "92,65", "pesni" : "0,00", "pa" : "21,26", "pc" : "78,74", "munnr" : "0", "munpt" : "109", "munf" : "35", "pmunnr" : "00,00", "pmunpt" : "75,69", "pmunf" : "24,31" }, 
{ "and" : "P", "tpabr" : "UF", "cdabr" : "PI", "dt" : "02/10/2022", "ht" : "20:51:06", "s" : "8963", "st" : "8106", "snt" : "857", "si" : "8106", "sni" : "0", "sa" : "8106", "sna" : "0", "pst" : "90,44", "psnt" : "9,56", "psi" : "90,44", "psni" : "0,00", "psa" : "100,00", "psna" : "0,00", "e" : "2570433", "ea" : "2316200", "ena" : "0", "esi" : "2316200", "esni" : "0", "c" : "1905885", "a" : "410315", "pea" : "100,00", "pena" : "0,00", "pesi" : "90,11", "pesni" : "0,00", "pa" : "17,72", "pc" : "82,28", "munnr" : "8", "munpt" : "123", "munf" : "93", "pmunnr" : "3,57", "pmunpt" : "54,91", "pmunf" : "41,52" }, 
{ "and" : "P", "tpabr" : "UF", "cdabr" : "RS", "dt" : "02/10/2022", "ht" : "20:50:53", "s" : "27201", "st" : "26779", "snt" : "422", "si" : "26779", "sni" : "0", "sa" : "26779", "sna" : "0", "pst" : "98,45", "psnt" : "1,55", "psi" : "98,45", "psni" : "0,00", "psa" : "100,00", "psna" : "0,00", "e" : "8589432", "ea" : "8445254", "ena" : "0", "esi" : "8445254", "esni" : "0", "c" : "6774902", "a" : "1670352", "pea" : "100,00", "pena" : "0,00", "pesi" : "98,32", "pesni" : "0,00", "pa" : "19,78", "pc" : "80,22", "munnr" : "5", "munpt" : "23", "munf" : "469", "pmunnr" : "1,01", "pmunpt" : "4,63", "pmunf" : "94,37" }, 
{ "and" : "P", "tpabr" : "UF", "cdabr" : "AC", "dt" : "02/10/2022", "ht" : "20:50:44", "s" : "2124", "st" : "2080", "snt" : "44", "si" : "2080", "sni" : "0", "sa" : "2080", "sna" : "0", "pst" : "97,93", "psnt" : "2,07", "psi" : "97,93", "psni" : "0,00", "psa" : "100,00", "psna" : "0,00", "e" : "587738", "ea" : "575622", "ena" : "0", "esi" : "575622", "esni" : "0", "c" : "446938", "a" : "128684", "pea" : "100,00", "pena" : "0,00", "pesi" : "97,94", "pesni" : "0,00", "pa" : "22,36", "pc" : "77,64", "munnr" : "0", "munpt" : "7", "munf" : "15", "pmunnr" : "00,00", "pmunpt" : "31,82", "pmunf" : "68,18" }, 
{ "and" : "P", "tpabr" : "UF", "cdabr" : "PR", "dt" : "02/10/2022", "ht" : "20:50:46", "s" : "25721", "st" : "25547", "snt" : "174", "si" : "25547", "sni" : "0", "sa" : "25547", "sna" : "0", "pst" : "99,32", "psnt" : "0,68", "psi" : "99,32", "psni" : "0,00", "psa" : "100,00", "psna" : "0,00", "e" : "8480435", "ea" : "8421433", "ena" : "0", "esi" : "8421433", "esni" : "0", "c" : "6782835", "a" : "1638598", "pea" : "100,00", "pena" : "0,00", "pesi" : "99,30", "pesni" : "0,00", "pa" : "19,46", "pc" : "80,54", "munnr" : "2", "munpt" : "34", "munf" : "363", "pmunnr" : "0,50", "pmunpt" : "8,52", "pmunf" : "90,98" }, 
{ "and" : "P", "tpabr" : "UF", "cdabr" : "SC", "dt" : "02/10/2022", "ht" : "20:51:06", "s" : "16242", "st" : "15995", "snt" : "247", "si" : "15995", "sni" : "0", "sa" : "15995", "sna" : "0", "pst" : "98,48", "psnt" : "1,52", "psi" : "98,48", "psni" : "0,00", "psa" : "100,00", "psna" : "0,00", "e" : "5501478", "ea" : "5413358", "ena" : "0", "esi" : "5413358", "esni" : "0", "c" : "4415625", "a" : "997733", "pea" : "100,00", "pena" : "0,00", "pesi" : "98,40", "pesni" : "0,00", "pa" : "18,43", "pc" : "81,57", "munnr" : "2", "munpt" : "24", "munf" : "269", "pmunnr" : "0,68", "pmunpt" : "8,14", "pmunf" : "91,19" }, 
{ "and" : "P", "tpabr" : "UF", "cdabr" : "TO", "dt" : "02/10/2022", "ht" : "20:43:12", "s" : "3957", "st" : "3932", "snt" : "25", "si" : "3932", "sni" : "0", "sa" : "3932", "sna" : "0", "pst" : "99,37", "psnt" : "0,63", "psi" : "99,37", "psni" : "0,00", "psa" : "100,00", "psna" : "0,00", "e" : "1094346", "ea" : "1086828", "ena" : "0", "esi" : "1086828", "esni" : "0", "c" : "885406", "a" : "201422", "pea" : "100,00", "pena" : "0,00", "pesi" : "99,31", "pesni" : "0,00", "pa" : "18,53", "pc" : "81,47", "munnr" : "0", "munpt" : "8", "munf" : "131", "pmunnr" : "00,00", "pmunpt" : "5,76", "pmunf" : "94,24" }, 
{ "and" : "P", "tpabr" : "UF", "cdabr" : "AL", "dt" : "02/10/2022", "ht" : "20:50:44", "s" : "6626", "st" : "4517", "snt" : "2109", "si" : "4517", "sni" : "0", "sa" : "4517", "sna" : "0", "pst" : "68,17", "psnt" : "31,83", "psi" : "68,17", "psni" : "0,00", "psa" : "100,00", "psna" : "0,00", "e" : "2326491", "ea" : "1535053", "ena" : "0", "esi" : "1535053", "esni" : "0", "c" : "1197742", "a" : "337311", "pea" : "100,00", "pena" : "0,00", "pesi" : "65,98", "pesni" : "0,00", "pa" : "21,97", "pc" : "78,03", "munnr" : "24", "munpt" : "41", "munf" : "37", "pmunnr" : "23,53", "pmunpt" : "40,20", "pmunf" : "36,27" }, 
{ "and" : "P", "tpabr" : "UF", "cdabr" : "BA", "dt" : "02/10/2022", "ht" : "20:51:01", "s" : "34424", "st" : "29670", "snt" : "4754", "si" : "29670", "sni" : "0", "sa" : "29670", "sna" : "0", "pst" : "86,19", "psnt" : "13,81", "psi" : "86,19", "psni" : "0,00", "psa" : "100,00", "psna" : "0,00", "e" : "11283405", "ea" : "9697769", "ena" : "0", "esi" : "9697769", "esni" : "0", "c" : "7643512", "a" : "2054257", "pea" : "100,00", "pena" : "0,00", "pesi" : "85,95", "pesni" : "0,00", "pa" : "21,18", "pc" : "78,82", "munnr" : "19", "munpt" : "242", "munf" : "156", "pmunnr" : "4,56", "pmunpt" : "58,03", "pmunf" : "37,41" }, 
{ "and" : "P", "tpabr" : "UF", "cdabr" : "PB", "dt" : "02/10/2022", "ht" : "20:50:45", "s" : "9602", "st" : "9462", "snt" : "140", "si" : "9462", "sni" : "0", "sa" : "9462", "sna" : "0", "pst" : "98,54", "psnt" : "1,46", "psi" : "98,54", "psni" : "0,00", "psa" : "100,00", "psna" : "0,00", "e" : "3092053", "ea" : "3045814", "ena" : "0", "esi" : "3045814", "esni" : "0", "c" : "2519989", "a" : "525825", "pea" : "100,00", "pena" : "0,00", "pesi" : "98,50", "pesni" : "0,00", "pa" : "17,26", "pc" : "82,74", "munnr" : "1", "munpt" : "22", "munf" : "200", "pmunnr" : "0,45", "pmunpt" : "9,87", "pmunf" : "89,69" }, 
{ "and" : "P", "tpabr" : "UF", "cdabr" : "AP", "dt" : "02/10/2022", "ht" : "20:49:35", "s" : "1740", "st" : "1718", "snt" : "22", "si" : "1718", "sni" : "0", "sa" : "1718", "sna" : "0", "pst" : "98,74", "psnt" : "1,26", "psi" : "98,74", "psni" : "0,00", "psa" : "100,00", "psna" : "0,00", "e" : "550165", "ea" : "542432", "ena" : "0", "esi" : "542432", "esni" : "0", "c" : "436440", "a" : "105992", "pea" : "100,00", "pena" : "0,00", "pesi" : "98,59", "pesni" : "0,00", "pa" : "19,54", "pc" : "80,46", "munnr" : "0", "munpt" : "7", "munf" : "9", "pmunnr" : "00,00", "pmunpt" : "43,75", "pmunf" : "56,25" }, 
{ "and" : "P", "tpabr" : "UF", "cdabr" : "RJ", "dt" : "02/10/2022", "ht" : "20:50:46", "s" : "34068", "st" : "31794", "snt" : "2274", "si" : "31794", "sni" : "0", "sa" : "31794", "sna" : "0", "pst" : "93,33", "psnt" : "6,67", "psi" : "93,33", "psni" : "0,00", "psa" : "100,00", "psna" : "0,00", "e" : "12826356", "ea" : "11926384", "ena" : "0", "esi" : "11926384", "esni" : "0", "c" : "9218136", "a" : "2708248", "pea" : "100,00", "pena" : "0,00", "pesi" : "92,98", "pesni" : "0,00", "pa" : "22,71", "pc" : "77,29", "munnr" : "3", "munpt" : "45", "munf" : "44", "pmunnr" : "3,26", "pmunpt" : "48,91", "pmunf" : "47,83" }, 
{ "and" : "P", "tpabr" : "UF", "cdabr" : "RR", "dt" : "02/10/2022", "ht" : "20:46:57", "s" : "1268", "st" : "1263", "snt" : "5", "si" : "1263", "sni" : "0", "sa" : "1263", "sna" : "0", "pst" : "99,61", "psnt" : "0,39", "psi" : "99,61", "psni" : "0,00", "psa" : "100,00", "psna" : "0,00", "e" : "366632", "ea" : "365146", "ena" : "0", "esi" : "365146", "esni" : "0", "c" : "304149", "a" : "60997", "pea" : "100,00", "pena" : "0,00", "pesi" : "99,59", "pesni" : "0,00", "pa" : "16,70", "pc" : "83,30", "munnr" : "0", "munpt" : "3", "munf" : "12", "pmunnr" : "00,00", "pmunpt" : "20,00", "pmunf" : "80,00" }, 
{ "and" : "P", "tpabr" : "UF", "cdabr" : "ZZ", "dt" : "02/10/2022", "ht" : "20:45:26", "s" : "1064", "st" : "819", "snt" : "245", "si" : "773", "sni" : "46", "sa" : "773", "sna" : "0", "pst" : "76,97", "psnt" : "23,03", "psi" : "72,65", "psni" : "27,35", "psa" : "100,00", "psna" : "0,00", "e" : "695355", "ea" : "539271", "ena" : "0", "esi" : "539271", "esni" : "573", "c" : "238738", "a" : "300533", "pea" : "100,00", "pena" : "0,00", "pesi" : "77,55", "pesni" : "99,92", "pa" : "55,73", "pc" : "44,27", "munnr" : "40", "munpt" : "24", "munf" : "117", "pmunnr" : "22,10", "pmunpt" : "13,26", "pmunf" : "64,64" }, 
{ "and" : "P", "tpabr" : "UF", "cdabr" : "SP", "dt" : "02/10/2022", "ht" : "20:50:49", "s" : "101073", "st" : "98295", "snt" : "2778", "si" : "98295", "sni" : "0", "sa" : "98295", "sna" : "0", "pst" : "97,25", "psnt" : "2,75", "psi" : "97,25", "psni" : "0,00", "psa" : "100,00", "psna" : "0,00", "e" : "34684927", "ea" : "33687601", "ena" : "0", "esi" : "33687601", "esni" : "0", "c" : "26403435", "a" : "7284166", "pea" : "100,00", "pena" : "0,00", "pesi" : "97,12", "pesni" : "0,00", "pa" : "21,62", "pc" : "78,38", "munnr" : "13", "munpt" : "53", "munf" : "579", "pmunnr" : "2,02", "pmunpt" : "8,22", "pmunf" : "89,77" }, 
{ "and" : "P", "tpabr" : "BR", "cdabr" : "BR", "dt" : "02/10/2022", "ht" : "20:51:17", "s" : "472075", "st" : "443139", "snt" : "28936", "si" : "443093", "sni" : "46", "sa" : "443093", "sna" : "0", "pst" : "93,87", "psnt" : "6,13", "psi" : "93,86", "psni" : "6,14", "psa" : "100,00", "psna" : "0,00", "e" : "156454011", "ea" : "146621874", "ena" : "0", "esi" : "146621874", "esni" : "573", "c" : "116062363", "a" : "30559511", "pea" : "100,00", "pena" : "0,00", "pesi" : "93,71", "pesni" : "100,00", "pa" : "20,85", "pc" : "79,15", "ufsnr" : "0", "ufspt" : "26", "ufsf" : "2", "pufsnr" : "00,00", "pufspt" : "92,86", "pufsf" : "7,14" } ] }