
{ "ele" : "544", "t" : "1", "f" : "O", "dg" : "02/10/2022", "hg" : "19:31:29", "abr" : [ 
{ "and" : "P", "tpabr" : "UF", "cdabr" : "AM", "dt" : "02/10/2022", "ht" : "19:30:54", "s" : "7454", "st" : "4476", "snt" : "2978", "si" : "4476", "sni" : "0", "sa" : "4476", "sna" : "0", "pst" : "60,05", "psnt" : "39,95", "psi" : "60,05", "psni" : "0,00", "psa" : "100,00", "psna" : "0,00", "e" : "2646924", "ea" : "1566479", "ena" : "0", "esi" : "1566479", "esni" : "0", "c" : "1285020", "a" : "281459", "pea" : "100,00", "pena" : "0,00", "pesi" : "59,18", "pesni" : "0,00", "pa" : "17,97", "pc" : "82,03", "munnr" : "4", "munpt" : "57", "munf" : "1", "pmunnr" : "6,45", "pmunpt" : "91,94", "pmunf" : "1,61" }, 
{ "and" : "P", "tpabr" : "UF", "cdabr" : "PE", "dt" : "02/10/2022", "ht" : "19:30:42", "s" : "20572", "st" : "5495", "snt" : "15077", "si" : "5495", "sni" : "0", "sa" : "5495", "sna" : "0", "pst" : "26,71", "psnt" : "73,29", "psi" : "26,71", "psni" : "0,00", "psa" : "100,00", "psna" : "0,00", "e" : "7015421", "ea" : "1728622", "ena" : "0", "esi" : "1728622", "esni" : "0", "c" : "1418322", "a" : "310300", "pea" : "100,00", "pena" : "0,00", "pesi" : "24,64", "pesni" : "0,00", "pa" : "17,95", "pc" : "82,05", "munnr" : "70", "munpt" : "115", "munf" : "0", "pmunnr" : "37,84", "pmunpt" : "62,16", "pmunf" : "00,00" }, 
{ "and" : "P", "tpabr" : "UF", "cdabr" : "RN", "dt" : "02/10/2022", "ht" : "19:30:58", "s" : "7674", "st" : "3772", "snt" : "3902", "si" : "3772", "sni" : "0", "sa" : "3772", "sna" : "0", "pst" : "49,15", "psnt" : "50,85", "psi" : "49,15", "psni" : "0,00", "psa" : "100,00", "psna" : "0,00", "e" : "2554716", "ea" : "1175094", "ena" : "0", "esi" : "1175094", "esni" : "0", "c" : "966278", "a" : "208816", "pea" : "100,00", "pena" : "0,00", "pesi" : "46,00", "pesni" : "0,00", "pa" : "17,77", "pc" : "82,23", "munnr" : "16", "munpt" : "122", "munf" : "29", "pmunnr" : "9,58", "pmunpt" : "73,05", "pmunf" : "17,37" }, 
{ "and" : "P", "tpabr" : "UF", "cdabr" : "MG", "dt" : "02/10/2022", "ht" : "19:30:50", "s" : "49981", "st" : "19341", "snt" : "30640", "si" : "19341", "sni" : "0", "sa" : "19341", "sna" : "0", "pst" : "38,70", "psnt" : "61,30", "psi" : "38,70", "psni" : "0,00", "psa" : "100,00", "psna" : "0,00", "e" : "16283828", "ea" : "6008732", "ena" : "0", "esi" : "6008732", "esni" : "0", "c" : "4664593", "a" : "1344139", "pea" : "100,00", "pena" : "0,00", "pesi" : "36,90", "pesni" : "0,00", "pa" : "22,37", "pc" : "77,63", "munnr" : "418", "munpt" : "345", "munf" : "90", "pmunnr" : "49,00", "pmunpt" : "40,45", "pmunf" : "10,55" }, 
{ "and" : "P", "tpabr" : "UF", "cdabr" : "RO", "dt" : "02/10/2022", "ht" : "19:31:19", "s" : "4198", "st" : "2716", "snt" : "1482", "si" : "2716", "sni" : "0", "sa" : "2716", "sna" : "0", "pst" : "64,70", "psnt" : "35,30", "psi" : "64,70", "psni" : "0,00", "psa" : "100,00", "psna" : "0,00", "e" : "1229998", "ea" : "776805", "ena" : "0", "esi" : "776805", "esni" : "0", "c" : "594463", "a" : "182342", "pea" : "100,00", "pena" : "0,00", "pesi" : "63,15", "pesni" : "0,00", "pa" : "23,47", "pc" : "76,53", "munnr" : "9", "munpt" : "36", "munf" : "7", "pmunnr" : "17,31", "pmunpt" : "69,23", "pmunf" : "13,46" }, 
{ "and" : "P", "tpabr" : "UF", "cdabr" : "CE", "dt" : "02/10/2022", "ht" : "19:30:39", "s" : "22796", "st" : "7294", "snt" : "15502", "si" : "7294", "sni" : "0", "sa" : "7294", "sna" : "0", "pst" : "32,00", "psnt" : "68,00", "psi" : "32,00", "psni" : "0,00", "psa" : "100,00", "psna" : "0,00", "e" : "6818732", "ea" : "2142776", "ena" : "0", "esi" : "2142776", "esni" : "0", "c" : "1752539", "a" : "390237", "pea" : "100,00", "pena" : "0,00", "pesi" : "31,42", "pesni" : "0,00", "pa" : "18,21", "pc" : "81,79", "munnr" : "42", "munpt" : "142", "munf" : "0", "pmunnr" : "22,83", "pmunpt" : "77,17", "pmunf" : "00,00" }, 
{ "and" : "P", "tpabr" : "UF", "cdabr" : "GO", "dt" : "02/10/2022", "ht" : "19:31:16", "s" : "14620", "st" : "9683", "snt" : "4937", "si" : "9683", "sni" : "0", "sa" : "9683", "sna" : "0", "pst" : "66,23", "psnt" : "33,77", "psi" : "66,23", "psni" : "0,00", "psa" : "100,00", "psna" : "0,00", "e" : "4870292", "ea" : "3186582", "ena" : "0", "esi" : "3186582", "esni" : "0", "c" : "2500796", "a" : "685786", "pea" : "100,00", "pena" : "0,00", "pesi" : "65,43", "pesni" : "0,00", "pa" : "21,52", "pc" : "78,48", "munnr" : "98", "munpt" : "120", "munf" : "28", "pmunnr" : "39,84", "pmunpt" : "48,78", "pmunf" : "11,38" }, 
{ "and" : "P", "tpabr" : "UF", "cdabr" : "MS", "dt" : "02/10/2022", "ht" : "19:30:12", "s" : "6912", "st" : "6421", "snt" : "491", "si" : "6421", "sni" : "0", "sa" : "6421", "sna" : "0", "pst" : "92,90", "psnt" : "7,10", "psi" : "92,90", "psni" : "0,00", "psa" : "100,00", "psna" : "0,00", "e" : "1995932", "ea" : "1846828", "ena" : "0", "esi" : "1846828", "esni" : "0", "c" : "1442104", "a" : "404724", "pea" : "100,00", "pena" : "0,00", "pesi" : "92,53", "pesni" : "0,00", "pa" : "21,91", "pc" : "78,09", "munnr" : "2", "munpt" : "43", "munf" : "34", "pmunnr" : "2,53", "pmunpt" : "54,43", "pmunf" : "43,04" }, 
{ "and" : "P", "tpabr" : "UF", "cdabr" : "MT", "dt" : "02/10/2022", "ht" : "19:30:08", "s" : "7652", "st" : "4991", "snt" : "2661", "si" : "4991", "sni" : "0", "sa" : "4991", "sna" : "0", "pst" : "65,22", "psnt" : "34,78", "psi" : "65,22", "psni" : "0,00", "psa" : "100,00", "psna" : "0,00", "e" : "2469604", "ea" : "1568697", "ena" : "0", "esi" : "1568697", "esni" : "0", "c" : "1213317", "a" : "355380", "pea" : "100,00", "pena" : "0,00", "pesi" : "63,52", "pesni" : "0,00", "pa" : "22,65", "pc" : "77,35", "munnr" : "20", "munpt" : "87", "munf" : "34", "pmunnr" : "14,18", "pmunpt" : "61,70", "pmunf" : "24,11" }, 
{ "and" : "P", "tpabr" : "UF", "cdabr" : "SE", "dt" : "02/10/2022", "ht" : "19:30:12", "s" : "5498", "st" : "3349", "snt" : "2149", "si" : "3349", "sni" : "0", "sa" : "3349", "sna" : "0", "pst" : "60,91", "psnt" : "39,09", "psi" : "60,91", "psni" : "0,00", "psa" : "100,00", "psna" : "0,00", "e" : "1671376", "ea" : "991142", "ena" : "0", "esi" : "991142", "esni" : "0", "c" : "814323", "a" : "176819", "pea" : "100,00", "pena" : "0,00", "pesi" : "59,30", "pesni" : "0,00", "pa" : "17,84", "pc" : "82,16", "munnr" : "8", "munpt" : "63", "munf" : "4", "pmunnr" : "10,67", "pmunpt" : "84,00", "pmunf" : "5,33" }, 
{ "and" : "P", "tpabr" : "UF", "cdabr" : "DF", "dt" : "02/10/2022", "ht" : "19:30:43", "s" : "6748", "st" : "6468", "snt" : "280", "si" : "6468", "sni" : "0", "sa" : "6468", "sna" : "0", "pst" : "95,85", "psnt" : "4,15", "psi" : "95,85", "psni" : "0,00", "psa" : "100,00", "psna" : "0,00", "e" : "2206996", "ea" : "2108052", "ena" : "0", "esi" : "2108052", "esni" : "0", "c" : "1739899", "a" : "368153", "pea" : "100,00", "pena" : "0,00", "pesi" : "95,52", "pesni" : "0,00", "pa" : "17,46", "pc" : "82,54", "munnr" : "0", "munpt" : "1", "munf" : "0", "pmunnr" : "00,00", "pmunpt" : "100,00", "pmunf" : "00,00" }, 
{ "and" : "P", "tpabr" : "UF", "cdabr" : "ES", "dt" : "02/10/2022", "ht" : "19:29:07", "s" : "9239", "st" : "8671", "snt" : "568", "si" : "8671", "sni" : "0", "sa" : "8671", "sna" : "0", "pst" : "93,85", "psnt" : "6,15", "psi" : "93,85", "psni" : "0,00", "psa" : "100,00", "psna" : "0,00", "e" : "2922379", "ea" : "2729231", "ena" : "0", "esi" : "2729231", "esni" : "0", "c" : "2165923", "a" : "563308", "pea" : "100,00", "pena" : "0,00", "pesi" : "93,39", "pesni" : "0,00", "pa" : "20,64", "pc" : "79,36", "munnr" : "0", "munpt" : "28", "munf" : "50", "pmunnr" : "00,00", "pmunpt" : "35,90", "pmunf" : "64,10" }, 
{ "and" : "P", "tpabr" : "UF", "cdabr" : "MA", "dt" : "02/10/2022", "ht" : "19:30:19", "s" : "16423", "st" : "3589", "snt" : "12834", "si" : "3589", "sni" : "0", "sa" : "3589", "sna" : "0", "pst" : "21,85", "psnt" : "78,15", "psi" : "21,85", "psni" : "0,00", "psa" : "100,00", "psna" : "0,00", "e" : "5039287", "ea" : "1059916", "ena" : "0", "esi" : "1059916", "esni" : "0", "c" : "841645", "a" : "218271", "pea" : "100,00", "pena" : "0,00", "pesi" : "21,03", "pesni" : "0,00", "pa" : "20,59", "pc" : "79,41", "munnr" : "93", "munpt" : "124", "munf" : "0", "pmunnr" : "42,86", "pmunpt" : "57,14", "pmunf" : "00,00" }, 
{ "and" : "P", "tpabr" : "UF", "cdabr" : "PA", "dt" : "02/10/2022", "ht" : "19:28:58", "s" : "18235", "st" : "8008", "snt" : "10227", "si" : "8008", "sni" : "0", "sa" : "8008", "sna" : "0", "pst" : "43,92", "psnt" : "56,08", "psi" : "43,92", "psni" : "0,00", "psa" : "100,00", "psna" : "0,00", "e" : "6079280", "ea" : "2573814", "ena" : "0", "esi" : "2573814", "esni" : "0", "c" : "2040283", "a" : "533531", "pea" : "100,00", "pena" : "0,00", "pesi" : "42,34", "pesni" : "0,00", "pa" : "20,73", "pc" : "79,27", "munnr" : "4", "munpt" : "138", "munf" : "2", "pmunnr" : "2,78", "pmunpt" : "95,83", "pmunf" : "1,39" }, 
{ "and" : "P", "tpabr" : "UF", "cdabr" : "PI", "dt" : "02/10/2022", "ht" : "19:31:16", "s" : "8963", "st" : "4549", "snt" : "4414", "si" : "4549", "sni" : "0", "sa" : "4549", "sna" : "0", "pst" : "50,75", "psnt" : "49,25", "psi" : "50,75", "psni" : "0,00", "psa" : "100,00", "psna" : "0,00", "e" : "2570433", "ea" : "1263329", "ena" : "0", "esi" : "1263329", "esni" : "0", "c" : "1039131", "a" : "224198", "pea" : "100,00", "pena" : "0,00", "pesi" : "49,15", "pesni" : "0,00", "pa" : "17,75", "pc" : "82,25", "munnr" : "39", "munpt" : "181", "munf" : "4", "pmunnr" : "17,41", "pmunpt" : "80,80", "pmunf" : "1,79" }, 
{ "and" : "P", "tpabr" : "UF", "cdabr" : "RS", "dt" : "02/10/2022", "ht" : "19:30:07", "s" : "27201", "st" : "18709", "snt" : "8492", "si" : "18709", "sni" : "0", "sa" : "18709", "sna" : "0", "pst" : "68,78", "psnt" : "31,22", "psi" : "68,78", "psni" : "0,00", "psa" : "100,00", "psna" : "0,00", "e" : "8589432", "ea" : "5926518", "ena" : "0", "esi" : "5926518", "esni" : "0", "c" : "4746525", "a" : "1179993", "pea" : "100,00", "pena" : "0,00", "pesi" : "69,00", "pesni" : "0,00", "pa" : "19,91", "pc" : "80,09", "munnr" : "175", "munpt" : "203", "munf" : "119", "pmunnr" : "35,21", "pmunpt" : "40,85", "pmunf" : "23,94" }, 
{ "and" : "P", "tpabr" : "UF", "cdabr" : "AC", "dt" : "02/10/2022", "ht" : "19:31:01", "s" : "2124", "st" : "1700", "snt" : "424", "si" : "1700", "sni" : "0", "sa" : "1700", "sna" : "0", "pst" : "80,04", "psnt" : "19,96", "psi" : "80,04", "psni" : "0,00", "psa" : "100,00", "psna" : "0,00", "e" : "587738", "ea" : "472170", "ena" : "0", "esi" : "472170", "esni" : "0", "c" : "365819", "a" : "106351", "pea" : "100,00", "pena" : "0,00", "pesi" : "80,34", "pesni" : "0,00", "pa" : "22,52", "pc" : "77,48", "munnr" : "0", "munpt" : "22", "munf" : "0", "pmunnr" : "00,00", "pmunpt" : "100,00", "pmunf" : "00,00" }, 
{ "and" : "P", "tpabr" : "UF", "cdabr" : "PR", "dt" : "02/10/2022", "ht" : "19:31:13", "s" : "25721", "st" : "20582", "snt" : "5139", "si" : "20582", "sni" : "0", "sa" : "20582", "sna" : "0", "pst" : "80,02", "psnt" : "19,98", "psi" : "80,02", "psni" : "0,00", "psa" : "100,00", "psna" : "0,00", "e" : "8480435", "ea" : "6731793", "ena" : "0", "esi" : "6731793", "esni" : "0", "c" : "5426429", "a" : "1305364", "pea" : "100,00", "pena" : "0,00", "pesi" : "79,38", "pesni" : "0,00", "pa" : "19,39", "pc" : "80,61", "munnr" : "54", "munpt" : "220", "munf" : "125", "pmunnr" : "13,53", "pmunpt" : "55,14", "pmunf" : "31,33" }, 
{ "and" : "P", "tpabr" : "UF", "cdabr" : "SC", "dt" : "02/10/2022", "ht" : "19:27:59", "s" : "16242", "st" : "5296", "snt" : "10946", "si" : "5296", "sni" : "0", "sa" : "5296", "sna" : "0", "pst" : "32,61", "psnt" : "67,39", "psi" : "32,61", "psni" : "0,00", "psa" : "100,00", "psna" : "0,00", "e" : "5501478", "ea" : "1724929", "ena" : "0", "esi" : "1724929", "esni" : "0", "c" : "1420482", "a" : "304447", "pea" : "100,00", "pena" : "0,00", "pesi" : "31,35", "pesni" : "0,00", "pa" : "17,65", "pc" : "82,35", "munnr" : "110", "munpt" : "157", "munf" : "28", "pmunnr" : "37,29", "pmunpt" : "53,22", "pmunf" : "9,49" }, 
{ "and" : "P", "tpabr" : "UF", "cdabr" : "TO", "dt" : "02/10/2022", "ht" : "19:29:00", "s" : "3957", "st" : "3283", "snt" : "674", "si" : "3283", "sni" : "0", "sa" : "3283", "sna" : "0", "pst" : "82,97", "psnt" : "17,03", "psi" : "82,97", "psni" : "0,00", "psa" : "100,00", "psna" : "0,00", "e" : "1094346", "ea" : "895135", "ena" : "0", "esi" : "895135", "esni" : "0", "c" : "729267", "a" : "165868", "pea" : "100,00", "pena" : "0,00", "pesi" : "81,80", "pesni" : "0,00", "pa" : "18,53", "pc" : "81,47", "munnr" : "9", "munpt" : "71", "munf" : "59", "pmunnr" : "6,47", "pmunpt" : "51,08", "pmunf" : "42,45" }, 
{ "and" : "P", "tpabr" : "UF", "cdabr" : "AL", "dt" : "02/10/2022", "ht" : "19:30:17", "s" : "6626", "st" : "668", "snt" : "5958", "si" : "668", "sni" : "0", "sa" : "668", "sna" : "0", "pst" : "10,08", "psnt" : "89,92", "psi" : "10,08", "psni" : "0,00", "psa" : "100,00", "psna" : "0,00", "e" : "2326491", "ea" : "205609", "ena" : "0", "esi" : "205609", "esni" : "0", "c" : "160843", "a" : "44766", "pea" : "100,00", "pena" : "0,00", "pesi" : "8,84", "pesni" : "0,00", "pa" : "21,77", "pc" : "78,23", "munnr" : "72", "munpt" : "30", "munf" : "0", "pmunnr" : "70,59", "pmunpt" : "29,41", "pmunf" : "00,00" }, 
{ "and" : "P", "tpabr" : "UF", "cdabr" : "BA", "dt" : "02/10/2022", "ht" : "19:30:33", "s" : "34424", "st" : "10342", "snt" : "24082", "si" : "10342", "sni" : "0", "sa" : "10342", "sna" : "0", "pst" : "30,04", "psnt" : "69,96", "psi" : "30,04", "psni" : "0,00", "psa" : "100,00", "psna" : "0,00", "e" : "11283405", "ea" : "3189927", "ena" : "0", "esi" : "3189927", "esni" : "0", "c" : "2515942", "a" : "673985", "pea" : "100,00", "pena" : "0,00", "pesi" : "28,27", "pesni" : "0,00", "pa" : "21,13", "pc" : "78,87", "munnr" : "95", "munpt" : "313", "munf" : "9", "pmunnr" : "22,78", "pmunpt" : "75,06", "pmunf" : "2,16" }, 
{ "and" : "P", "tpabr" : "UF", "cdabr" : "PB", "dt" : "02/10/2022", "ht" : "19:30:58", "s" : "9602", "st" : "4836", "snt" : "4766", "si" : "4836", "sni" : "0", "sa" : "4836", "sna" : "0", "pst" : "50,36", "psnt" : "49,64", "psi" : "50,36", "psni" : "0,00", "psa" : "100,00", "psna" : "0,00", "e" : "3092053", "ea" : "1533114", "ena" : "0", "esi" : "1533114", "esni" : "0", "c" : "1277805", "a" : "255309", "pea" : "100,00", "pena" : "0,00", "pesi" : "49,58", "pesni" : "0,00", "pa" : "16,65", "pc" : "83,35", "munnr" : "75", "munpt" : "124", "munf" : "24", "pmunnr" : "33,63", "pmunpt" : "55,61", "pmunf" : "10,76" }, 
{ "and" : "P", "tpabr" : "UF", "cdabr" : "AP", "dt" : "02/10/2022", "ht" : "19:30:55", "s" : "1740", "st" : "1109", "snt" : "631", "si" : "1109", "sni" : "0", "sa" : "1109", "sna" : "0", "pst" : "63,74", "psnt" : "36,26", "psi" : "63,74", "psni" : "0,00", "psa" : "100,00", "psna" : "0,00", "e" : "550165", "ea" : "330005", "ena" : "0", "esi" : "330005", "esni" : "0", "c" : "264449", "a" : "65556", "pea" : "100,00", "pena" : "0,00", "pesi" : "59,98", "pesni" : "0,00", "pa" : "19,87", "pc" : "80,13", "munnr" : "1", "munpt" : "12", "munf" : "3", "pmunnr" : "6,25", "pmunpt" : "75,00", "pmunf" : "18,75" }, 
{ "and" : "P", "tpabr" : "UF", "cdabr" : "RJ", "dt" : "02/10/2022", "ht" : "19:30:22", "s" : "34068", "st" : "8068", "snt" : "26000", "si" : "8068", "sni" : "0", "sa" : "8068", "sna" : "0", "pst" : "23,68", "psnt" : "76,32", "psi" : "23,68", "psni" : "0,00", "psa" : "100,00", "psna" : "0,00", "e" : "12826356", "ea" : "2720712", "ena" : "0", "esi" : "2720712", "esni" : "0", "c" : "2099991", "a" : "620721", "pea" : "100,00", "pena" : "0,00", "pesi" : "21,21", "pesni" : "0,00", "pa" : "22,81", "pc" : "77,19", "munnr" : "15", "munpt" : "77", "munf" : "0", "pmunnr" : "16,30", "pmunpt" : "83,70", "pmunf" : "00,00" }, 
{ "and" : "P", "tpabr" : "UF", "cdabr" : "RR", "dt" : "02/10/2022", "ht" : "19:30:44", "s" : "1268", "st" : "869", "snt" : "399", "si" : "869", "sni" : "0", "sa" : "869", "sna" : "0", "pst" : "68,53", "psnt" : "31,47", "psi" : "68,53", "psni" : "0,00", "psa" : "100,00", "psna" : "0,00", "e" : "366632", "ea" : "245506", "ena" : "0", "esi" : "245506", "esni" : "0", "c" : "205172", "a" : "40334", "pea" : "100,00", "pena" : "0,00", "pesi" : "66,96", "pesni" : "0,00", "pa" : "16,43", "pc" : "83,57", "munnr" : "0", "munpt" : "14", "munf" : "1", "pmunnr" : "00,00", "pmunpt" : "93,33", "pmunf" : "6,67" }, 
{ "and" : "P", "tpabr" : "UF", "cdabr" : "ZZ", "dt" : "02/10/2022", "ht" : "19:23:09", "s" : "1064", "st" : "527", "snt" : "537", "si" : "527", "sni" : "0", "sa" : "527", "sna" : "0", "pst" : "49,53", "psnt" : "50,47", "psi" : "49,53", "psni" : "0,00", "psa" : "100,00", "psna" : "0,00", "e" : "695355", "ea" : "364930", "ena" : "0", "esi" : "364930", "esni" : "0", "c" : "165690", "a" : "199240", "pea" : "100,00", "pena" : "0,00", "pesi" : "52,48", "pesni" : "0,00", "pa" : "54,60", "pc" : "45,40", "munnr" : "104", "munpt" : "14", "munf" : "63", "pmunnr" : "57,46", "pmunpt" : "7,73", "pmunf" : "34,81" }, 
{ "and" : "P", "tpabr" : "UF", "cdabr" : "SP", "dt" : "02/10/2022", "ht" : "19:30:33", "s" : "101073", "st" : "45946", "snt" : "55127", "si" : "45946", "sni" : "0", "sa" : "45946", "sna" : "0", "pst" : "45,46", "psnt" : "54,54", "psi" : "45,46", "psni" : "0,00", "psa" : "100,00", "psna" : "0,00", "e" : "34684927", "ea" : "15241565", "ena" : "0", "esi" : "15241565", "esni" : "0", "c" : "11908848", "a" : "3332717", "pea" : "100,00", "pena" : "0,00", "pesi" : "43,94", "pesni" : "0,00", "pa" : "21,87", "pc" : "78,13", "munnr" : "216", "munpt" : "236", "munf" : "193", "pmunnr" : "33,49", "pmunpt" : "36,59", "pmunf" : "29,92" }, 
{ "and" : "P", "tpabr" : "BR", "cdabr" : "BR", "dt" : "02/10/2022", "ht" : "19:31:19", "s" : "472075", "st" : "220758", "snt" : "251317", "si" : "220758", "sni" : "0", "sa" : "220758", "sna" : "0", "pst" : "46,76", "psnt" : "53,24", "psi" : "46,76", "psni" : "0,00", "psa" : "100,00", "psna" : "0,00", "e" : "156454011", "ea" : "70308012", "ena" : "0", "esi" : "70308012", "esni" : "0", "c" : "55765898", "a" : "14542114", "pea" : "100,00", "pena" : "0,00", "pesi" : "44,93", "pesni" : "0,00", "pa" : "20,69", "pc" : "79,31", "ufsnr" : "0", "ufspt" : "28", "ufsf" : "0", "pufsnr" : "00,00", "pufspt" : "100,00", "pufsf" : "00,00" } ] }