
{ "ele" : "544", "t" : "1", "f" : "O", "dg" : "02/10/2022", "hg" : "19:54:52", "abr" : [ 
{ "and" : "P", "tpabr" : "UF", "cdabr" : "AM", "dt" : "02/10/2022", "ht" : "19:53:05", "s" : "7454", "st" : "5439", "snt" : "2015", "si" : "5439", "sni" : "0", "sa" : "5439", "sna" : "0", "pst" : "72,97", "psnt" : "27,03", "psi" : "72,97", "psni" : "0,00", "psa" : "100,00", "psna" : "0,00", "e" : "2646924", "ea" : "1906255", "ena" : "0", "esi" : "1906255", "esni" : "0", "c" : "1550137", "a" : "356118", "pea" : "100,00", "pena" : "0,00", "pesi" : "72,02", "pesni" : "0,00", "pa" : "18,68", "pc" : "81,32", "munnr" : "2", "munpt" : "57", "munf" : "3", "pmunnr" : "3,23", "pmunpt" : "91,94", "pmunf" : "4,84" }, 
{ "and" : "P", "tpabr" : "UF", "cdabr" : "PE", "dt" : "02/10/2022", "ht" : "19:53:36", "s" : "20572", "st" : "9215", "snt" : "11357", "si" : "9215", "sni" : "0", "sa" : "9215", "sna" : "0", "pst" : "44,79", "psnt" : "55,21", "psi" : "44,79", "psni" : "0,00", "psa" : "100,00", "psna" : "0,00", "e" : "7015421", "ea" : "3010708", "ena" : "0", "esi" : "3010708", "esni" : "0", "c" : "2477977", "a" : "532731", "pea" : "100,00", "pena" : "0,00", "pesi" : "42,92", "pesni" : "0,00", "pa" : "17,69", "pc" : "82,31", "munnr" : "53", "munpt" : "129", "munf" : "3", "pmunnr" : "28,65", "pmunpt" : "69,73", "pmunf" : "1,62" }, 
{ "and" : "P", "tpabr" : "UF", "cdabr" : "RN", "dt" : "02/10/2022", "ht" : "19:53:31", "s" : "7674", "st" : "4996", "snt" : "2678", "si" : "4996", "sni" : "0", "sa" : "4996", "sna" : "0", "pst" : "65,10", "psnt" : "34,90", "psi" : "65,10", "psni" : "0,00", "psa" : "100,00", "psna" : "0,00", "e" : "2554716", "ea" : "1593370", "ena" : "0", "esi" : "1593370", "esni" : "0", "c" : "1308402", "a" : "284968", "pea" : "100,00", "pena" : "0,00", "pesi" : "62,37", "pesni" : "0,00", "pa" : "17,88", "pc" : "82,12", "munnr" : "11", "munpt" : "104", "munf" : "52", "pmunnr" : "6,59", "pmunpt" : "62,28", "pmunf" : "31,14" }, 
{ "and" : "P", "tpabr" : "UF", "cdabr" : "MG", "dt" : "02/10/2022", "ht" : "19:53:01", "s" : "49981", "st" : "27606", "snt" : "22375", "si" : "27606", "sni" : "0", "sa" : "27606", "sna" : "0", "pst" : "55,23", "psnt" : "44,77", "psi" : "55,23", "psni" : "0,00", "psa" : "100,00", "psna" : "0,00", "e" : "16283828", "ea" : "8707325", "ena" : "0", "esi" : "8707325", "esni" : "0", "c" : "6776564", "a" : "1930761", "pea" : "100,00", "pena" : "0,00", "pesi" : "53,47", "pesni" : "0,00", "pa" : "22,17", "pc" : "77,83", "munnr" : "323", "munpt" : "324", "munf" : "206", "pmunnr" : "37,87", "pmunpt" : "37,98", "pmunf" : "24,15" }, 
{ "and" : "P", "tpabr" : "UF", "cdabr" : "RO", "dt" : "02/10/2022", "ht" : "19:53:01", "s" : "4198", "st" : "3403", "snt" : "795", "si" : "3403", "sni" : "0", "sa" : "3403", "sna" : "0", "pst" : "81,06", "psnt" : "18,94", "psi" : "81,06", "psni" : "0,00", "psa" : "100,00", "psna" : "0,00", "e" : "1229998", "ea" : "978060", "ena" : "0", "esi" : "978060", "esni" : "0", "c" : "742387", "a" : "235673", "pea" : "100,00", "pena" : "0,00", "pesi" : "79,52", "pesni" : "0,00", "pa" : "24,10", "pc" : "75,90", "munnr" : "2", "munpt" : "38", "munf" : "12", "pmunnr" : "3,85", "pmunpt" : "73,08", "pmunf" : "23,08" }, 
{ "and" : "P", "tpabr" : "UF", "cdabr" : "CE", "dt" : "02/10/2022", "ht" : "19:53:08", "s" : "22796", "st" : "11241", "snt" : "11555", "si" : "11241", "sni" : "0", "sa" : "11241", "sna" : "0", "pst" : "49,31", "psnt" : "50,69", "psi" : "49,31", "psni" : "0,00", "psa" : "100,00", "psna" : "0,00", "e" : "6818732", "ea" : "3352420", "ena" : "0", "esi" : "3352420", "esni" : "0", "c" : "2759195", "a" : "593225", "pea" : "100,00", "pena" : "0,00", "pesi" : "49,16", "pesni" : "0,00", "pa" : "17,70", "pc" : "82,30", "munnr" : "32", "munpt" : "145", "munf" : "7", "pmunnr" : "17,39", "pmunpt" : "78,80", "pmunf" : "3,80" }, 
{ "and" : "P", "tpabr" : "UF", "cdabr" : "GO", "dt" : "02/10/2022", "ht" : "19:53:21", "s" : "14620", "st" : "11848", "snt" : "2772", "si" : "11848", "sni" : "0", "sa" : "11848", "sna" : "0", "pst" : "81,04", "psnt" : "18,96", "psi" : "81,04", "psni" : "0,00", "psa" : "100,00", "psna" : "0,00", "e" : "4870292", "ea" : "3926991", "ena" : "0", "esi" : "3926991", "esni" : "0", "c" : "3078692", "a" : "848299", "pea" : "100,00", "pena" : "0,00", "pesi" : "80,63", "pesni" : "0,00", "pa" : "21,60", "pc" : "78,40", "munnr" : "69", "munpt" : "107", "munf" : "70", "pmunnr" : "28,05", "pmunpt" : "43,50", "pmunf" : "28,46" }, 
{ "and" : "P", "tpabr" : "UF", "cdabr" : "MS", "dt" : "02/10/2022", "ht" : "19:53:05", "s" : "6912", "st" : "6763", "snt" : "149", "si" : "6763", "sni" : "0", "sa" : "6763", "sna" : "0", "pst" : "97,84", "psnt" : "2,16", "psi" : "97,84", "psni" : "0,00", "psa" : "100,00", "psna" : "0,00", "e" : "1995932", "ea" : "1951189", "ena" : "0", "esi" : "1951189", "esni" : "0", "c" : "1521211", "a" : "429978", "pea" : "100,00", "pena" : "0,00", "pesi" : "97,76", "pesni" : "0,00", "pa" : "22,04", "pc" : "77,96", "munnr" : "0", "munpt" : "26", "munf" : "53", "pmunnr" : "00,00", "pmunpt" : "32,91", "pmunf" : "67,09" }, 
{ "and" : "P", "tpabr" : "UF", "cdabr" : "MT", "dt" : "02/10/2022", "ht" : "19:53:22", "s" : "7652", "st" : "6231", "snt" : "1421", "si" : "6231", "sni" : "0", "sa" : "6231", "sna" : "0", "pst" : "81,43", "psnt" : "18,57", "psi" : "81,43", "psni" : "0,00", "psa" : "100,00", "psna" : "0,00", "e" : "2469604", "ea" : "1985102", "ena" : "0", "esi" : "1985102", "esni" : "0", "c" : "1528760", "a" : "456342", "pea" : "100,00", "pena" : "0,00", "pesi" : "80,38", "pesni" : "0,00", "pa" : "22,99", "pc" : "77,01", "munnr" : "10", "munpt" : "68", "munf" : "63", "pmunnr" : "7,09", "pmunpt" : "48,23", "pmunf" : "44,68" }, 
{ "and" : "P", "tpabr" : "UF", "cdabr" : "SE", "dt" : "02/10/2022", "ht" : "19:53:41", "s" : "5498", "st" : "4363", "snt" : "1135", "si" : "4363", "sni" : "0", "sa" : "4363", "sna" : "0", "pst" : "79,36", "psnt" : "20,64", "psi" : "79,36", "psni" : "0,00", "psa" : "100,00", "psna" : "0,00", "e" : "1671376", "ea" : "1300724", "ena" : "0", "esi" : "1300724", "esni" : "0", "c" : "1066237", "a" : "234487", "pea" : "100,00", "pena" : "0,00", "pesi" : "77,82", "pesni" : "0,00", "pa" : "18,03", "pc" : "81,97", "munnr" : "4", "munpt" : "58", "munf" : "13", "pmunnr" : "5,33", "pmunpt" : "77,33", "pmunf" : "17,33" }, 
{ "and" : "P", "tpabr" : "UF", "cdabr" : "DF", "dt" : "02/10/2022", "ht" : "19:52:36", "s" : "6748", "st" : "6655", "snt" : "93", "si" : "6655", "sni" : "0", "sa" : "6655", "sna" : "0", "pst" : "98,62", "psnt" : "1,38", "psi" : "98,62", "psni" : "0,00", "psa" : "100,00", "psna" : "0,00", "e" : "2206996", "ea" : "2174690", "ena" : "0", "esi" : "2174690", "esni" : "0", "c" : "1794109", "a" : "380581", "pea" : "100,00", "pena" : "0,00", "pesi" : "98,54", "pesni" : "0,00", "pa" : "17,50", "pc" : "82,50", "munnr" : "0", "munpt" : "1", "munf" : "0", "pmunnr" : "00,00", "pmunpt" : "100,00", "pmunf" : "00,00" }, 
{ "and" : "P", "tpabr" : "UF", "cdabr" : "ES", "dt" : "02/10/2022", "ht" : "19:54:24", "s" : "9239", "st" : "9091", "snt" : "148", "si" : "9091", "sni" : "0", "sa" : "9091", "sna" : "0", "pst" : "98,40", "psnt" : "1,60", "psi" : "98,40", "psni" : "0,00", "psa" : "100,00", "psna" : "0,00", "e" : "2922379", "ea" : "2874152", "ena" : "0", "esi" : "2874152", "esni" : "0", "c" : "2278821", "a" : "595331", "pea" : "100,00", "pena" : "0,00", "pesi" : "98,35", "pesni" : "0,00", "pa" : "20,71", "pc" : "79,29", "munnr" : "0", "munpt" : "12", "munf" : "66", "pmunnr" : "00,00", "pmunpt" : "15,38", "pmunf" : "84,62" }, 
{ "and" : "P", "tpabr" : "UF", "cdabr" : "MA", "dt" : "02/10/2022", "ht" : "19:53:17", "s" : "16423", "st" : "5675", "snt" : "10748", "si" : "5675", "sni" : "0", "sa" : "5675", "sna" : "0", "pst" : "34,56", "psnt" : "65,44", "psi" : "34,56", "psni" : "0,00", "psa" : "100,00", "psna" : "0,00", "e" : "5039287", "ea" : "1707226", "ena" : "0", "esi" : "1707226", "esni" : "0", "c" : "1350198", "a" : "357028", "pea" : "100,00", "pena" : "0,00", "pesi" : "33,88", "pesni" : "0,00", "pa" : "20,91", "pc" : "79,09", "munnr" : "70", "munpt" : "146", "munf" : "1", "pmunnr" : "32,26", "pmunpt" : "67,28", "pmunf" : "0,46" }, 
{ "and" : "P", "tpabr" : "UF", "cdabr" : "PA", "dt" : "02/10/2022", "ht" : "19:54:01", "s" : "18235", "st" : "11725", "snt" : "6510", "si" : "11725", "sni" : "0", "sa" : "11725", "sna" : "0", "pst" : "64,30", "psnt" : "35,70", "psi" : "64,30", "psni" : "0,00", "psa" : "100,00", "psna" : "0,00", "e" : "6079280", "ea" : "3843565", "ena" : "0", "esi" : "3843565", "esni" : "0", "c" : "3038645", "a" : "804920", "pea" : "100,00", "pena" : "0,00", "pesi" : "63,22", "pesni" : "0,00", "pa" : "20,94", "pc" : "79,06", "munnr" : "0", "munpt" : "140", "munf" : "4", "pmunnr" : "00,00", "pmunpt" : "97,22", "pmunf" : "2,78" }, 
{ "and" : "P", "tpabr" : "UF", "cdabr" : "PI", "dt" : "02/10/2022", "ht" : "19:53:23", "s" : "8963", "st" : "5702", "snt" : "3261", "si" : "5702", "sni" : "0", "sa" : "5702", "sna" : "0", "pst" : "63,62", "psnt" : "36,38", "psi" : "63,62", "psni" : "0,00", "psa" : "100,00", "psna" : "0,00", "e" : "2570433", "ea" : "1597276", "ena" : "0", "esi" : "1597276", "esni" : "0", "c" : "1313708", "a" : "283568", "pea" : "100,00", "pena" : "0,00", "pesi" : "62,14", "pesni" : "0,00", "pa" : "17,75", "pc" : "82,25", "munnr" : "26", "munpt" : "183", "munf" : "15", "pmunnr" : "11,61", "pmunpt" : "81,70", "pmunf" : "6,70" }, 
{ "and" : "P", "tpabr" : "UF", "cdabr" : "RS", "dt" : "02/10/2022", "ht" : "19:54:33", "s" : "27201", "st" : "23085", "snt" : "4116", "si" : "23085", "sni" : "0", "sa" : "23085", "sna" : "0", "pst" : "84,87", "psnt" : "15,13", "psi" : "84,87", "psni" : "0,00", "psa" : "100,00", "psna" : "0,00", "e" : "8589432", "ea" : "7325891", "ena" : "0", "esi" : "7325891", "esni" : "0", "c" : "5866292", "a" : "1459599", "pea" : "100,00", "pena" : "0,00", "pesi" : "85,29", "pesni" : "0,00", "pa" : "19,92", "pc" : "80,08", "munnr" : "99", "munpt" : "154", "munf" : "244", "pmunnr" : "19,92", "pmunpt" : "30,99", "pmunf" : "49,09" }, 
{ "and" : "P", "tpabr" : "UF", "cdabr" : "AC", "dt" : "02/10/2022", "ht" : "19:54:23", "s" : "2124", "st" : "1919", "snt" : "205", "si" : "1919", "sni" : "0", "sa" : "1919", "sna" : "0", "pst" : "90,35", "psnt" : "9,65", "psi" : "90,35", "psni" : "0,00", "psa" : "100,00", "psna" : "0,00", "e" : "587738", "ea" : "530971", "ena" : "0", "esi" : "530971", "esni" : "0", "c" : "412051", "a" : "118920", "pea" : "100,00", "pena" : "0,00", "pesi" : "90,34", "pesni" : "0,00", "pa" : "22,40", "pc" : "77,60", "munnr" : "0", "munpt" : "19", "munf" : "3", "pmunnr" : "00,00", "pmunpt" : "86,36", "pmunf" : "13,64" }, 
{ "and" : "P", "tpabr" : "UF", "cdabr" : "PR", "dt" : "02/10/2022", "ht" : "19:54:29", "s" : "25721", "st" : "23644", "snt" : "2077", "si" : "23644", "sni" : "0", "sa" : "23644", "sna" : "0", "pst" : "91,92", "psnt" : "8,08", "psi" : "91,92", "psni" : "0,00", "psa" : "100,00", "psna" : "0,00", "e" : "8480435", "ea" : "7770130", "ena" : "0", "esi" : "7770130", "esni" : "0", "c" : "6260758", "a" : "1509372", "pea" : "100,00", "pena" : "0,00", "pesi" : "91,62", "pesni" : "0,00", "pa" : "19,43", "pc" : "80,57", "munnr" : "23", "munpt" : "163", "munf" : "213", "pmunnr" : "5,76", "pmunpt" : "40,85", "pmunf" : "53,38" }, 
{ "and" : "P", "tpabr" : "UF", "cdabr" : "SC", "dt" : "02/10/2022", "ht" : "19:54:09", "s" : "16242", "st" : "10701", "snt" : "5541", "si" : "10701", "sni" : "0", "sa" : "10701", "sna" : "0", "pst" : "65,88", "psnt" : "34,12", "psi" : "65,88", "psni" : "0,00", "psa" : "100,00", "psna" : "0,00", "e" : "5501478", "ea" : "3566638", "ena" : "0", "esi" : "3566638", "esni" : "0", "c" : "2924980", "a" : "641658", "pea" : "100,00", "pena" : "0,00", "pesi" : "64,83", "pesni" : "0,00", "pa" : "17,99", "pc" : "82,01", "munnr" : "41", "munpt" : "168", "munf" : "86", "pmunnr" : "13,90", "pmunpt" : "56,95", "pmunf" : "29,15" }, 
{ "and" : "P", "tpabr" : "UF", "cdabr" : "TO", "dt" : "02/10/2022", "ht" : "19:53:29", "s" : "3957", "st" : "3630", "snt" : "327", "si" : "3630", "sni" : "0", "sa" : "3630", "sna" : "0", "pst" : "91,74", "psnt" : "8,26", "psi" : "91,74", "psni" : "0,00", "psa" : "100,00", "psna" : "0,00", "e" : "1094346", "ea" : "997194", "ena" : "0", "esi" : "997194", "esni" : "0", "c" : "812565", "a" : "184629", "pea" : "100,00", "pena" : "0,00", "pesi" : "91,12", "pesni" : "0,00", "pa" : "18,51", "pc" : "81,49", "munnr" : "5", "munpt" : "48", "munf" : "86", "pmunnr" : "3,60", "pmunpt" : "34,53", "pmunf" : "61,87" }, 
{ "and" : "P", "tpabr" : "UF", "cdabr" : "AL", "dt" : "02/10/2022", "ht" : "19:54:26", "s" : "6626", "st" : "1392", "snt" : "5234", "si" : "1392", "sni" : "0", "sa" : "1392", "sna" : "0", "pst" : "21,01", "psnt" : "78,99", "psi" : "21,01", "psni" : "0,00", "psa" : "100,00", "psna" : "0,00", "e" : "2326491", "ea" : "439519", "ena" : "0", "esi" : "439519", "esni" : "0", "c" : "343682", "a" : "95837", "pea" : "100,00", "pena" : "0,00", "pesi" : "18,89", "pesni" : "0,00", "pa" : "21,80", "pc" : "78,20", "munnr" : "60", "munpt" : "39", "munf" : "3", "pmunnr" : "58,82", "pmunpt" : "38,24", "pmunf" : "2,94" }, 
{ "and" : "P", "tpabr" : "UF", "cdabr" : "BA", "dt" : "02/10/2022", "ht" : "19:53:07", "s" : "34424", "st" : "15036", "snt" : "19388", "si" : "15036", "sni" : "0", "sa" : "15036", "sna" : "0", "pst" : "43,68", "psnt" : "56,32", "psi" : "43,68", "psni" : "0,00", "psa" : "100,00", "psna" : "0,00", "e" : "11283405", "ea" : "4670371", "ena" : "0", "esi" : "4670371", "esni" : "0", "c" : "3675746", "a" : "994625", "pea" : "100,00", "pena" : "0,00", "pesi" : "41,39", "pesni" : "0,00", "pa" : "21,30", "pc" : "78,70", "munnr" : "61", "munpt" : "340", "munf" : "16", "pmunnr" : "14,63", "pmunpt" : "81,53", "pmunf" : "3,84" }, 
{ "and" : "P", "tpabr" : "UF", "cdabr" : "PB", "dt" : "02/10/2022", "ht" : "19:54:44", "s" : "9602", "st" : "6824", "snt" : "2778", "si" : "6824", "sni" : "0", "sa" : "6824", "sna" : "0", "pst" : "71,07", "psnt" : "28,93", "psi" : "71,07", "psni" : "0,00", "psa" : "100,00", "psna" : "0,00", "e" : "3092053", "ea" : "2173799", "ena" : "0", "esi" : "2173799", "esni" : "0", "c" : "1805427", "a" : "368372", "pea" : "100,00", "pena" : "0,00", "pesi" : "70,30", "pesni" : "0,00", "pa" : "16,95", "pc" : "83,05", "munnr" : "45", "munpt" : "112", "munf" : "66", "pmunnr" : "20,18", "pmunpt" : "50,22", "pmunf" : "29,60" }, 
{ "and" : "P", "tpabr" : "UF", "cdabr" : "AP", "dt" : "02/10/2022", "ht" : "19:54:23", "s" : "1740", "st" : "1359", "snt" : "381", "si" : "1359", "sni" : "0", "sa" : "1359", "sna" : "0", "pst" : "78,10", "psnt" : "21,90", "psi" : "78,10", "psni" : "0,00", "psa" : "100,00", "psna" : "0,00", "e" : "550165", "ea" : "414090", "ena" : "0", "esi" : "414090", "esni" : "0", "c" : "332009", "a" : "82081", "pea" : "100,00", "pena" : "0,00", "pesi" : "75,27", "pesni" : "0,00", "pa" : "19,82", "pc" : "80,18", "munnr" : "1", "munpt" : "12", "munf" : "3", "pmunnr" : "6,25", "pmunpt" : "75,00", "pmunf" : "18,75" }, 
{ "and" : "P", "tpabr" : "UF", "cdabr" : "RJ", "dt" : "02/10/2022", "ht" : "19:54:29", "s" : "34068", "st" : "15067", "snt" : "19001", "si" : "15067", "sni" : "0", "sa" : "15067", "sna" : "0", "pst" : "44,23", "psnt" : "55,77", "psi" : "44,23", "psni" : "0,00", "psa" : "100,00", "psna" : "0,00", "e" : "12826356", "ea" : "5326672", "ena" : "0", "esi" : "5326672", "esni" : "0", "c" : "4108900", "a" : "1217772", "pea" : "100,00", "pena" : "0,00", "pesi" : "41,53", "pesni" : "0,00", "pa" : "22,86", "pc" : "77,14", "munnr" : "7", "munpt" : "81", "munf" : "4", "pmunnr" : "7,61", "pmunpt" : "88,04", "pmunf" : "4,35" }, 
{ "and" : "P", "tpabr" : "UF", "cdabr" : "RR", "dt" : "02/10/2022", "ht" : "19:54:31", "s" : "1268", "st" : "1133", "snt" : "135", "si" : "1133", "sni" : "0", "sa" : "1133", "sna" : "0", "pst" : "89,35", "psnt" : "10,65", "psi" : "89,35", "psni" : "0,00", "psa" : "100,00", "psna" : "0,00", "e" : "366632", "ea" : "325019", "ena" : "0", "esi" : "325019", "esni" : "0", "c" : "271072", "a" : "53947", "pea" : "100,00", "pena" : "0,00", "pesi" : "88,65", "pesni" : "0,00", "pa" : "16,60", "pc" : "83,40", "munnr" : "0", "munpt" : "13", "munf" : "2", "pmunnr" : "00,00", "pmunpt" : "86,67", "pmunf" : "13,33" }, 
{ "and" : "P", "tpabr" : "UF", "cdabr" : "ZZ", "dt" : "02/10/2022", "ht" : "19:43:34", "s" : "1064", "st" : "587", "snt" : "477", "si" : "587", "sni" : "0", "sa" : "587", "sna" : "0", "pst" : "55,17", "psnt" : "44,83", "psi" : "55,17", "psni" : "0,00", "psa" : "100,00", "psna" : "0,00", "e" : "695355", "ea" : "410780", "ena" : "0", "esi" : "410780", "esni" : "0", "c" : "186177", "a" : "224603", "pea" : "100,00", "pena" : "0,00", "pesi" : "59,07", "pesni" : "0,00", "pa" : "54,68", "pc" : "45,32", "munnr" : "100", "munpt" : "17", "munf" : "64", "pmunnr" : "55,25", "pmunpt" : "9,39", "pmunf" : "35,36" }, 
{ "and" : "P", "tpabr" : "UF", "cdabr" : "SP", "dt" : "02/10/2022", "ht" : "19:52:54", "s" : "101073", "st" : "66682", "snt" : "34391", "si" : "66682", "sni" : "0", "sa" : "66682", "sna" : "0", "pst" : "65,97", "psnt" : "34,03", "psi" : "65,97", "psni" : "0,00", "psa" : "100,00", "psna" : "0,00", "e" : "34684927", "ea" : "22450295", "ena" : "0", "esi" : "22450295", "esni" : "0", "c" : "17560090", "a" : "4890205", "pea" : "100,00", "pena" : "0,00", "pesi" : "64,73", "pesni" : "0,00", "pa" : "21,78", "pc" : "78,22", "munnr" : "135", "munpt" : "184", "munf" : "326", "pmunnr" : "20,93", "pmunpt" : "28,53", "pmunf" : "50,54" }, 
{ "and" : "P", "tpabr" : "BR", "cdabr" : "BR", "dt" : "02/10/2022", "ht" : "19:54:44", "s" : "472075", "st" : "301012", "snt" : "171063", "si" : "301012", "sni" : "0", "sa" : "301012", "sna" : "0", "pst" : "63,76", "psnt" : "36,24", "psi" : "63,76", "psni" : "0,00", "psa" : "100,00", "psna" : "0,00", "e" : "156454011", "ea" : "97310422", "ena" : "0", "esi" : "97310422", "esni" : "0", "c" : "77144792", "a" : "20165630", "pea" : "100,00", "pena" : "0,00", "pesi" : "62,19", "pesni" : "0,00", "pa" : "20,73", "pc" : "79,27", "ufsnr" : "0", "ufspt" : "28", "ufsf" : "0", "pufsnr" : "00,00", "pufspt" : "100,00", "pufsf" : "00,00" } ] }