
{ "ele" : "544", "t" : "1", "f" : "O", "dg" : "02/10/2022", "hg" : "21:08:53", "abr" : [ 
{ "and" : "P", "tpabr" : "UF", "cdabr" : "AM", "dt" : "02/10/2022", "ht" : "21:07:57", "s" : "7454", "st" : "7130", "snt" : "324", "si" : "7129", "sni" : "1", "sa" : "7129", "sna" : "0", "pst" : "95,65", "psnt" : "4,35", "psi" : "95,64", "psni" : "4,36", "psa" : "100,00", "psna" : "0,00", "e" : "2646924", "ea" : "2524668", "ena" : "0", "esi" : "2524668", "esni" : "84", "c" : "2020389", "a" : "504279", "pea" : "100,00", "pena" : "0,00", "pesi" : "95,38", "pesni" : "100,00", "pa" : "19,97", "pc" : "80,03", "munnr" : "0", "munpt" : "36", "munf" : "26", "pmunnr" : "00,00", "pmunpt" : "58,06", "pmunf" : "41,94" }, 
{ "and" : "P", "tpabr" : "UF", "cdabr" : "PE", "dt" : "02/10/2022", "ht" : "21:08:07", "s" : "20572", "st" : "19425", "snt" : "1147", "si" : "19425", "sni" : "0", "sa" : "19425", "sna" : "0", "pst" : "94,42", "psnt" : "5,58", "psi" : "94,42", "psni" : "0,00", "psa" : "100,00", "psna" : "0,00", "e" : "7015421", "ea" : "6620890", "ena" : "0", "esi" : "6620890", "esni" : "0", "c" : "5426391", "a" : "1194499", "pea" : "100,00", "pena" : "0,00", "pesi" : "94,38", "pesni" : "0,00", "pa" : "18,04", "pc" : "81,96", "munnr" : "6", "munpt" : "67", "munf" : "112", "pmunnr" : "3,24", "pmunpt" : "36,22", "pmunf" : "60,54" }, 
{ "and" : "P", "tpabr" : "UF", "cdabr" : "RN", "dt" : "02/10/2022", "ht" : "21:07:59", "s" : "7674", "st" : "7526", "snt" : "148", "si" : "7526", "sni" : "0", "sa" : "7526", "sna" : "0", "pst" : "98,07", "psnt" : "1,93", "psi" : "98,07", "psni" : "0,00", "psa" : "100,00", "psna" : "0,00", "e" : "2554716", "ea" : "2504179", "ena" : "0", "esi" : "2504179", "esni" : "0", "c" : "2049638", "a" : "454541", "pea" : "100,00", "pena" : "0,00", "pesi" : "98,02", "pesni" : "0,00", "pa" : "18,15", "pc" : "81,85", "munnr" : "0", "munpt" : "28", "munf" : "139", "pmunnr" : "00,00", "pmunpt" : "16,77", "pmunf" : "83,23" }, 
{ "and" : "P", "tpabr" : "UF", "cdabr" : "MG", "dt" : "02/10/2022", "ht" : "21:08:07", "s" : "49981", "st" : "47816", "snt" : "2165", "si" : "47816", "sni" : "0", "sa" : "47816", "sna" : "0", "pst" : "95,67", "psnt" : "4,33", "psi" : "95,67", "psni" : "0,00", "psa" : "100,00", "psna" : "0,00", "e" : "16283828", "ea" : "15573494", "ena" : "0", "esi" : "15573494", "esni" : "0", "c" : "12116889", "a" : "3456605", "pea" : "100,00", "pena" : "0,00", "pesi" : "95,64", "pesni" : "0,00", "pa" : "22,20", "pc" : "77,80", "munnr" : "45", "munpt" : "88", "munf" : "720", "pmunnr" : "5,28", "pmunpt" : "10,32", "pmunf" : "84,41" }, 
{ "and" : "P", "tpabr" : "UF", "cdabr" : "RO", "dt" : "02/10/2022", "ht" : "21:01:44", "s" : "4198", "st" : "4154", "snt" : "44", "si" : "4154", "sni" : "0", "sa" : "4154", "sna" : "0", "pst" : "98,95", "psnt" : "1,05", "psi" : "98,95", "psni" : "0,00", "psa" : "100,00", "psna" : "0,00", "e" : "1229998", "ea" : "1214893", "ena" : "0", "esi" : "1214893", "esni" : "0", "c" : "915774", "a" : "299119", "pea" : "100,00", "pena" : "0,00", "pesi" : "98,77", "pesni" : "0,00", "pa" : "24,62", "pc" : "75,38", "munnr" : "0", "munpt" : "8", "munf" : "44", "pmunnr" : "00,00", "pmunpt" : "15,38", "pmunf" : "84,62" }, 
{ "and" : "P", "tpabr" : "UF", "cdabr" : "CE", "dt" : "02/10/2022", "ht" : "21:07:57", "s" : "22796", "st" : "21028", "snt" : "1768", "si" : "21028", "sni" : "0", "sa" : "21028", "sna" : "0", "pst" : "92,24", "psnt" : "7,76", "psi" : "92,24", "psni" : "0,00", "psa" : "100,00", "psna" : "0,00", "e" : "6818732", "ea" : "6313318", "ena" : "0", "esi" : "6313318", "esni" : "0", "c" : "5212246", "a" : "1101072", "pea" : "100,00", "pena" : "0,00", "pesi" : "92,59", "pesni" : "0,00", "pa" : "17,44", "pc" : "82,56", "munnr" : "9", "munpt" : "84", "munf" : "91", "pmunnr" : "4,89", "pmunpt" : "45,65", "pmunf" : "49,46" }, 
{ "and" : "P", "tpabr" : "UF", "cdabr" : "GO", "dt" : "02/10/2022", "ht" : "21:06:45", "s" : "14620", "st" : "14541", "snt" : "79", "si" : "14541", "sni" : "0", "sa" : "14541", "sna" : "0", "pst" : "99,46", "psnt" : "0,54", "psi" : "99,46", "psni" : "0,00", "psa" : "100,00", "psna" : "0,00", "e" : "4870292", "ea" : "4844859", "ena" : "0", "esi" : "4844859", "esni" : "0", "c" : "3793360", "a" : "1051499", "pea" : "100,00", "pena" : "0,00", "pesi" : "99,48", "pesni" : "0,00", "pa" : "21,70", "pc" : "78,30", "munnr" : "2", "munpt" : "16", "munf" : "228", "pmunnr" : "0,81", "pmunpt" : "6,50", "pmunf" : "92,68" }, 
{ "and" : "P", "tpabr" : "UF", "cdabr" : "MS", "dt" : "02/10/2022", "ht" : "20:54:51", "s" : "6912", "st" : "6910", "snt" : "2", "si" : "6910", "sni" : "0", "sa" : "6910", "sna" : "0", "pst" : "99,97", "psnt" : "0,03", "psi" : "99,97", "psni" : "0,00", "psa" : "100,00", "psna" : "0,00", "e" : "1995932", "ea" : "1995509", "ena" : "0", "esi" : "1995509", "esni" : "0", "c" : "1554759", "a" : "440750", "pea" : "100,00", "pena" : "0,00", "pesi" : "99,98", "pesni" : "0,00", "pa" : "22,09", "pc" : "77,91", "munnr" : "0", "munpt" : "1", "munf" : "78", "pmunnr" : "00,00", "pmunpt" : "1,27", "pmunf" : "98,73" }, 
{ "and" : "P", "tpabr" : "UF", "cdabr" : "MT", "dt" : "02/10/2022", "ht" : "21:06:46", "s" : "7652", "st" : "7563", "snt" : "89", "si" : "7563", "sni" : "0", "sa" : "7563", "sna" : "0", "pst" : "98,84", "psnt" : "1,16", "psi" : "98,84", "psni" : "0,00", "psa" : "100,00", "psna" : "0,00", "e" : "2469604", "ea" : "2440889", "ena" : "0", "esi" : "2440889", "esni" : "0", "c" : "1870807", "a" : "570082", "pea" : "100,00", "pena" : "0,00", "pesi" : "98,84", "pesni" : "0,00", "pa" : "23,36", "pc" : "76,64", "munnr" : "1", "munpt" : "12", "munf" : "128", "pmunnr" : "0,71", "pmunpt" : "8,51", "pmunf" : "90,78" }, 
{ "and" : "P", "tpabr" : "UF", "cdabr" : "SE", "dt" : "02/10/2022", "ht" : "21:07:59", "s" : "5498", "st" : "5421", "snt" : "77", "si" : "5421", "sni" : "0", "sa" : "5421", "sna" : "0", "pst" : "98,60", "psnt" : "1,40", "psi" : "98,60", "psni" : "0,00", "psa" : "100,00", "psna" : "0,00", "e" : "1671376", "ea" : "1644494", "ena" : "0", "esi" : "1644494", "esni" : "0", "c" : "1342752", "a" : "301742", "pea" : "100,00", "pena" : "0,00", "pesi" : "98,39", "pesni" : "0,00", "pa" : "18,35", "pc" : "81,65", "munnr" : "0", "munpt" : "10", "munf" : "65", "pmunnr" : "00,00", "pmunpt" : "13,33", "pmunf" : "86,67" }, 
{ "and" : "F", "tpabr" : "UF", "cdabr" : "DF", "dt" : "02/10/2022", "ht" : "20:36:59", "s" : "6748", "st" : "6748", "snt" : "0", "si" : "6748", "sni" : "0", "sa" : "6748", "sna" : "0", "pst" : "100,00", "psnt" : "0,00", "psi" : "100,00", "psni" : "0,00", "psa" : "100,00", "psna" : "0,00", "e" : "2206996", "ea" : "2206996", "ena" : "0", "esi" : "2206996", "esni" : "0", "c" : "1819900", "a" : "387096", "pea" : "100,00", "pena" : "0,00", "pesi" : "100,00", "pesni" : "0,00", "pa" : "17,54", "pc" : "82,46", "munnr" : "0", "munpt" : "0", "munf" : "1", "pmunnr" : "00,00", "pmunpt" : "00,00", "pmunf" : "100,00" }, 
{ "and" : "F", "tpabr" : "UF", "cdabr" : "ES", "dt" : "02/10/2022", "ht" : "20:41:59", "s" : "9239", "st" : "9239", "snt" : "0", "si" : "9239", "sni" : "0", "sa" : "9239", "sna" : "0", "pst" : "100,00", "psnt" : "0,00", "psi" : "100,00", "psni" : "0,00", "psa" : "100,00", "psna" : "0,00", "e" : "2922379", "ea" : "2922379", "ena" : "0", "esi" : "2922379", "esni" : "0", "c" : "2315889", "a" : "606490", "pea" : "100,00", "pena" : "0,00", "pesi" : "100,00", "pesni" : "0,00", "pa" : "20,75", "pc" : "79,25", "munnr" : "0", "munpt" : "0", "munf" : "78", "pmunnr" : "00,00", "pmunpt" : "00,00", "pmunf" : "100,00" }, 
{ "and" : "P", "tpabr" : "UF", "cdabr" : "MA", "dt" : "02/10/2022", "ht" : "21:07:58", "s" : "16423", "st" : "12391", "snt" : "4032", "si" : "12391", "sni" : "0", "sa" : "12391", "sna" : "0", "pst" : "75,45", "psnt" : "24,55", "psi" : "75,45", "psni" : "0,00", "psa" : "100,00", "psna" : "0,00", "e" : "5039287", "ea" : "3814575", "ena" : "0", "esi" : "3814575", "esni" : "0", "c" : "2986140", "a" : "828435", "pea" : "100,00", "pena" : "0,00", "pesi" : "75,70", "pesni" : "0,00", "pa" : "21,72", "pc" : "78,28", "munnr" : "30", "munpt" : "136", "munf" : "51", "pmunnr" : "13,82", "pmunpt" : "62,67", "pmunf" : "23,50" }, 
{ "and" : "P", "tpabr" : "UF", "cdabr" : "PA", "dt" : "02/10/2022", "ht" : "21:08:05", "s" : "18235", "st" : "17301", "snt" : "934", "si" : "17301", "sni" : "0", "sa" : "17301", "sna" : "0", "pst" : "94,88", "psnt" : "5,12", "psi" : "94,88", "psni" : "0,00", "psa" : "100,00", "psna" : "0,00", "e" : "6079280", "ea" : "5764595", "ena" : "0", "esi" : "5764595", "esni" : "0", "c" : "4538451", "a" : "1226144", "pea" : "100,00", "pena" : "0,00", "pesi" : "94,82", "pesni" : "0,00", "pa" : "21,27", "pc" : "78,73", "munnr" : "0", "munpt" : "93", "munf" : "51", "pmunnr" : "00,00", "pmunpt" : "64,58", "pmunf" : "35,42" }, 
{ "and" : "P", "tpabr" : "UF", "cdabr" : "PI", "dt" : "02/10/2022", "ht" : "21:07:59", "s" : "8963", "st" : "8310", "snt" : "653", "si" : "8310", "sni" : "0", "sa" : "8310", "sna" : "0", "pst" : "92,71", "psnt" : "7,29", "psi" : "92,71", "psni" : "0,00", "psa" : "100,00", "psna" : "0,00", "e" : "2570433", "ea" : "2375056", "ena" : "0", "esi" : "2375056", "esni" : "0", "c" : "1954043", "a" : "421013", "pea" : "100,00", "pena" : "0,00", "pesi" : "92,40", "pesni" : "0,00", "pa" : "17,73", "pc" : "82,27", "munnr" : "7", "munpt" : "106", "munf" : "111", "pmunnr" : "3,13", "pmunpt" : "47,32", "pmunf" : "49,55" }, 
{ "and" : "P", "tpabr" : "UF", "cdabr" : "RS", "dt" : "02/10/2022", "ht" : "21:06:50", "s" : "27201", "st" : "26912", "snt" : "289", "si" : "26912", "sni" : "0", "sa" : "26912", "sna" : "0", "pst" : "98,94", "psnt" : "1,06", "psi" : "98,94", "psni" : "0,00", "psa" : "100,00", "psna" : "0,00", "e" : "8589432", "ea" : "8486019", "ena" : "0", "esi" : "8486019", "esni" : "0", "c" : "6808456", "a" : "1677563", "pea" : "100,00", "pena" : "0,00", "pesi" : "98,80", "pesni" : "0,00", "pa" : "19,77", "pc" : "80,23", "munnr" : "2", "munpt" : "18", "munf" : "477", "pmunnr" : "0,40", "pmunpt" : "3,62", "pmunf" : "95,98" }, 
{ "and" : "P", "tpabr" : "UF", "cdabr" : "AC", "dt" : "02/10/2022", "ht" : "20:57:06", "s" : "2124", "st" : "2089", "snt" : "35", "si" : "2089", "sni" : "0", "sa" : "2089", "sna" : "0", "pst" : "98,35", "psnt" : "1,65", "psi" : "98,35", "psni" : "0,00", "psa" : "100,00", "psna" : "0,00", "e" : "587738", "ea" : "578124", "ena" : "0", "esi" : "578124", "esni" : "0", "c" : "448898", "a" : "129226", "pea" : "100,00", "pena" : "0,00", "pesi" : "98,36", "pesni" : "0,00", "pa" : "22,35", "pc" : "77,65", "munnr" : "0", "munpt" : "5", "munf" : "17", "pmunnr" : "00,00", "pmunpt" : "22,73", "pmunf" : "77,27" }, 
{ "and" : "P", "tpabr" : "UF", "cdabr" : "PR", "dt" : "02/10/2022", "ht" : "21:07:58", "s" : "25721", "st" : "25617", "snt" : "104", "si" : "25617", "sni" : "0", "sa" : "25617", "sna" : "0", "pst" : "99,60", "psnt" : "0,40", "psi" : "99,60", "psni" : "0,00", "psa" : "100,00", "psna" : "0,00", "e" : "8480435", "ea" : "8444803", "ena" : "0", "esi" : "8444803", "esni" : "0", "c" : "6801101", "a" : "1643702", "pea" : "100,00", "pena" : "0,00", "pesi" : "99,58", "pesni" : "0,00", "pa" : "19,46", "pc" : "80,54", "munnr" : "2", "munpt" : "23", "munf" : "374", "pmunnr" : "0,50", "pmunpt" : "5,76", "pmunf" : "93,73" }, 
{ "and" : "P", "tpabr" : "UF", "cdabr" : "SC", "dt" : "02/10/2022", "ht" : "21:06:47", "s" : "16242", "st" : "16107", "snt" : "135", "si" : "16107", "sni" : "0", "sa" : "16107", "sna" : "0", "pst" : "99,17", "psnt" : "0,83", "psi" : "99,17", "psni" : "0,00", "psa" : "100,00", "psna" : "0,00", "e" : "5501478", "ea" : "5453405", "ena" : "0", "esi" : "5453405", "esni" : "0", "c" : "4448860", "a" : "1004545", "pea" : "100,00", "pena" : "0,00", "pesi" : "99,13", "pesni" : "0,00", "pa" : "18,42", "pc" : "81,58", "munnr" : "1", "munpt" : "14", "munf" : "280", "pmunnr" : "0,34", "pmunpt" : "4,75", "pmunf" : "94,92" }, 
{ "and" : "P", "tpabr" : "UF", "cdabr" : "TO", "dt" : "02/10/2022", "ht" : "21:02:52", "s" : "3957", "st" : "3946", "snt" : "11", "si" : "3946", "sni" : "0", "sa" : "3946", "sna" : "0", "pst" : "99,72", "psnt" : "0,28", "psi" : "99,72", "psni" : "0,00", "psa" : "100,00", "psna" : "0,00", "e" : "1094346", "ea" : "1091252", "ena" : "0", "esi" : "1091252", "esni" : "0", "c" : "888988", "a" : "202264", "pea" : "100,00", "pena" : "0,00", "pesi" : "99,72", "pesni" : "0,00", "pa" : "18,54", "pc" : "81,46", "munnr" : "0", "munpt" : "5", "munf" : "134", "pmunnr" : "00,00", "pmunpt" : "3,60", "pmunf" : "96,40" }, 
{ "and" : "P", "tpabr" : "UF", "cdabr" : "AL", "dt" : "02/10/2022", "ht" : "21:07:59", "s" : "6626", "st" : "5217", "snt" : "1409", "si" : "5217", "sni" : "0", "sa" : "5217", "sna" : "0", "pst" : "78,74", "psnt" : "21,26", "psi" : "78,74", "psni" : "0,00", "psa" : "100,00", "psna" : "0,00", "e" : "2326491", "ea" : "1801141", "ena" : "0", "esi" : "1801141", "esni" : "0", "c" : "1401597", "a" : "399544", "pea" : "100,00", "pena" : "0,00", "pesi" : "77,42", "pesni" : "0,00", "pa" : "22,18", "pc" : "77,82", "munnr" : "15", "munpt" : "36", "munf" : "51", "pmunnr" : "14,71", "pmunpt" : "35,29", "pmunf" : "50,00" }, 
{ "and" : "P", "tpabr" : "UF", "cdabr" : "BA", "dt" : "02/10/2022", "ht" : "21:07:58", "s" : "34424", "st" : "30716", "snt" : "3708", "si" : "30716", "sni" : "0", "sa" : "30716", "sna" : "0", "pst" : "89,23", "psnt" : "10,77", "psi" : "89,23", "psni" : "0,00", "psa" : "100,00", "psna" : "0,00", "e" : "11283405", "ea" : "10047875", "ena" : "0", "esi" : "10047875", "esni" : "0", "c" : "7916417", "a" : "2131458", "pea" : "100,00", "pena" : "0,00", "pesi" : "89,05", "pesni" : "0,00", "pa" : "21,21", "pc" : "78,79", "munnr" : "17", "munpt" : "215", "munf" : "185", "pmunnr" : "4,08", "pmunpt" : "51,56", "pmunf" : "44,36" }, 
{ "and" : "P", "tpabr" : "UF", "cdabr" : "PB", "dt" : "02/10/2022", "ht" : "21:07:58", "s" : "9602", "st" : "9564", "snt" : "38", "si" : "9564", "sni" : "0", "sa" : "9564", "sna" : "0", "pst" : "99,60", "psnt" : "0,40", "psi" : "99,60", "psni" : "0,00", "psa" : "100,00", "psna" : "0,00", "e" : "3092053", "ea" : "3079702", "ena" : "0", "esi" : "3079702", "esni" : "0", "c" : "2547225", "a" : "532477", "pea" : "100,00", "pena" : "0,00", "pesi" : "99,60", "pesni" : "0,00", "pa" : "17,29", "pc" : "82,71", "munnr" : "1", "munpt" : "9", "munf" : "213", "pmunnr" : "0,45", "pmunpt" : "4,04", "pmunf" : "95,52" }, 
{ "and" : "P", "tpabr" : "UF", "cdabr" : "AP", "dt" : "02/10/2022", "ht" : "21:04:19", "s" : "1740", "st" : "1726", "snt" : "14", "si" : "1726", "sni" : "0", "sa" : "1726", "sna" : "0", "pst" : "99,20", "psnt" : "0,80", "psi" : "99,20", "psni" : "0,00", "psa" : "100,00", "psna" : "0,00", "e" : "550165", "ea" : "545080", "ena" : "0", "esi" : "545080", "esni" : "0", "c" : "438663", "a" : "106417", "pea" : "100,00", "pena" : "0,00", "pesi" : "99,08", "pesni" : "0,00", "pa" : "19,52", "pc" : "80,48", "munnr" : "0", "munpt" : "6", "munf" : "10", "pmunnr" : "00,00", "pmunpt" : "37,50", "pmunf" : "62,50" }, 
{ "and" : "P", "tpabr" : "UF", "cdabr" : "RJ", "dt" : "02/10/2022", "ht" : "21:07:59", "s" : "34068", "st" : "32757", "snt" : "1311", "si" : "32757", "sni" : "0", "sa" : "32757", "sna" : "0", "pst" : "96,15", "psnt" : "3,85", "psi" : "96,15", "psni" : "0,00", "psa" : "100,00", "psna" : "0,00", "e" : "12826356", "ea" : "12311435", "ena" : "0", "esi" : "12311435", "esni" : "0", "c" : "9512723", "a" : "2798712", "pea" : "100,00", "pena" : "0,00", "pesi" : "95,99", "pesni" : "0,00", "pa" : "22,73", "pc" : "77,27", "munnr" : "2", "munpt" : "40", "munf" : "50", "pmunnr" : "2,17", "pmunpt" : "43,48", "pmunf" : "54,35" }, 
{ "and" : "F", "tpabr" : "UF", "cdabr" : "RR", "dt" : "02/10/2022", "ht" : "21:07:58", "s" : "1268", "st" : "1268", "snt" : "0", "si" : "1268", "sni" : "0", "sa" : "1268", "sna" : "0", "pst" : "100,00", "psnt" : "0,00", "psi" : "100,00", "psni" : "0,00", "psa" : "100,00", "psna" : "0,00", "e" : "366632", "ea" : "366632", "ena" : "0", "esi" : "366632", "esni" : "0", "c" : "305404", "a" : "61228", "pea" : "100,00", "pena" : "0,00", "pesi" : "100,00", "pesni" : "0,00", "pa" : "16,70", "pc" : "83,30", "munnr" : "0", "munpt" : "0", "munf" : "15", "pmunnr" : "00,00", "pmunpt" : "00,00", "pmunf" : "100,00" }, 
{ "and" : "P", "tpabr" : "UF", "cdabr" : "ZZ", "dt" : "02/10/2022", "ht" : "21:06:47", "s" : "1064", "st" : "884", "snt" : "180", "si" : "838", "sni" : "46", "sa" : "838", "sna" : "0", "pst" : "83,08", "psnt" : "16,92", "psi" : "78,76", "psni" : "21,24", "psa" : "100,00", "psna" : "0,00", "e" : "695355", "ea" : "579958", "ena" : "0", "esi" : "579958", "esni" : "573", "c" : "257818", "a" : "322140", "pea" : "100,00", "pena" : "0,00", "pesi" : "83,40", "pesni" : "99,92", "pa" : "55,55", "pc" : "44,45", "munnr" : "28", "munpt" : "25", "munf" : "128", "pmunnr" : "15,47", "pmunpt" : "13,81", "pmunf" : "70,72" }, 
{ "and" : "P", "tpabr" : "UF", "cdabr" : "SP", "dt" : "02/10/2022", "ht" : "21:08:13", "s" : "101073", "st" : "99406", "snt" : "1667", "si" : "99406", "sni" : "0", "sa" : "99406", "sna" : "0", "pst" : "98,35", "psnt" : "1,65", "psi" : "98,35", "psni" : "0,00", "psa" : "100,00", "psna" : "0,00", "e" : "34684927", "ea" : "34097843", "ena" : "0", "esi" : "34097843", "esni" : "0", "c" : "26727689", "a" : "7370154", "pea" : "100,00", "pena" : "0,00", "pesi" : "98,31", "pesni" : "0,00", "pa" : "21,61", "pc" : "78,39", "munnr" : "9", "munpt" : "40", "munf" : "596", "pmunnr" : "1,40", "pmunpt" : "6,20", "pmunf" : "92,40" }, 
{ "and" : "P", "tpabr" : "BR", "cdabr" : "BR", "dt" : "02/10/2022", "ht" : "21:08:13", "s" : "472075", "st" : "451712", "snt" : "20363", "si" : "451665", "sni" : "47", "sa" : "451665", "sna" : "0", "pst" : "95,68", "psnt" : "4,32", "psi" : "95,67", "psni" : "4,33", "psa" : "100,00", "psna" : "0,00", "e" : "156454011", "ea" : "149644063", "ena" : "0", "esi" : "149644063", "esni" : "657", "c" : "118421267", "a" : "31222796", "pea" : "100,00", "pena" : "0,00", "pesi" : "95,64", "pesni" : "100,00", "pa" : "20,87", "pc" : "79,13", "ufsnr" : "0", "ufspt" : "25", "ufsf" : "3", "pufsnr" : "00,00", "pufspt" : "89,29", "pufsf" : "10,71" } ] }