
{ "ele" : "544", "t" : "1", "f" : "O", "dg" : "02/10/2022", "hg" : "21:16:29", "abr" : [ 
{ "and" : "P", "tpabr" : "UF", "cdabr" : "AM", "dt" : "02/10/2022", "ht" : "21:15:49", "s" : "7454", "st" : "7174", "snt" : "280", "si" : "7173", "sni" : "1", "sa" : "7173", "sna" : "0", "pst" : "96,24", "psnt" : "3,76", "psi" : "96,23", "psni" : "3,77", "psa" : "100,00", "psna" : "0,00", "e" : "2646924", "ea" : "2540974", "ena" : "0", "esi" : "2540974", "esni" : "84", "c" : "2032804", "a" : "508170", "pea" : "100,00", "pena" : "0,00", "pesi" : "96,00", "pesni" : "100,00", "pa" : "20,00", "pc" : "80,00", "munnr" : "0", "munpt" : "35", "munf" : "27", "pmunnr" : "00,00", "pmunpt" : "56,45", "pmunf" : "43,55" }, 
{ "and" : "P", "tpabr" : "UF", "cdabr" : "PE", "dt" : "02/10/2022", "ht" : "21:15:57", "s" : "20572", "st" : "19653", "snt" : "919", "si" : "19653", "sni" : "0", "sa" : "19653", "sna" : "0", "pst" : "95,53", "psnt" : "4,47", "psi" : "95,53", "psni" : "0,00", "psa" : "100,00", "psna" : "0,00", "e" : "7015421", "ea" : "6699153", "ena" : "0", "esi" : "6699153", "esni" : "0", "c" : "5489672", "a" : "1209481", "pea" : "100,00", "pena" : "0,00", "pesi" : "95,49", "pesni" : "0,00", "pa" : "18,05", "pc" : "81,95", "munnr" : "5", "munpt" : "52", "munf" : "128", "pmunnr" : "2,70", "pmunpt" : "28,11", "pmunf" : "69,19" }, 
{ "and" : "P", "tpabr" : "UF", "cdabr" : "RN", "dt" : "02/10/2022", "ht" : "21:15:51", "s" : "7674", "st" : "7555", "snt" : "119", "si" : "7555", "sni" : "0", "sa" : "7555", "sna" : "0", "pst" : "98,45", "psnt" : "1,55", "psi" : "98,45", "psni" : "0,00", "psa" : "100,00", "psna" : "0,00", "e" : "2554716", "ea" : "2514431", "ena" : "0", "esi" : "2514431", "esni" : "0", "c" : "2057910", "a" : "456521", "pea" : "100,00", "pena" : "0,00", "pesi" : "98,42", "pesni" : "0,00", "pa" : "18,16", "pc" : "81,84", "munnr" : "0", "munpt" : "25", "munf" : "142", "pmunnr" : "00,00", "pmunpt" : "14,97", "pmunf" : "85,03" }, 
{ "and" : "P", "tpabr" : "UF", "cdabr" : "MG", "dt" : "02/10/2022", "ht" : "21:15:50", "s" : "49981", "st" : "48055", "snt" : "1926", "si" : "48055", "sni" : "0", "sa" : "48055", "sna" : "0", "pst" : "96,15", "psnt" : "3,85", "psi" : "96,15", "psni" : "0,00", "psa" : "100,00", "psna" : "0,00", "e" : "16283828", "ea" : "15653506", "ena" : "0", "esi" : "15653506", "esni" : "0", "c" : "12177932", "a" : "3475574", "pea" : "100,00", "pena" : "0,00", "pesi" : "96,13", "pesni" : "0,00", "pa" : "22,20", "pc" : "77,80", "munnr" : "42", "munpt" : "74", "munf" : "737", "pmunnr" : "4,92", "pmunpt" : "8,68", "pmunf" : "86,40" }, 
{ "and" : "P", "tpabr" : "UF", "cdabr" : "RO", "dt" : "02/10/2022", "ht" : "21:14:45", "s" : "4198", "st" : "4157", "snt" : "41", "si" : "4157", "sni" : "0", "sa" : "4157", "sna" : "0", "pst" : "99,02", "psnt" : "0,98", "psi" : "99,02", "psni" : "0,00", "psa" : "100,00", "psna" : "0,00", "e" : "1229998", "ea" : "1216120", "ena" : "0", "esi" : "1216120", "esni" : "0", "c" : "916655", "a" : "299465", "pea" : "100,00", "pena" : "0,00", "pesi" : "98,87", "pesni" : "0,00", "pa" : "24,62", "pc" : "75,38", "munnr" : "0", "munpt" : "6", "munf" : "46", "pmunnr" : "00,00", "pmunpt" : "11,54", "pmunf" : "88,46" }, 
{ "and" : "P", "tpabr" : "UF", "cdabr" : "CE", "dt" : "02/10/2022", "ht" : "21:15:50", "s" : "22796", "st" : "21207", "snt" : "1589", "si" : "21207", "sni" : "0", "sa" : "21207", "sna" : "0", "pst" : "93,03", "psnt" : "6,97", "psi" : "93,03", "psni" : "0,00", "psa" : "100,00", "psna" : "0,00", "e" : "6818732", "ea" : "6365649", "ena" : "0", "esi" : "6365649", "esni" : "0", "c" : "5255753", "a" : "1109896", "pea" : "100,00", "pena" : "0,00", "pesi" : "93,36", "pesni" : "0,00", "pa" : "17,44", "pc" : "82,56", "munnr" : "7", "munpt" : "82", "munf" : "95", "pmunnr" : "3,80", "pmunpt" : "44,57", "pmunf" : "51,63" }, 
{ "and" : "P", "tpabr" : "UF", "cdabr" : "GO", "dt" : "02/10/2022", "ht" : "21:15:50", "s" : "14620", "st" : "14560", "snt" : "60", "si" : "14560", "sni" : "0", "sa" : "14560", "sna" : "0", "pst" : "99,59", "psnt" : "0,41", "psi" : "99,59", "psni" : "0,00", "psa" : "100,00", "psna" : "0,00", "e" : "4870292", "ea" : "4851893", "ena" : "0", "esi" : "4851893", "esni" : "0", "c" : "3798450", "a" : "1053443", "pea" : "100,00", "pena" : "0,00", "pesi" : "99,62", "pesni" : "0,00", "pa" : "21,71", "pc" : "78,29", "munnr" : "2", "munpt" : "12", "munf" : "232", "pmunnr" : "0,81", "pmunpt" : "4,88", "pmunf" : "94,31" }, 
{ "and" : "P", "tpabr" : "UF", "cdabr" : "MS", "dt" : "02/10/2022", "ht" : "20:54:51", "s" : "6912", "st" : "6910", "snt" : "2", "si" : "6910", "sni" : "0", "sa" : "6910", "sna" : "0", "pst" : "99,97", "psnt" : "0,03", "psi" : "99,97", "psni" : "0,00", "psa" : "100,00", "psna" : "0,00", "e" : "1995932", "ea" : "1995509", "ena" : "0", "esi" : "1995509", "esni" : "0", "c" : "1554759", "a" : "440750", "pea" : "100,00", "pena" : "0,00", "pesi" : "99,98", "pesni" : "0,00", "pa" : "22,09", "pc" : "77,91", "munnr" : "0", "munpt" : "1", "munf" : "78", "pmunnr" : "00,00", "pmunpt" : "1,27", "pmunf" : "98,73" }, 
{ "and" : "P", "tpabr" : "UF", "cdabr" : "MT", "dt" : "02/10/2022", "ht" : "21:15:50", "s" : "7652", "st" : "7579", "snt" : "73", "si" : "7579", "sni" : "0", "sa" : "7579", "sna" : "0", "pst" : "99,05", "psnt" : "0,95", "psi" : "99,05", "psni" : "0,00", "psa" : "100,00", "psna" : "0,00", "e" : "2469604", "ea" : "2446182", "ena" : "0", "esi" : "2446182", "esni" : "0", "c" : "1874771", "a" : "571411", "pea" : "100,00", "pena" : "0,00", "pesi" : "99,05", "pesni" : "0,00", "pa" : "23,36", "pc" : "76,64", "munnr" : "0", "munpt" : "11", "munf" : "130", "pmunnr" : "00,00", "pmunpt" : "7,80", "pmunf" : "92,20" }, 
{ "and" : "P", "tpabr" : "UF", "cdabr" : "SE", "dt" : "02/10/2022", "ht" : "21:13:40", "s" : "5498", "st" : "5439", "snt" : "59", "si" : "5439", "sni" : "0", "sa" : "5439", "sna" : "0", "pst" : "98,93", "psnt" : "1,07", "psi" : "98,93", "psni" : "0,00", "psa" : "100,00", "psna" : "0,00", "e" : "1671376", "ea" : "1651044", "ena" : "0", "esi" : "1651044", "esni" : "0", "c" : "1348086", "a" : "302958", "pea" : "100,00", "pena" : "0,00", "pesi" : "98,78", "pesni" : "0,00", "pa" : "18,35", "pc" : "81,65", "munnr" : "0", "munpt" : "8", "munf" : "67", "pmunnr" : "00,00", "pmunpt" : "10,67", "pmunf" : "89,33" }, 
{ "and" : "F", "tpabr" : "UF", "cdabr" : "DF", "dt" : "02/10/2022", "ht" : "20:36:59", "s" : "6748", "st" : "6748", "snt" : "0", "si" : "6748", "sni" : "0", "sa" : "6748", "sna" : "0", "pst" : "100,00", "psnt" : "0,00", "psi" : "100,00", "psni" : "0,00", "psa" : "100,00", "psna" : "0,00", "e" : "2206996", "ea" : "2206996", "ena" : "0", "esi" : "2206996", "esni" : "0", "c" : "1819900", "a" : "387096", "pea" : "100,00", "pena" : "0,00", "pesi" : "100,00", "pesni" : "0,00", "pa" : "17,54", "pc" : "82,46", "munnr" : "0", "munpt" : "0", "munf" : "1", "pmunnr" : "00,00", "pmunpt" : "00,00", "pmunf" : "100,00" }, 
{ "and" : "F", "tpabr" : "UF", "cdabr" : "ES", "dt" : "02/10/2022", "ht" : "20:41:59", "s" : "9239", "st" : "9239", "snt" : "0", "si" : "9239", "sni" : "0", "sa" : "9239", "sna" : "0", "pst" : "100,00", "psnt" : "0,00", "psi" : "100,00", "psni" : "0,00", "psa" : "100,00", "psna" : "0,00", "e" : "2922379", "ea" : "2922379", "ena" : "0", "esi" : "2922379", "esni" : "0", "c" : "2315889", "a" : "606490", "pea" : "100,00", "pena" : "0,00", "pesi" : "100,00", "pesni" : "0,00", "pa" : "20,75", "pc" : "79,25", "munnr" : "0", "munpt" : "0", "munf" : "78", "pmunnr" : "00,00", "pmunpt" : "00,00", "pmunf" : "100,00" }, 
{ "and" : "P", "tpabr" : "UF", "cdabr" : "MA", "dt" : "02/10/2022", "ht" : "21:15:03", "s" : "16423", "st" : "12768", "snt" : "3655", "si" : "12768", "sni" : "0", "sa" : "12768", "sna" : "0", "pst" : "77,74", "psnt" : "22,26", "psi" : "77,74", "psni" : "0,00", "psa" : "100,00", "psna" : "0,00", "e" : "5039287", "ea" : "3924892", "ena" : "0", "esi" : "3924892", "esni" : "0", "c" : "3071543", "a" : "853349", "pea" : "100,00", "pena" : "0,00", "pesi" : "77,89", "pesni" : "0,00", "pa" : "21,74", "pc" : "78,26", "munnr" : "27", "munpt" : "134", "munf" : "56", "pmunnr" : "12,44", "pmunpt" : "61,75", "pmunf" : "25,81" }, 
{ "and" : "P", "tpabr" : "UF", "cdabr" : "PA", "dt" : "02/10/2022", "ht" : "21:15:56", "s" : "18235", "st" : "17414", "snt" : "821", "si" : "17414", "sni" : "0", "sa" : "17414", "sna" : "0", "pst" : "95,50", "psnt" : "4,50", "psi" : "95,50", "psni" : "0,00", "psa" : "100,00", "psna" : "0,00", "e" : "6079280", "ea" : "5801924", "ena" : "0", "esi" : "5801924", "esni" : "0", "c" : "4568094", "a" : "1233830", "pea" : "100,00", "pena" : "0,00", "pesi" : "95,44", "pesni" : "0,00", "pa" : "21,27", "pc" : "78,73", "munnr" : "0", "munpt" : "88", "munf" : "56", "pmunnr" : "00,00", "pmunpt" : "61,11", "pmunf" : "38,89" }, 
{ "and" : "P", "tpabr" : "UF", "cdabr" : "PI", "dt" : "02/10/2022", "ht" : "21:15:51", "s" : "8963", "st" : "8374", "snt" : "589", "si" : "8374", "sni" : "0", "sa" : "8374", "sna" : "0", "pst" : "93,43", "psnt" : "6,57", "psi" : "93,43", "psni" : "0,00", "psa" : "100,00", "psna" : "0,00", "e" : "2570433", "ea" : "2394176", "ena" : "0", "esi" : "2394176", "esni" : "0", "c" : "1969867", "a" : "424309", "pea" : "100,00", "pena" : "0,00", "pesi" : "93,14", "pesni" : "0,00", "pa" : "17,72", "pc" : "82,28", "munnr" : "6", "munpt" : "97", "munf" : "121", "pmunnr" : "2,68", "pmunpt" : "43,30", "pmunf" : "54,02" }, 
{ "and" : "P", "tpabr" : "UF", "cdabr" : "RS", "dt" : "02/10/2022", "ht" : "21:15:51", "s" : "27201", "st" : "26923", "snt" : "278", "si" : "26923", "sni" : "0", "sa" : "26923", "sna" : "0", "pst" : "98,98", "psnt" : "1,02", "psi" : "98,98", "psni" : "0,00", "psa" : "100,00", "psna" : "0,00", "e" : "8589432", "ea" : "8488193", "ena" : "0", "esi" : "8488193", "esni" : "0", "c" : "6810178", "a" : "1678015", "pea" : "100,00", "pena" : "0,00", "pesi" : "98,82", "pesni" : "0,00", "pa" : "19,77", "pc" : "80,23", "munnr" : "2", "munpt" : "13", "munf" : "482", "pmunnr" : "0,40", "pmunpt" : "2,62", "pmunf" : "96,98" }, 
{ "and" : "P", "tpabr" : "UF", "cdabr" : "AC", "dt" : "02/10/2022", "ht" : "21:13:35", "s" : "2124", "st" : "2091", "snt" : "33", "si" : "2091", "sni" : "0", "sa" : "2091", "sna" : "0", "pst" : "98,45", "psnt" : "1,55", "psi" : "98,45", "psni" : "0,00", "psa" : "100,00", "psna" : "0,00", "e" : "587738", "ea" : "578663", "ena" : "0", "esi" : "578663", "esni" : "0", "c" : "449351", "a" : "129312", "pea" : "100,00", "pena" : "0,00", "pesi" : "98,46", "pesni" : "0,00", "pa" : "22,35", "pc" : "77,65", "munnr" : "0", "munpt" : "4", "munf" : "18", "pmunnr" : "00,00", "pmunpt" : "18,18", "pmunf" : "81,82" }, 
{ "and" : "P", "tpabr" : "UF", "cdabr" : "PR", "dt" : "02/10/2022", "ht" : "21:15:51", "s" : "25721", "st" : "25635", "snt" : "86", "si" : "25635", "sni" : "0", "sa" : "25635", "sna" : "0", "pst" : "99,67", "psnt" : "0,33", "psi" : "99,67", "psni" : "0,00", "psa" : "100,00", "psna" : "0,00", "e" : "8480435", "ea" : "8450123", "ena" : "0", "esi" : "8450123", "esni" : "0", "c" : "6805314", "a" : "1644809", "pea" : "100,00", "pena" : "0,00", "pesi" : "99,64", "pesni" : "0,00", "pa" : "19,46", "pc" : "80,54", "munnr" : "2", "munpt" : "20", "munf" : "377", "pmunnr" : "0,50", "pmunpt" : "5,01", "pmunf" : "94,49" }, 
{ "and" : "P", "tpabr" : "UF", "cdabr" : "SC", "dt" : "02/10/2022", "ht" : "21:15:51", "s" : "16242", "st" : "16161", "snt" : "81", "si" : "16161", "sni" : "0", "sa" : "16161", "sna" : "0", "pst" : "99,50", "psnt" : "0,50", "psi" : "99,50", "psni" : "0,00", "psa" : "100,00", "psna" : "0,00", "e" : "5501478", "ea" : "5472460", "ena" : "0", "esi" : "5472460", "esni" : "0", "c" : "4464255", "a" : "1008205", "pea" : "100,00", "pena" : "0,00", "pesi" : "99,47", "pesni" : "0,00", "pa" : "18,42", "pc" : "81,58", "munnr" : "0", "munpt" : "11", "munf" : "284", "pmunnr" : "00,00", "pmunpt" : "3,73", "pmunf" : "96,27" }, 
{ "and" : "P", "tpabr" : "UF", "cdabr" : "TO", "dt" : "02/10/2022", "ht" : "21:15:53", "s" : "3957", "st" : "3953", "snt" : "4", "si" : "3953", "sni" : "0", "sa" : "3953", "sna" : "0", "pst" : "99,90", "psnt" : "0,10", "psi" : "99,90", "psni" : "0,00", "psa" : "100,00", "psna" : "0,00", "e" : "1094346", "ea" : "1093138", "ena" : "0", "esi" : "1093138", "esni" : "0", "c" : "890512", "a" : "202626", "pea" : "100,00", "pena" : "0,00", "pesi" : "99,89", "pesni" : "0,00", "pa" : "18,54", "pc" : "81,46", "munnr" : "0", "munpt" : "3", "munf" : "136", "pmunnr" : "00,00", "pmunpt" : "2,16", "pmunf" : "97,84" }, 
{ "and" : "P", "tpabr" : "UF", "cdabr" : "AL", "dt" : "02/10/2022", "ht" : "21:15:49", "s" : "6626", "st" : "5478", "snt" : "1148", "si" : "5478", "sni" : "0", "sa" : "5478", "sna" : "0", "pst" : "82,67", "psnt" : "17,33", "psi" : "82,67", "psni" : "0,00", "psa" : "100,00", "psna" : "0,00", "e" : "2326491", "ea" : "1899872", "ena" : "0", "esi" : "1899872", "esni" : "0", "c" : "1478427", "a" : "421445", "pea" : "100,00", "pena" : "0,00", "pesi" : "81,66", "pesni" : "0,00", "pa" : "22,18", "pc" : "77,82", "munnr" : "12", "munpt" : "34", "munf" : "56", "pmunnr" : "11,76", "pmunpt" : "33,33", "pmunf" : "54,90" }, 
{ "and" : "P", "tpabr" : "UF", "cdabr" : "BA", "dt" : "02/10/2022", "ht" : "21:15:56", "s" : "34424", "st" : "31169", "snt" : "3255", "si" : "31169", "sni" : "0", "sa" : "31169", "sna" : "0", "pst" : "90,54", "psnt" : "9,46", "psi" : "90,54", "psni" : "0,00", "psa" : "100,00", "psna" : "0,00", "e" : "11283405", "ea" : "10195061", "ena" : "0", "esi" : "10195061", "esni" : "0", "c" : "8031811", "a" : "2163250", "pea" : "100,00", "pena" : "0,00", "pesi" : "90,35", "pesni" : "0,00", "pa" : "21,22", "pc" : "78,78", "munnr" : "17", "munpt" : "198", "munf" : "202", "pmunnr" : "4,08", "pmunpt" : "47,48", "pmunf" : "48,44" }, 
{ "and" : "P", "tpabr" : "UF", "cdabr" : "PB", "dt" : "02/10/2022", "ht" : "21:14:43", "s" : "9602", "st" : "9573", "snt" : "29", "si" : "9573", "sni" : "0", "sa" : "9573", "sna" : "0", "pst" : "99,70", "psnt" : "0,30", "psi" : "99,70", "psni" : "0,00", "psa" : "100,00", "psna" : "0,00", "e" : "3092053", "ea" : "3082794", "ena" : "0", "esi" : "3082794", "esni" : "0", "c" : "2549787", "a" : "533007", "pea" : "100,00", "pena" : "0,00", "pesi" : "99,70", "pesni" : "0,00", "pa" : "17,29", "pc" : "82,71", "munnr" : "1", "munpt" : "6", "munf" : "216", "pmunnr" : "0,45", "pmunpt" : "2,69", "pmunf" : "96,86" }, 
{ "and" : "P", "tpabr" : "UF", "cdabr" : "AP", "dt" : "02/10/2022", "ht" : "21:14:42", "s" : "1740", "st" : "1732", "snt" : "8", "si" : "1732", "sni" : "0", "sa" : "1732", "sna" : "0", "pst" : "99,54", "psnt" : "0,46", "psi" : "99,54", "psni" : "0,00", "psa" : "100,00", "psna" : "0,00", "e" : "550165", "ea" : "546958", "ena" : "0", "esi" : "546958", "esni" : "0", "c" : "440199", "a" : "106759", "pea" : "100,00", "pena" : "0,00", "pesi" : "99,42", "pesni" : "0,00", "pa" : "19,52", "pc" : "80,48", "munnr" : "0", "munpt" : "5", "munf" : "11", "pmunnr" : "00,00", "pmunpt" : "31,25", "pmunf" : "68,75" }, 
{ "and" : "P", "tpabr" : "UF", "cdabr" : "RJ", "dt" : "02/10/2022", "ht" : "21:15:51", "s" : "34068", "st" : "32993", "snt" : "1075", "si" : "32993", "sni" : "0", "sa" : "32993", "sna" : "0", "pst" : "96,84", "psnt" : "3,16", "psi" : "96,84", "psni" : "0,00", "psa" : "100,00", "psna" : "0,00", "e" : "12826356", "ea" : "12405823", "ena" : "0", "esi" : "12405823", "esni" : "0", "c" : "9586471", "a" : "2819352", "pea" : "100,00", "pena" : "0,00", "pesi" : "96,72", "pesni" : "0,00", "pa" : "22,73", "pc" : "77,27", "munnr" : "1", "munpt" : "36", "munf" : "55", "pmunnr" : "1,09", "pmunpt" : "39,13", "pmunf" : "59,78" }, 
{ "and" : "F", "tpabr" : "UF", "cdabr" : "RR", "dt" : "02/10/2022", "ht" : "21:07:58", "s" : "1268", "st" : "1268", "snt" : "0", "si" : "1268", "sni" : "0", "sa" : "1268", "sna" : "0", "pst" : "100,00", "psnt" : "0,00", "psi" : "100,00", "psni" : "0,00", "psa" : "100,00", "psna" : "0,00", "e" : "366632", "ea" : "366632", "ena" : "0", "esi" : "366632", "esni" : "0", "c" : "305404", "a" : "61228", "pea" : "100,00", "pena" : "0,00", "pesi" : "100,00", "pesni" : "0,00", "pa" : "16,70", "pc" : "83,30", "munnr" : "0", "munpt" : "0", "munf" : "15", "pmunnr" : "00,00", "pmunpt" : "00,00", "pmunf" : "100,00" }, 
{ "and" : "P", "tpabr" : "UF", "cdabr" : "ZZ", "dt" : "02/10/2022", "ht" : "21:15:53", "s" : "1064", "st" : "915", "snt" : "149", "si" : "869", "sni" : "46", "sa" : "869", "sna" : "0", "pst" : "86,00", "psnt" : "14,00", "psi" : "81,67", "psni" : "18,33", "psa" : "100,00", "psna" : "0,00", "e" : "695355", "ea" : "601490", "ena" : "0", "esi" : "601490", "esni" : "573", "c" : "268045", "a" : "333445", "pea" : "100,00", "pena" : "0,00", "pesi" : "86,50", "pesni" : "99,92", "pa" : "55,44", "pc" : "44,56", "munnr" : "23", "munpt" : "25", "munf" : "133", "pmunnr" : "12,71", "pmunpt" : "13,81", "pmunf" : "73,48" }, 
{ "and" : "P", "tpabr" : "UF", "cdabr" : "SP", "dt" : "02/10/2022", "ht" : "21:16:01", "s" : "101073", "st" : "99612", "snt" : "1461", "si" : "99612", "sni" : "0", "sa" : "99612", "sna" : "0", "pst" : "98,55", "psnt" : "1,45", "psi" : "98,55", "psni" : "0,00", "psa" : "100,00", "psna" : "0,00", "e" : "34684927", "ea" : "34171032", "ena" : "0", "esi" : "34171032", "esni" : "0", "c" : "26785237", "a" : "7385795", "pea" : "100,00", "pena" : "0,00", "pesi" : "98,52", "pesni" : "0,00", "pa" : "21,61", "pc" : "78,39", "munnr" : "7", "munpt" : "34", "munf" : "604", "pmunnr" : "1,09", "pmunpt" : "5,27", "pmunf" : "93,64" }, 
{ "and" : "P", "tpabr" : "BR", "cdabr" : "BR", "dt" : "02/10/2022", "ht" : "21:16:01", "s" : "472075", "st" : "454335", "snt" : "17740", "si" : "454288", "sni" : "47", "sa" : "454288", "sna" : "0", "pst" : "96,24", "psnt" : "3,76", "psi" : "96,23", "psni" : "3,77", "psa" : "100,00", "psna" : "0,00", "e" : "156454011", "ea" : "150537067", "ena" : "0", "esi" : "150537067", "esni" : "657", "c" : "119117076", "a" : "31419991", "pea" : "100,00", "pena" : "0,00", "pesi" : "96,21", "pesni" : "100,00", "pa" : "20,88", "pc" : "79,12", "ufsnr" : "0", "ufspt" : "25", "ufsf" : "3", "pufsnr" : "00,00", "pufspt" : "89,29", "pufsf" : "10,71" } ] }