
{ "ele" : "544", "t" : "1", "f" : "O", "dg" : "02/10/2022", "hg" : "19:59:11", "abr" : [ 
{ "and" : "P", "tpabr" : "UF", "cdabr" : "AM", "dt" : "02/10/2022", "ht" : "19:58:51", "s" : "7454", "st" : "5632", "snt" : "1822", "si" : "5632", "sni" : "0", "sa" : "5632", "sna" : "0", "pst" : "75,56", "psnt" : "24,44", "psi" : "75,56", "psni" : "0,00", "psa" : "100,00", "psna" : "0,00", "e" : "2646924", "ea" : "1979181", "ena" : "0", "esi" : "1979181", "esni" : "0", "c" : "1606650", "a" : "372531", "pea" : "100,00", "pena" : "0,00", "pesi" : "74,77", "pesni" : "0,00", "pa" : "18,82", "pc" : "81,18", "munnr" : "2", "munpt" : "57", "munf" : "3", "pmunnr" : "3,23", "pmunpt" : "91,94", "pmunf" : "4,84" }, 
{ "and" : "P", "tpabr" : "UF", "cdabr" : "PE", "dt" : "02/10/2022", "ht" : "19:57:58", "s" : "20572", "st" : "10262", "snt" : "10310", "si" : "10262", "sni" : "0", "sa" : "10262", "sna" : "0", "pst" : "49,88", "psnt" : "50,12", "psi" : "49,88", "psni" : "0,00", "psa" : "100,00", "psna" : "0,00", "e" : "7015421", "ea" : "3369582", "ena" : "0", "esi" : "3369582", "esni" : "0", "c" : "2775269", "a" : "594313", "pea" : "100,00", "pena" : "0,00", "pesi" : "48,03", "pesni" : "0,00", "pa" : "17,64", "pc" : "82,36", "munnr" : "51", "munpt" : "128", "munf" : "6", "pmunnr" : "27,57", "pmunpt" : "69,19", "pmunf" : "3,24" }, 
{ "and" : "P", "tpabr" : "UF", "cdabr" : "RN", "dt" : "02/10/2022", "ht" : "19:57:56", "s" : "7674", "st" : "5270", "snt" : "2404", "si" : "5270", "sni" : "0", "sa" : "5270", "sna" : "0", "pst" : "68,67", "psnt" : "31,33", "psi" : "68,67", "psni" : "0,00", "psa" : "100,00", "psna" : "0,00", "e" : "2554716", "ea" : "1688716", "ena" : "0", "esi" : "1688716", "esni" : "0", "c" : "1386289", "a" : "302427", "pea" : "100,00", "pena" : "0,00", "pesi" : "66,10", "pesni" : "0,00", "pa" : "17,91", "pc" : "82,09", "munnr" : "11", "munpt" : "101", "munf" : "55", "pmunnr" : "6,59", "pmunpt" : "60,48", "pmunf" : "32,93" }, 
{ "and" : "P", "tpabr" : "UF", "cdabr" : "MG", "dt" : "02/10/2022", "ht" : "19:57:26", "s" : "49981", "st" : "29373", "snt" : "20608", "si" : "29373", "sni" : "0", "sa" : "29373", "sna" : "0", "pst" : "58,77", "psnt" : "41,23", "psi" : "58,77", "psni" : "0,00", "psa" : "100,00", "psna" : "0,00", "e" : "16283828", "ea" : "9287669", "ena" : "0", "esi" : "9287669", "esni" : "0", "c" : "7227251", "a" : "2060418", "pea" : "100,00", "pena" : "0,00", "pesi" : "57,04", "pesni" : "0,00", "pa" : "22,18", "pc" : "77,82", "munnr" : "300", "munpt" : "326", "munf" : "227", "pmunnr" : "35,17", "pmunpt" : "38,22", "pmunf" : "26,61" }, 
{ "and" : "P", "tpabr" : "UF", "cdabr" : "RO", "dt" : "02/10/2022", "ht" : "19:57:27", "s" : "4198", "st" : "3513", "snt" : "685", "si" : "3513", "sni" : "0", "sa" : "3513", "sna" : "0", "pst" : "83,68", "psnt" : "16,32", "psi" : "83,68", "psni" : "0,00", "psa" : "100,00", "psna" : "0,00", "e" : "1229998", "ea" : "1010403", "ena" : "0", "esi" : "1010403", "esni" : "0", "c" : "766291", "a" : "244112", "pea" : "100,00", "pena" : "0,00", "pesi" : "82,15", "pesni" : "0,00", "pa" : "24,16", "pc" : "75,84", "munnr" : "1", "munpt" : "39", "munf" : "12", "pmunnr" : "1,92", "pmunpt" : "75,00", "pmunf" : "23,08" }, 
{ "and" : "P", "tpabr" : "UF", "cdabr" : "CE", "dt" : "02/10/2022", "ht" : "19:57:39", "s" : "22796", "st" : "12118", "snt" : "10678", "si" : "12118", "sni" : "0", "sa" : "12118", "sna" : "0", "pst" : "53,16", "psnt" : "46,84", "psi" : "53,16", "psni" : "0,00", "psa" : "100,00", "psna" : "0,00", "e" : "6818732", "ea" : "3620201", "ena" : "0", "esi" : "3620201", "esni" : "0", "c" : "2984343", "a" : "635858", "pea" : "100,00", "pena" : "0,00", "pesi" : "53,09", "pesni" : "0,00", "pa" : "17,56", "pc" : "82,44", "munnr" : "29", "munpt" : "146", "munf" : "9", "pmunnr" : "15,76", "pmunpt" : "79,35", "pmunf" : "4,89" }, 
{ "and" : "P", "tpabr" : "UF", "cdabr" : "GO", "dt" : "02/10/2022", "ht" : "19:57:38", "s" : "14620", "st" : "12190", "snt" : "2430", "si" : "12190", "sni" : "0", "sa" : "12190", "sna" : "0", "pst" : "83,38", "psnt" : "16,62", "psi" : "83,38", "psni" : "0,00", "psa" : "100,00", "psna" : "0,00", "e" : "4870292", "ea" : "4044941", "ena" : "0", "esi" : "4044941", "esni" : "0", "c" : "3170599", "a" : "874342", "pea" : "100,00", "pena" : "0,00", "pesi" : "83,05", "pesni" : "0,00", "pa" : "21,62", "pc" : "78,38", "munnr" : "61", "munpt" : "107", "munf" : "78", "pmunnr" : "24,80", "pmunpt" : "43,50", "pmunf" : "31,71" }, 
{ "and" : "P", "tpabr" : "UF", "cdabr" : "MS", "dt" : "02/10/2022", "ht" : "19:57:17", "s" : "6912", "st" : "6810", "snt" : "102", "si" : "6810", "sni" : "0", "sa" : "6810", "sna" : "0", "pst" : "98,52", "psnt" : "1,48", "psi" : "98,52", "psni" : "0,00", "psa" : "100,00", "psna" : "0,00", "e" : "1995932", "ea" : "1965672", "ena" : "0", "esi" : "1965672", "esni" : "0", "c" : "1532354", "a" : "433318", "pea" : "100,00", "pena" : "0,00", "pesi" : "98,48", "pesni" : "0,00", "pa" : "22,04", "pc" : "77,96", "munnr" : "0", "munpt" : "25", "munf" : "54", "pmunnr" : "00,00", "pmunpt" : "31,65", "pmunf" : "68,35" }, 
{ "and" : "P", "tpabr" : "UF", "cdabr" : "MT", "dt" : "02/10/2022", "ht" : "19:57:41", "s" : "7652", "st" : "6421", "snt" : "1231", "si" : "6421", "sni" : "0", "sa" : "6421", "sna" : "0", "pst" : "83,91", "psnt" : "16,09", "psi" : "83,91", "psni" : "0,00", "psa" : "100,00", "psna" : "0,00", "e" : "2469604", "ea" : "2049631", "ena" : "0", "esi" : "2049631", "esni" : "0", "c" : "1576968", "a" : "472663", "pea" : "100,00", "pena" : "0,00", "pesi" : "82,99", "pesni" : "0,00", "pa" : "23,06", "pc" : "76,94", "munnr" : "9", "munpt" : "65", "munf" : "67", "pmunnr" : "6,38", "pmunpt" : "46,10", "pmunf" : "47,52" }, 
{ "and" : "P", "tpabr" : "UF", "cdabr" : "SE", "dt" : "02/10/2022", "ht" : "19:58:05", "s" : "5498", "st" : "4528", "snt" : "970", "si" : "4528", "sni" : "0", "sa" : "4528", "sna" : "0", "pst" : "82,36", "psnt" : "17,64", "psi" : "82,36", "psni" : "0,00", "psa" : "100,00", "psna" : "0,00", "e" : "1671376", "ea" : "1354756", "ena" : "0", "esi" : "1354756", "esni" : "0", "c" : "1109636", "a" : "245120", "pea" : "100,00", "pena" : "0,00", "pesi" : "81,06", "pesni" : "0,00", "pa" : "18,09", "pc" : "81,91", "munnr" : "3", "munpt" : "57", "munf" : "15", "pmunnr" : "4,00", "pmunpt" : "76,00", "pmunf" : "20,00" }, 
{ "and" : "P", "tpabr" : "UF", "cdabr" : "DF", "dt" : "02/10/2022", "ht" : "19:58:52", "s" : "6748", "st" : "6668", "snt" : "80", "si" : "6668", "sni" : "0", "sa" : "6668", "sna" : "0", "pst" : "98,81", "psnt" : "1,19", "psi" : "98,81", "psni" : "0,00", "psa" : "100,00", "psna" : "0,00", "e" : "2206996", "ea" : "2179593", "ena" : "0", "esi" : "2179593", "esni" : "0", "c" : "1798179", "a" : "381414", "pea" : "100,00", "pena" : "0,00", "pesi" : "98,76", "pesni" : "0,00", "pa" : "17,50", "pc" : "82,50", "munnr" : "0", "munpt" : "1", "munf" : "0", "pmunnr" : "00,00", "pmunpt" : "100,00", "pmunf" : "00,00" }, 
{ "and" : "P", "tpabr" : "UF", "cdabr" : "ES", "dt" : "02/10/2022", "ht" : "19:58:54", "s" : "9239", "st" : "9139", "snt" : "100", "si" : "9139", "sni" : "0", "sa" : "9139", "sna" : "0", "pst" : "98,92", "psnt" : "1,08", "psi" : "98,92", "psni" : "0,00", "psa" : "100,00", "psna" : "0,00", "e" : "2922379", "ea" : "2889877", "ena" : "0", "esi" : "2889877", "esni" : "0", "c" : "2290726", "a" : "599151", "pea" : "100,00", "pena" : "0,00", "pesi" : "98,89", "pesni" : "0,00", "pa" : "20,73", "pc" : "79,27", "munnr" : "0", "munpt" : "10", "munf" : "68", "pmunnr" : "00,00", "pmunpt" : "12,82", "pmunf" : "87,18" }, 
{ "and" : "P", "tpabr" : "UF", "cdabr" : "MA", "dt" : "02/10/2022", "ht" : "19:57:29", "s" : "16423", "st" : "6045", "snt" : "10378", "si" : "6045", "sni" : "0", "sa" : "6045", "sna" : "0", "pst" : "36,81", "psnt" : "63,19", "psi" : "36,81", "psni" : "0,00", "psa" : "100,00", "psna" : "0,00", "e" : "5039287", "ea" : "1823508", "ena" : "0", "esi" : "1823508", "esni" : "0", "c" : "1443136", "a" : "380372", "pea" : "100,00", "pena" : "0,00", "pesi" : "36,19", "pesni" : "0,00", "pa" : "20,86", "pc" : "79,14", "munnr" : "68", "munpt" : "148", "munf" : "1", "pmunnr" : "31,34", "pmunpt" : "68,20", "pmunf" : "0,46" }, 
{ "and" : "P", "tpabr" : "UF", "cdabr" : "PA", "dt" : "02/10/2022", "ht" : "19:58:04", "s" : "18235", "st" : "12261", "snt" : "5974", "si" : "12261", "sni" : "0", "sa" : "12261", "sna" : "0", "pst" : "67,24", "psnt" : "32,76", "psi" : "67,24", "psni" : "0,00", "psa" : "100,00", "psna" : "0,00", "e" : "6079280", "ea" : "4032107", "ena" : "0", "esi" : "4032107", "esni" : "0", "c" : "3185707", "a" : "846400", "pea" : "100,00", "pena" : "0,00", "pesi" : "66,33", "pesni" : "0,00", "pa" : "20,99", "pc" : "79,01", "munnr" : "0", "munpt" : "139", "munf" : "5", "pmunnr" : "00,00", "pmunpt" : "96,53", "pmunf" : "3,47" }, 
{ "and" : "P", "tpabr" : "UF", "cdabr" : "PI", "dt" : "02/10/2022", "ht" : "19:57:34", "s" : "8963", "st" : "5858", "snt" : "3105", "si" : "5858", "sni" : "0", "sa" : "5858", "sna" : "0", "pst" : "65,36", "psnt" : "34,64", "psi" : "65,36", "psni" : "0,00", "psa" : "100,00", "psna" : "0,00", "e" : "2570433", "ea" : "1643844", "ena" : "0", "esi" : "1643844", "esni" : "0", "c" : "1352223", "a" : "291621", "pea" : "100,00", "pena" : "0,00", "pesi" : "63,95", "pesni" : "0,00", "pa" : "17,74", "pc" : "82,26", "munnr" : "24", "munpt" : "183", "munf" : "17", "pmunnr" : "10,71", "pmunpt" : "81,70", "pmunf" : "7,59" }, 
{ "and" : "P", "tpabr" : "UF", "cdabr" : "RS", "dt" : "02/10/2022", "ht" : "19:57:08", "s" : "27201", "st" : "23410", "snt" : "3791", "si" : "23410", "sni" : "0", "sa" : "23410", "sna" : "0", "pst" : "86,06", "psnt" : "13,94", "psi" : "86,06", "psni" : "0,00", "psa" : "100,00", "psna" : "0,00", "e" : "8589432", "ea" : "7426174", "ena" : "0", "esi" : "7426174", "esni" : "0", "c" : "5946820", "a" : "1479354", "pea" : "100,00", "pena" : "0,00", "pesi" : "86,46", "pesni" : "0,00", "pa" : "19,92", "pc" : "80,08", "munnr" : "86", "munpt" : "150", "munf" : "261", "pmunnr" : "17,30", "pmunpt" : "30,18", "pmunf" : "52,52" }, 
{ "and" : "P", "tpabr" : "UF", "cdabr" : "AC", "dt" : "02/10/2022", "ht" : "19:58:51", "s" : "2124", "st" : "1943", "snt" : "181", "si" : "1943", "sni" : "0", "sa" : "1943", "sna" : "0", "pst" : "91,48", "psnt" : "8,52", "psi" : "91,48", "psni" : "0,00", "psa" : "100,00", "psna" : "0,00", "e" : "587738", "ea" : "538180", "ena" : "0", "esi" : "538180", "esni" : "0", "c" : "417667", "a" : "120513", "pea" : "100,00", "pena" : "0,00", "pesi" : "91,57", "pesni" : "0,00", "pa" : "22,39", "pc" : "77,61", "munnr" : "0", "munpt" : "17", "munf" : "5", "pmunnr" : "00,00", "pmunpt" : "77,27", "pmunf" : "22,73" }, 
{ "and" : "P", "tpabr" : "UF", "cdabr" : "PR", "dt" : "02/10/2022", "ht" : "19:58:56", "s" : "25721", "st" : "24041", "snt" : "1680", "si" : "24041", "sni" : "0", "sa" : "24041", "sna" : "0", "pst" : "93,47", "psnt" : "6,53", "psi" : "93,47", "psni" : "0,00", "psa" : "100,00", "psna" : "0,00", "e" : "8480435", "ea" : "7907495", "ena" : "0", "esi" : "7907495", "esni" : "0", "c" : "6370430", "a" : "1537065", "pea" : "100,00", "pena" : "0,00", "pesi" : "93,24", "pesni" : "0,00", "pa" : "19,44", "pc" : "80,56", "munnr" : "20", "munpt" : "146", "munf" : "233", "pmunnr" : "5,01", "pmunpt" : "36,59", "pmunf" : "58,40" }, 
{ "and" : "P", "tpabr" : "UF", "cdabr" : "SC", "dt" : "02/10/2022", "ht" : "19:58:03", "s" : "16242", "st" : "11392", "snt" : "4850", "si" : "11392", "sni" : "0", "sa" : "11392", "sna" : "0", "pst" : "70,14", "psnt" : "29,86", "psi" : "70,14", "psni" : "0,00", "psa" : "100,00", "psna" : "0,00", "e" : "5501478", "ea" : "3803632", "ena" : "0", "esi" : "3803632", "esni" : "0", "c" : "3117895", "a" : "685737", "pea" : "100,00", "pena" : "0,00", "pesi" : "69,14", "pesni" : "0,00", "pa" : "18,03", "pc" : "81,97", "munnr" : "34", "munpt" : "159", "munf" : "102", "pmunnr" : "11,53", "pmunpt" : "53,90", "pmunf" : "34,58" }, 
{ "and" : "P", "tpabr" : "UF", "cdabr" : "TO", "dt" : "02/10/2022", "ht" : "19:57:26", "s" : "3957", "st" : "3660", "snt" : "297", "si" : "3660", "sni" : "0", "sa" : "3660", "sna" : "0", "pst" : "92,49", "psnt" : "7,51", "psi" : "92,49", "psni" : "0,00", "psa" : "100,00", "psna" : "0,00", "e" : "1094346", "ea" : "1006078", "ena" : "0", "esi" : "1006078", "esni" : "0", "c" : "819939", "a" : "186139", "pea" : "100,00", "pena" : "0,00", "pesi" : "91,93", "pesni" : "0,00", "pa" : "18,50", "pc" : "81,50", "munnr" : "4", "munpt" : "45", "munf" : "90", "pmunnr" : "2,88", "pmunpt" : "32,37", "pmunf" : "64,75" }, 
{ "and" : "P", "tpabr" : "UF", "cdabr" : "AL", "dt" : "02/10/2022", "ht" : "19:56:54", "s" : "6626", "st" : "1523", "snt" : "5103", "si" : "1523", "sni" : "0", "sa" : "1523", "sna" : "0", "pst" : "22,99", "psnt" : "77,01", "psi" : "22,99", "psni" : "0,00", "psa" : "100,00", "psna" : "0,00", "e" : "2326491", "ea" : "483338", "ena" : "0", "esi" : "483338", "esni" : "0", "c" : "377224", "a" : "106114", "pea" : "100,00", "pena" : "0,00", "pesi" : "20,78", "pesni" : "0,00", "pa" : "21,95", "pc" : "78,05", "munnr" : "58", "munpt" : "41", "munf" : "3", "pmunnr" : "56,86", "pmunpt" : "40,20", "pmunf" : "2,94" }, 
{ "and" : "P", "tpabr" : "UF", "cdabr" : "BA", "dt" : "02/10/2022", "ht" : "19:57:40", "s" : "34424", "st" : "16094", "snt" : "18330", "si" : "16094", "sni" : "0", "sa" : "16094", "sna" : "0", "pst" : "46,75", "psnt" : "53,25", "psi" : "46,75", "psni" : "0,00", "psa" : "100,00", "psna" : "0,00", "e" : "11283405", "ea" : "5024809", "ena" : "0", "esi" : "5024809", "esni" : "0", "c" : "3954640", "a" : "1070169", "pea" : "100,00", "pena" : "0,00", "pesi" : "44,53", "pesni" : "0,00", "pa" : "21,30", "pc" : "78,70", "munnr" : "55", "munpt" : "340", "munf" : "22", "pmunnr" : "13,19", "pmunpt" : "81,53", "pmunf" : "5,28" }, 
{ "and" : "P", "tpabr" : "UF", "cdabr" : "PB", "dt" : "02/10/2022", "ht" : "19:57:24", "s" : "9602", "st" : "7043", "snt" : "2559", "si" : "7043", "sni" : "0", "sa" : "7043", "sna" : "0", "pst" : "73,35", "psnt" : "26,65", "psi" : "73,35", "psni" : "0,00", "psa" : "100,00", "psna" : "0,00", "e" : "3092053", "ea" : "2245060", "ena" : "0", "esi" : "2245060", "esni" : "0", "c" : "1864541", "a" : "380519", "pea" : "100,00", "pena" : "0,00", "pesi" : "72,61", "pesni" : "0,00", "pa" : "16,95", "pc" : "83,05", "munnr" : "40", "munpt" : "114", "munf" : "69", "pmunnr" : "17,94", "pmunpt" : "51,12", "pmunf" : "30,94" }, 
{ "and" : "P", "tpabr" : "UF", "cdabr" : "AP", "dt" : "02/10/2022", "ht" : "19:58:51", "s" : "1740", "st" : "1395", "snt" : "345", "si" : "1395", "sni" : "0", "sa" : "1395", "sna" : "0", "pst" : "80,17", "psnt" : "19,83", "psi" : "80,17", "psni" : "0,00", "psa" : "100,00", "psna" : "0,00", "e" : "550165", "ea" : "427266", "ena" : "0", "esi" : "427266", "esni" : "0", "c" : "342629", "a" : "84637", "pea" : "100,00", "pena" : "0,00", "pesi" : "77,66", "pesni" : "0,00", "pa" : "19,81", "pc" : "80,19", "munnr" : "1", "munpt" : "11", "munf" : "4", "pmunnr" : "6,25", "pmunpt" : "68,75", "pmunf" : "25,00" }, 
{ "and" : "P", "tpabr" : "UF", "cdabr" : "RJ", "dt" : "02/10/2022", "ht" : "19:57:08", "s" : "34068", "st" : "16059", "snt" : "18009", "si" : "16059", "sni" : "0", "sa" : "16059", "sna" : "0", "pst" : "47,14", "psnt" : "52,86", "psi" : "47,14", "psni" : "0,00", "psa" : "100,00", "psna" : "0,00", "e" : "12826356", "ea" : "5703399", "ena" : "0", "esi" : "5703399", "esni" : "0", "c" : "4399494", "a" : "1303905", "pea" : "100,00", "pena" : "0,00", "pesi" : "44,47", "pesni" : "0,00", "pa" : "22,86", "pc" : "77,14", "munnr" : "6", "munpt" : "80", "munf" : "6", "pmunnr" : "6,52", "pmunpt" : "86,96", "pmunf" : "6,52" }, 
{ "and" : "P", "tpabr" : "UF", "cdabr" : "RR", "dt" : "02/10/2022", "ht" : "19:58:55", "s" : "1268", "st" : "1150", "snt" : "118", "si" : "1150", "sni" : "0", "sa" : "1150", "sna" : "0", "pst" : "90,69", "psnt" : "9,31", "psi" : "90,69", "psni" : "0,00", "psa" : "100,00", "psna" : "0,00", "e" : "366632", "ea" : "329960", "ena" : "0", "esi" : "329960", "esni" : "0", "c" : "275203", "a" : "54757", "pea" : "100,00", "pena" : "0,00", "pesi" : "90,00", "pesni" : "0,00", "pa" : "16,60", "pc" : "83,40", "munnr" : "0", "munpt" : "11", "munf" : "4", "pmunnr" : "00,00", "pmunpt" : "73,33", "pmunf" : "26,67" }, 
{ "and" : "P", "tpabr" : "UF", "cdabr" : "ZZ", "dt" : "02/10/2022", "ht" : "19:56:57", "s" : "1064", "st" : "588", "snt" : "476", "si" : "588", "sni" : "0", "sa" : "588", "sna" : "0", "pst" : "55,26", "psnt" : "44,74", "psi" : "55,26", "psni" : "0,00", "psa" : "100,00", "psna" : "0,00", "e" : "695355", "ea" : "411560", "ena" : "0", "esi" : "411560", "esni" : "0", "c" : "186439", "a" : "225121", "pea" : "100,00", "pena" : "0,00", "pesi" : "59,19", "pesni" : "0,00", "pa" : "54,70", "pc" : "45,30", "munnr" : "99", "munpt" : "18", "munf" : "64", "pmunnr" : "54,70", "pmunpt" : "9,94", "pmunf" : "35,36" }, 
{ "and" : "P", "tpabr" : "UF", "cdabr" : "SP", "dt" : "02/10/2022", "ht" : "19:57:09", "s" : "101073", "st" : "70624", "snt" : "30449", "si" : "70624", "sni" : "0", "sa" : "70624", "sna" : "0", "pst" : "69,87", "psnt" : "30,13", "psi" : "69,87", "psni" : "0,00", "psa" : "100,00", "psna" : "0,00", "e" : "34684927", "ea" : "23850659", "ena" : "0", "esi" : "23850659", "esni" : "0", "c" : "18659948", "a" : "5190711", "pea" : "100,00", "pena" : "0,00", "pesi" : "68,76", "pesni" : "0,00", "pa" : "21,76", "pc" : "78,24", "munnr" : "108", "munpt" : "191", "munf" : "346", "pmunnr" : "16,74", "pmunpt" : "29,61", "pmunf" : "53,64" }, 
{ "and" : "P", "tpabr" : "BR", "cdabr" : "BR", "dt" : "02/10/2022", "ht" : "19:58:56", "s" : "472075", "st" : "315010", "snt" : "157065", "si" : "315010", "sni" : "0", "sa" : "315010", "sna" : "0", "pst" : "66,72", "psnt" : "33,28", "psi" : "66,72", "psni" : "0,00", "psa" : "100,00", "psna" : "0,00", "e" : "156454011", "ea" : "102097291", "ena" : "0", "esi" : "102097291", "esni" : "0", "c" : "80938490", "a" : "21158801", "pea" : "100,00", "pena" : "0,00", "pesi" : "65,25", "pesni" : "0,00", "pa" : "20,73", "pc" : "79,27", "ufsnr" : "0", "ufspt" : "28", "ufsf" : "0", "pufsnr" : "00,00", "pufspt" : "100,00", "pufsf" : "00,00" } ] }