
{ "ele" : "544", "t" : "1", "f" : "O", "dg" : "02/10/2022", "hg" : "19:16:06", "abr" : [ 
{ "and" : "P", "tpabr" : "UF", "cdabr" : "AM", "dt" : "02/10/2022", "ht" : "19:15:50", "s" : "7454", "st" : "3725", "snt" : "3729", "si" : "3725", "sni" : "0", "sa" : "3725", "sna" : "0", "pst" : "49,97", "psnt" : "50,03", "psi" : "49,97", "psni" : "0,00", "psa" : "100,00", "psna" : "0,00", "e" : "2646924", "ea" : "1302548", "ena" : "0", "esi" : "1302548", "esni" : "0", "c" : "1072639", "a" : "229909", "pea" : "100,00", "pena" : "0,00", "pesi" : "49,21", "pesni" : "0,00", "pa" : "17,65", "pc" : "82,35", "munnr" : "5", "munpt" : "57", "munf" : "0", "pmunnr" : "8,06", "pmunpt" : "91,94", "pmunf" : "00,00" }, 
{ "and" : "P", "tpabr" : "UF", "cdabr" : "PE", "dt" : "02/10/2022", "ht" : "19:15:36", "s" : "20572", "st" : "3617", "snt" : "16955", "si" : "3617", "sni" : "0", "sa" : "3617", "sna" : "0", "pst" : "17,58", "psnt" : "82,42", "psi" : "17,58", "psni" : "0,00", "psa" : "100,00", "psna" : "0,00", "e" : "7015421", "ea" : "1111420", "ena" : "0", "esi" : "1111420", "esni" : "0", "c" : "906607", "a" : "204813", "pea" : "100,00", "pena" : "0,00", "pesi" : "15,84", "pesni" : "0,00", "pa" : "18,43", "pc" : "81,57", "munnr" : "85", "munpt" : "100", "munf" : "0", "pmunnr" : "45,95", "pmunpt" : "54,05", "pmunf" : "00,00" }, 
{ "and" : "P", "tpabr" : "UF", "cdabr" : "RN", "dt" : "02/10/2022", "ht" : "19:14:44", "s" : "7674", "st" : "2881", "snt" : "4793", "si" : "2881", "sni" : "0", "sa" : "2881", "sna" : "0", "pst" : "37,54", "psnt" : "62,46", "psi" : "37,54", "psni" : "0,00", "psa" : "100,00", "psna" : "0,00", "e" : "2554716", "ea" : "879425", "ena" : "0", "esi" : "879425", "esni" : "0", "c" : "723031", "a" : "156394", "pea" : "100,00", "pena" : "0,00", "pesi" : "34,42", "pesni" : "0,00", "pa" : "17,78", "pc" : "82,22", "munnr" : "25", "munpt" : "121", "munf" : "21", "pmunnr" : "14,97", "pmunpt" : "72,46", "pmunf" : "12,57" }, 
{ "and" : "P", "tpabr" : "UF", "cdabr" : "MG", "dt" : "02/10/2022", "ht" : "19:15:42", "s" : "49981", "st" : "14109", "snt" : "35872", "si" : "14109", "sni" : "0", "sa" : "14109", "sna" : "0", "pst" : "28,23", "psnt" : "71,77", "psi" : "28,23", "psni" : "0,00", "psa" : "100,00", "psna" : "0,00", "e" : "16283828", "ea" : "4358073", "ena" : "0", "esi" : "4358073", "esni" : "0", "c" : "3373509", "a" : "984564", "pea" : "100,00", "pena" : "0,00", "pesi" : "26,76", "pesni" : "0,00", "pa" : "22,59", "pc" : "77,41", "munnr" : "480", "munpt" : "331", "munf" : "42", "pmunnr" : "56,27", "pmunpt" : "38,80", "pmunf" : "4,92" }, 
{ "and" : "P", "tpabr" : "UF", "cdabr" : "RO", "dt" : "02/10/2022", "ht" : "19:15:04", "s" : "4198", "st" : "2237", "snt" : "1961", "si" : "2237", "sni" : "0", "sa" : "2237", "sna" : "0", "pst" : "53,29", "psnt" : "46,71", "psi" : "53,29", "psni" : "0,00", "psa" : "100,00", "psna" : "0,00", "e" : "1229998", "ea" : "643828", "ena" : "0", "esi" : "643828", "esni" : "0", "c" : "495077", "a" : "148751", "pea" : "100,00", "pena" : "0,00", "pesi" : "52,34", "pesni" : "0,00", "pa" : "23,10", "pc" : "76,90", "munnr" : "20", "munpt" : "29", "munf" : "3", "pmunnr" : "38,46", "pmunpt" : "55,77", "pmunf" : "5,77" }, 
{ "and" : "P", "tpabr" : "UF", "cdabr" : "CE", "dt" : "02/10/2022", "ht" : "19:15:34", "s" : "22796", "st" : "5095", "snt" : "17701", "si" : "5095", "sni" : "0", "sa" : "5095", "sna" : "0", "pst" : "22,35", "psnt" : "77,65", "psi" : "22,35", "psni" : "0,00", "psa" : "100,00", "psna" : "0,00", "e" : "6818732", "ea" : "1488569", "ena" : "0", "esi" : "1488569", "esni" : "0", "c" : "1210211", "a" : "278358", "pea" : "100,00", "pena" : "0,00", "pesi" : "21,83", "pesni" : "0,00", "pa" : "18,70", "pc" : "81,30", "munnr" : "61", "munpt" : "123", "munf" : "0", "pmunnr" : "33,15", "pmunpt" : "66,85", "pmunf" : "00,00" }, 
{ "and" : "P", "tpabr" : "UF", "cdabr" : "GO", "dt" : "02/10/2022", "ht" : "19:14:51", "s" : "14620", "st" : "7749", "snt" : "6871", "si" : "7749", "sni" : "0", "sa" : "7749", "sna" : "0", "pst" : "53,00", "psnt" : "47,00", "psi" : "53,00", "psni" : "0,00", "psa" : "100,00", "psna" : "0,00", "e" : "4870292", "ea" : "2544552", "ena" : "0", "esi" : "2544552", "esni" : "0", "c" : "1999457", "a" : "545095", "pea" : "100,00", "pena" : "0,00", "pesi" : "52,25", "pesni" : "0,00", "pa" : "21,42", "pc" : "78,58", "munnr" : "125", "munpt" : "106", "munf" : "15", "pmunnr" : "50,81", "pmunpt" : "43,09", "pmunf" : "6,10" }, 
{ "and" : "P", "tpabr" : "UF", "cdabr" : "MS", "dt" : "02/10/2022", "ht" : "19:13:41", "s" : "6912", "st" : "5970", "snt" : "942", "si" : "5970", "sni" : "0", "sa" : "5970", "sna" : "0", "pst" : "86,37", "psnt" : "13,63", "psi" : "86,37", "psni" : "0,00", "psa" : "100,00", "psna" : "0,00", "e" : "1995932", "ea" : "1710038", "ena" : "0", "esi" : "1710038", "esni" : "0", "c" : "1336794", "a" : "373244", "pea" : "100,00", "pena" : "0,00", "pesi" : "85,68", "pesni" : "0,00", "pa" : "21,83", "pc" : "78,17", "munnr" : "3", "munpt" : "51", "munf" : "25", "pmunnr" : "3,80", "pmunpt" : "64,56", "pmunf" : "31,65" }, 
{ "and" : "P", "tpabr" : "UF", "cdabr" : "MT", "dt" : "02/10/2022", "ht" : "19:15:07", "s" : "7652", "st" : "4214", "snt" : "3438", "si" : "4214", "sni" : "0", "sa" : "4214", "sna" : "0", "pst" : "55,07", "psnt" : "44,93", "psi" : "55,07", "psni" : "0,00", "psa" : "100,00", "psna" : "0,00", "e" : "2469604", "ea" : "1312192", "ena" : "0", "esi" : "1312192", "esni" : "0", "c" : "1019767", "a" : "292425", "pea" : "100,00", "pena" : "0,00", "pesi" : "53,13", "pesni" : "0,00", "pa" : "22,29", "pc" : "77,71", "munnr" : "26", "munpt" : "91", "munf" : "24", "pmunnr" : "18,44", "pmunpt" : "64,54", "pmunf" : "17,02" }, 
{ "and" : "P", "tpabr" : "UF", "cdabr" : "SE", "dt" : "02/10/2022", "ht" : "19:15:05", "s" : "5498", "st" : "2543", "snt" : "2955", "si" : "2543", "sni" : "0", "sa" : "2543", "sna" : "0", "pst" : "46,25", "psnt" : "53,75", "psi" : "46,25", "psni" : "0,00", "psa" : "100,00", "psna" : "0,00", "e" : "1671376", "ea" : "746006", "ena" : "0", "esi" : "746006", "esni" : "0", "c" : "613853", "a" : "132153", "pea" : "100,00", "pena" : "0,00", "pesi" : "44,63", "pesni" : "0,00", "pa" : "17,71", "pc" : "82,29", "munnr" : "16", "munpt" : "58", "munf" : "1", "pmunnr" : "21,33", "pmunpt" : "77,33", "pmunf" : "1,33" }, 
{ "and" : "P", "tpabr" : "UF", "cdabr" : "DF", "dt" : "02/10/2022", "ht" : "19:15:46", "s" : "6748", "st" : "6306", "snt" : "442", "si" : "6306", "sni" : "0", "sa" : "6306", "sna" : "0", "pst" : "93,45", "psnt" : "6,55", "psi" : "93,45", "psni" : "0,00", "psa" : "100,00", "psna" : "0,00", "e" : "2206996", "ea" : "2048586", "ena" : "0", "esi" : "2048586", "esni" : "0", "c" : "1691469", "a" : "357117", "pea" : "100,00", "pena" : "0,00", "pesi" : "92,82", "pesni" : "0,00", "pa" : "17,43", "pc" : "82,57", "munnr" : "0", "munpt" : "1", "munf" : "0", "pmunnr" : "00,00", "pmunpt" : "100,00", "pmunf" : "00,00" }, 
{ "and" : "P", "tpabr" : "UF", "cdabr" : "ES", "dt" : "02/10/2022", "ht" : "19:15:10", "s" : "9239", "st" : "8278", "snt" : "961", "si" : "8278", "sni" : "0", "sa" : "8278", "sna" : "0", "pst" : "89,60", "psnt" : "10,40", "psi" : "89,60", "psni" : "0,00", "psa" : "100,00", "psna" : "0,00", "e" : "2922379", "ea" : "2596236", "ena" : "0", "esi" : "2596236", "esni" : "0", "c" : "2061320", "a" : "534916", "pea" : "100,00", "pena" : "0,00", "pesi" : "88,84", "pesni" : "0,00", "pa" : "20,60", "pc" : "79,40", "munnr" : "0", "munpt" : "37", "munf" : "41", "pmunnr" : "00,00", "pmunpt" : "47,44", "pmunf" : "52,56" }, 
{ "and" : "P", "tpabr" : "UF", "cdabr" : "MA", "dt" : "02/10/2022", "ht" : "19:15:21", "s" : "16423", "st" : "2439", "snt" : "13984", "si" : "2439", "sni" : "0", "sa" : "2439", "sna" : "0", "pst" : "14,85", "psnt" : "85,15", "psi" : "14,85", "psni" : "0,00", "psa" : "100,00", "psna" : "0,00", "e" : "5039287", "ea" : "702453", "ena" : "0", "esi" : "702453", "esni" : "0", "c" : "554235", "a" : "148218", "pea" : "100,00", "pena" : "0,00", "pesi" : "13,94", "pesni" : "0,00", "pa" : "21,10", "pc" : "78,90", "munnr" : "111", "munpt" : "106", "munf" : "0", "pmunnr" : "51,15", "pmunpt" : "48,85", "pmunf" : "00,00" }, 
{ "and" : "P", "tpabr" : "UF", "cdabr" : "PA", "dt" : "02/10/2022", "ht" : "19:13:49", "s" : "18235", "st" : "6883", "snt" : "11352", "si" : "6883", "sni" : "0", "sa" : "6883", "sna" : "0", "pst" : "37,75", "psnt" : "62,25", "psi" : "37,75", "psni" : "0,00", "psa" : "100,00", "psna" : "0,00", "e" : "6079280", "ea" : "2202892", "ena" : "0", "esi" : "2202892", "esni" : "0", "c" : "1750686", "a" : "452206", "pea" : "100,00", "pena" : "0,00", "pesi" : "36,24", "pesni" : "0,00", "pa" : "20,53", "pc" : "79,47", "munnr" : "4", "munpt" : "140", "munf" : "0", "pmunnr" : "2,78", "pmunpt" : "97,22", "pmunf" : "00,00" }, 
{ "and" : "P", "tpabr" : "UF", "cdabr" : "PI", "dt" : "02/10/2022", "ht" : "19:14:57", "s" : "8963", "st" : "3682", "snt" : "5281", "si" : "3682", "sni" : "0", "sa" : "3682", "sna" : "0", "pst" : "41,08", "psnt" : "58,92", "psi" : "41,08", "psni" : "0,00", "psa" : "100,00", "psna" : "0,00", "e" : "2570433", "ea" : "1023702", "ena" : "0", "esi" : "1023702", "esni" : "0", "c" : "841165", "a" : "182537", "pea" : "100,00", "pena" : "0,00", "pesi" : "39,83", "pesni" : "0,00", "pa" : "17,83", "pc" : "82,17", "munnr" : "51", "munpt" : "173", "munf" : "0", "pmunnr" : "22,77", "pmunpt" : "77,23", "pmunf" : "00,00" }, 
{ "and" : "P", "tpabr" : "UF", "cdabr" : "RS", "dt" : "02/10/2022", "ht" : "19:15:01", "s" : "27201", "st" : "15174", "snt" : "12027", "si" : "15174", "sni" : "0", "sa" : "15174", "sna" : "0", "pst" : "55,78", "psnt" : "44,22", "psi" : "55,78", "psni" : "0,00", "psa" : "100,00", "psna" : "0,00", "e" : "8589432", "ea" : "4772878", "ena" : "0", "esi" : "4772878", "esni" : "0", "c" : "3822345", "a" : "950533", "pea" : "100,00", "pena" : "0,00", "pesi" : "55,57", "pesni" : "0,00", "pa" : "19,92", "pc" : "80,08", "munnr" : "215", "munpt" : "219", "munf" : "63", "pmunnr" : "43,26", "pmunpt" : "44,06", "pmunf" : "12,68" }, 
{ "and" : "P", "tpabr" : "UF", "cdabr" : "AC", "dt" : "02/10/2022", "ht" : "19:14:11", "s" : "2124", "st" : "1457", "snt" : "667", "si" : "1457", "sni" : "0", "sa" : "1457", "sna" : "0", "pst" : "68,60", "psnt" : "31,40", "psi" : "68,60", "psni" : "0,00", "psa" : "100,00", "psna" : "0,00", "e" : "587738", "ea" : "405823", "ena" : "0", "esi" : "405823", "esni" : "0", "c" : "313590", "a" : "92233", "pea" : "100,00", "pena" : "0,00", "pesi" : "69,05", "pesni" : "0,00", "pa" : "22,73", "pc" : "77,27", "munnr" : "0", "munpt" : "22", "munf" : "0", "pmunnr" : "00,00", "pmunpt" : "100,00", "pmunf" : "00,00" }, 
{ "and" : "P", "tpabr" : "UF", "cdabr" : "PR", "dt" : "02/10/2022", "ht" : "19:14:54", "s" : "25721", "st" : "16480", "snt" : "9241", "si" : "16480", "sni" : "0", "sa" : "16480", "sna" : "0", "pst" : "64,07", "psnt" : "35,93", "psi" : "64,07", "psni" : "0,00", "psa" : "100,00", "psna" : "0,00", "e" : "8480435", "ea" : "5366692", "ena" : "0", "esi" : "5366692", "esni" : "0", "c" : "4327287", "a" : "1039405", "pea" : "100,00", "pena" : "0,00", "pesi" : "63,28", "pesni" : "0,00", "pa" : "19,37", "pc" : "80,63", "munnr" : "101", "munpt" : "229", "munf" : "69", "pmunnr" : "25,31", "pmunpt" : "57,39", "pmunf" : "17,29" }, 
{ "and" : "P", "tpabr" : "UF", "cdabr" : "SC", "dt" : "02/10/2022", "ht" : "19:13:52", "s" : "16242", "st" : "3646", "snt" : "12596", "si" : "3646", "sni" : "0", "sa" : "3646", "sna" : "0", "pst" : "22,45", "psnt" : "77,55", "psi" : "22,45", "psni" : "0,00", "psa" : "100,00", "psna" : "0,00", "e" : "5501478", "ea" : "1178034", "ena" : "0", "esi" : "1178034", "esni" : "0", "c" : "971495", "a" : "206539", "pea" : "100,00", "pena" : "0,00", "pesi" : "21,41", "pesni" : "0,00", "pa" : "17,53", "pc" : "82,47", "munnr" : "138", "munpt" : "141", "munf" : "16", "pmunnr" : "46,78", "pmunpt" : "47,80", "pmunf" : "5,42" }, 
{ "and" : "P", "tpabr" : "UF", "cdabr" : "TO", "dt" : "02/10/2022", "ht" : "19:13:33", "s" : "3957", "st" : "3007", "snt" : "950", "si" : "3007", "sni" : "0", "sa" : "3007", "sna" : "0", "pst" : "75,99", "psnt" : "24,01", "psi" : "75,99", "psni" : "0,00", "psa" : "100,00", "psna" : "0,00", "e" : "1094346", "ea" : "811498", "ena" : "0", "esi" : "811498", "esni" : "0", "c" : "660807", "a" : "150691", "pea" : "100,00", "pena" : "0,00", "pesi" : "74,15", "pesni" : "0,00", "pa" : "18,57", "pc" : "81,43", "munnr" : "15", "munpt" : "80", "munf" : "44", "pmunnr" : "10,79", "pmunpt" : "57,55", "pmunf" : "31,65" }, 
{ "and" : "P", "tpabr" : "UF", "cdabr" : "AL", "dt" : "02/10/2022", "ht" : "19:15:18", "s" : "6626", "st" : "423", "snt" : "6203", "si" : "423", "sni" : "0", "sa" : "423", "sna" : "0", "pst" : "6,38", "psnt" : "93,62", "psi" : "6,38", "psni" : "0,00", "psa" : "100,00", "psna" : "0,00", "e" : "2326491", "ea" : "131360", "ena" : "0", "esi" : "131360", "esni" : "0", "c" : "102500", "a" : "28860", "pea" : "100,00", "pena" : "0,00", "pesi" : "5,65", "pesni" : "0,00", "pa" : "21,97", "pc" : "78,03", "munnr" : "75", "munpt" : "27", "munf" : "0", "pmunnr" : "73,53", "pmunpt" : "26,47", "pmunf" : "00,00" }, 
{ "and" : "P", "tpabr" : "UF", "cdabr" : "BA", "dt" : "02/10/2022", "ht" : "19:15:23", "s" : "34424", "st" : "7137", "snt" : "27287", "si" : "7137", "sni" : "0", "sa" : "7137", "sna" : "0", "pst" : "20,73", "psnt" : "79,27", "psi" : "20,73", "psni" : "0,00", "psa" : "100,00", "psna" : "0,00", "e" : "11283405", "ea" : "2175528", "ena" : "0", "esi" : "2175528", "esni" : "0", "c" : "1715507", "a" : "460021", "pea" : "100,00", "pena" : "0,00", "pesi" : "19,28", "pesni" : "0,00", "pa" : "21,15", "pc" : "78,85", "munnr" : "136", "munpt" : "274", "munf" : "7", "pmunnr" : "32,61", "pmunpt" : "65,71", "pmunf" : "1,68" }, 
{ "and" : "P", "tpabr" : "UF", "cdabr" : "PB", "dt" : "02/10/2022", "ht" : "19:15:52", "s" : "9602", "st" : "3793", "snt" : "5809", "si" : "3793", "sni" : "0", "sa" : "3793", "sna" : "0", "pst" : "39,50", "psnt" : "60,50", "psi" : "39,50", "psni" : "0,00", "psa" : "100,00", "psna" : "0,00", "e" : "3092053", "ea" : "1196918", "ena" : "0", "esi" : "1196918", "esni" : "0", "c" : "999999", "a" : "196919", "pea" : "100,00", "pena" : "0,00", "pesi" : "38,71", "pesni" : "0,00", "pa" : "16,45", "pc" : "83,55", "munnr" : "88", "munpt" : "123", "munf" : "12", "pmunnr" : "39,46", "pmunpt" : "55,16", "pmunf" : "5,38" }, 
{ "and" : "P", "tpabr" : "UF", "cdabr" : "AP", "dt" : "02/10/2022", "ht" : "19:15:47", "s" : "1740", "st" : "782", "snt" : "958", "si" : "782", "sni" : "0", "sa" : "782", "sna" : "0", "pst" : "44,94", "psnt" : "55,06", "psi" : "44,94", "psni" : "0,00", "psa" : "100,00", "psna" : "0,00", "e" : "550165", "ea" : "225258", "ena" : "0", "esi" : "225258", "esni" : "0", "c" : "180143", "a" : "45115", "pea" : "100,00", "pena" : "0,00", "pesi" : "40,94", "pesni" : "0,00", "pa" : "20,03", "pc" : "79,97", "munnr" : "1", "munpt" : "14", "munf" : "1", "pmunnr" : "6,25", "pmunpt" : "87,50", "pmunf" : "6,25" }, 
{ "and" : "P", "tpabr" : "UF", "cdabr" : "RJ", "dt" : "02/10/2022", "ht" : "19:15:22", "s" : "34068", "st" : "5322", "snt" : "28746", "si" : "5322", "sni" : "0", "sa" : "5322", "sna" : "0", "pst" : "15,62", "psnt" : "84,38", "psi" : "15,62", "psni" : "0,00", "psa" : "100,00", "psna" : "0,00", "e" : "12826356", "ea" : "1754029", "ena" : "0", "esi" : "1754029", "esni" : "0", "c" : "1354247", "a" : "399782", "pea" : "100,00", "pena" : "0,00", "pesi" : "13,68", "pesni" : "0,00", "pa" : "22,79", "pc" : "77,21", "munnr" : "18", "munpt" : "74", "munf" : "0", "pmunnr" : "19,57", "pmunpt" : "80,43", "pmunf" : "00,00" }, 
{ "and" : "P", "tpabr" : "UF", "cdabr" : "RR", "dt" : "02/10/2022", "ht" : "19:15:46", "s" : "1268", "st" : "662", "snt" : "606", "si" : "662", "sni" : "0", "sa" : "662", "sna" : "0", "pst" : "52,21", "psnt" : "47,79", "psi" : "52,21", "psni" : "0,00", "psa" : "100,00", "psna" : "0,00", "e" : "366632", "ea" : "182632", "ena" : "0", "esi" : "182632", "esni" : "0", "c" : "152686", "a" : "29946", "pea" : "100,00", "pena" : "0,00", "pesi" : "49,81", "pesni" : "0,00", "pa" : "16,40", "pc" : "83,60", "munnr" : "0", "munpt" : "15", "munf" : "0", "pmunnr" : "00,00", "pmunpt" : "100,00", "pmunf" : "00,00" }, 
{ "and" : "P", "tpabr" : "UF", "cdabr" : "ZZ", "dt" : "02/10/2022", "ht" : "19:15:23", "s" : "1064", "st" : "513", "snt" : "551", "si" : "513", "sni" : "0", "sa" : "513", "sna" : "0", "pst" : "48,21", "psnt" : "51,79", "psi" : "48,21", "psni" : "0,00", "psa" : "100,00", "psna" : "0,00", "e" : "695355", "ea" : "356371", "ena" : "0", "esi" : "356371", "esni" : "0", "c" : "161794", "a" : "194577", "pea" : "100,00", "pena" : "0,00", "pesi" : "51,25", "pesni" : "0,00", "pa" : "54,60", "pc" : "45,40", "munnr" : "109", "munpt" : "15", "munf" : "57", "pmunnr" : "60,22", "pmunpt" : "8,29", "pmunf" : "31,49" }, 
{ "and" : "P", "tpabr" : "UF", "cdabr" : "SP", "dt" : "02/10/2022", "ht" : "19:15:33", "s" : "101073", "st" : "31379", "snt" : "69694", "si" : "31379", "sni" : "0", "sa" : "31379", "sna" : "0", "pst" : "31,05", "psnt" : "68,95", "psi" : "31,05", "psni" : "0,00", "psa" : "100,00", "psna" : "0,00", "e" : "34684927", "ea" : "10259006", "ena" : "0", "esi" : "10259006", "esni" : "0", "c" : "8005576", "a" : "2253430", "pea" : "100,00", "pena" : "0,00", "pesi" : "29,58", "pesni" : "0,00", "pa" : "21,97", "pc" : "78,03", "munnr" : "292", "munpt" : "241", "munf" : "112", "pmunnr" : "45,27", "pmunpt" : "37,36", "pmunf" : "17,36" }, 
{ "and" : "P", "tpabr" : "BR", "cdabr" : "BR", "dt" : "02/10/2022", "ht" : "19:15:52", "s" : "472075", "st" : "169503", "snt" : "302572", "si" : "169503", "sni" : "0", "sa" : "169503", "sna" : "0", "pst" : "35,90", "psnt" : "64,10", "psi" : "35,90", "psni" : "0,00", "psa" : "100,00", "psna" : "0,00", "e" : "156454011", "ea" : "53486547", "ena" : "0", "esi" : "53486547", "esni" : "0", "c" : "42417796", "a" : "11068751", "pea" : "100,00", "pena" : "0,00", "pesi" : "34,18", "pesni" : "0,00", "pa" : "20,70", "pc" : "79,30", "ufsnr" : "0", "ufspt" : "28", "ufsf" : "0", "pufsnr" : "00,00", "pufspt" : "100,00", "pufsf" : "00,00" } ] }