
{ "ele" : "544", "t" : "1", "f" : "O", "dg" : "02/10/2022", "hg" : "21:22:15", "abr" : [ 
{ "and" : "P", "tpabr" : "UF", "cdabr" : "AM", "dt" : "02/10/2022", "ht" : "21:21:22", "s" : "7454", "st" : "7198", "snt" : "256", "si" : "7197", "sni" : "1", "sa" : "7197", "sna" : "0", "pst" : "96,57", "psnt" : "3,43", "psi" : "96,55", "psni" : "3,45", "psa" : "100,00", "psna" : "0,00", "e" : "2646924", "ea" : "2549423", "ena" : "0", "esi" : "2549423", "esni" : "84", "c" : "2039153", "a" : "510270", "pea" : "100,00", "pena" : "0,00", "pesi" : "96,32", "pesni" : "100,00", "pa" : "20,02", "pc" : "79,98", "munnr" : "0", "munpt" : "34", "munf" : "28", "pmunnr" : "00,00", "pmunpt" : "54,84", "pmunf" : "45,16" }, 
{ "and" : "P", "tpabr" : "UF", "cdabr" : "PE", "dt" : "02/10/2022", "ht" : "21:21:26", "s" : "20572", "st" : "19701", "snt" : "871", "si" : "19701", "sni" : "0", "sa" : "19701", "sna" : "0", "pst" : "95,77", "psnt" : "4,23", "psi" : "95,77", "psni" : "0,00", "psa" : "100,00", "psna" : "0,00", "e" : "7015421", "ea" : "6714557", "ena" : "0", "esi" : "6714557", "esni" : "0", "c" : "5501694", "a" : "1212863", "pea" : "100,00", "pena" : "0,00", "pesi" : "95,71", "pesni" : "0,00", "pa" : "18,06", "pc" : "81,94", "munnr" : "4", "munpt" : "47", "munf" : "134", "pmunnr" : "2,16", "pmunpt" : "25,41", "pmunf" : "72,43" }, 
{ "and" : "P", "tpabr" : "UF", "cdabr" : "RN", "dt" : "02/10/2022", "ht" : "21:21:27", "s" : "7674", "st" : "7589", "snt" : "85", "si" : "7589", "sni" : "0", "sa" : "7589", "sna" : "0", "pst" : "98,89", "psnt" : "1,11", "psi" : "98,89", "psni" : "0,00", "psa" : "100,00", "psna" : "0,00", "e" : "2554716", "ea" : "2526142", "ena" : "0", "esi" : "2526142", "esni" : "0", "c" : "2067361", "a" : "458781", "pea" : "100,00", "pena" : "0,00", "pesi" : "98,88", "pesni" : "0,00", "pa" : "18,16", "pc" : "81,84", "munnr" : "0", "munpt" : "18", "munf" : "149", "pmunnr" : "00,00", "pmunpt" : "10,78", "pmunf" : "89,22" }, 
{ "and" : "P", "tpabr" : "UF", "cdabr" : "MG", "dt" : "02/10/2022", "ht" : "21:21:27", "s" : "49981", "st" : "48260", "snt" : "1721", "si" : "48260", "sni" : "0", "sa" : "48260", "sna" : "0", "pst" : "96,56", "psnt" : "3,44", "psi" : "96,56", "psni" : "0,00", "psa" : "100,00", "psna" : "0,00", "e" : "16283828", "ea" : "15731394", "ena" : "0", "esi" : "15731394", "esni" : "0", "c" : "12238707", "a" : "3492687", "pea" : "100,00", "pena" : "0,00", "pesi" : "96,61", "pesni" : "0,00", "pa" : "22,20", "pc" : "77,80", "munnr" : "40", "munpt" : "70", "munf" : "743", "pmunnr" : "4,69", "pmunpt" : "8,21", "pmunf" : "87,10" }, 
{ "and" : "P", "tpabr" : "UF", "cdabr" : "RO", "dt" : "02/10/2022", "ht" : "21:14:45", "s" : "4198", "st" : "4157", "snt" : "41", "si" : "4157", "sni" : "0", "sa" : "4157", "sna" : "0", "pst" : "99,02", "psnt" : "0,98", "psi" : "99,02", "psni" : "0,00", "psa" : "100,00", "psna" : "0,00", "e" : "1229998", "ea" : "1216120", "ena" : "0", "esi" : "1216120", "esni" : "0", "c" : "916655", "a" : "299465", "pea" : "100,00", "pena" : "0,00", "pesi" : "98,87", "pesni" : "0,00", "pa" : "24,62", "pc" : "75,38", "munnr" : "0", "munpt" : "6", "munf" : "46", "pmunnr" : "00,00", "pmunpt" : "11,54", "pmunf" : "88,46" }, 
{ "and" : "P", "tpabr" : "UF", "cdabr" : "CE", "dt" : "02/10/2022", "ht" : "21:21:23", "s" : "22796", "st" : "21493", "snt" : "1303", "si" : "21493", "sni" : "0", "sa" : "21493", "sna" : "0", "pst" : "94,28", "psnt" : "5,72", "psi" : "94,28", "psni" : "0,00", "psa" : "100,00", "psna" : "0,00", "e" : "6818732", "ea" : "6444489", "ena" : "0", "esi" : "6444489", "esni" : "0", "c" : "5321165", "a" : "1123324", "pea" : "100,00", "pena" : "0,00", "pesi" : "94,51", "pesni" : "0,00", "pa" : "17,43", "pc" : "82,57", "munnr" : "5", "munpt" : "76", "munf" : "103", "pmunnr" : "2,72", "pmunpt" : "41,30", "pmunf" : "55,98" }, 
{ "and" : "P", "tpabr" : "UF", "cdabr" : "GO", "dt" : "02/10/2022", "ht" : "21:15:50", "s" : "14620", "st" : "14560", "snt" : "60", "si" : "14560", "sni" : "0", "sa" : "14560", "sna" : "0", "pst" : "99,59", "psnt" : "0,41", "psi" : "99,59", "psni" : "0,00", "psa" : "100,00", "psna" : "0,00", "e" : "4870292", "ea" : "4851893", "ena" : "0", "esi" : "4851893", "esni" : "0", "c" : "3798450", "a" : "1053443", "pea" : "100,00", "pena" : "0,00", "pesi" : "99,62", "pesni" : "0,00", "pa" : "21,71", "pc" : "78,29", "munnr" : "2", "munpt" : "12", "munf" : "232", "pmunnr" : "0,81", "pmunpt" : "4,88", "pmunf" : "94,31" }, 
{ "and" : "P", "tpabr" : "UF", "cdabr" : "MS", "dt" : "02/10/2022", "ht" : "20:54:51", "s" : "6912", "st" : "6910", "snt" : "2", "si" : "6910", "sni" : "0", "sa" : "6910", "sna" : "0", "pst" : "99,97", "psnt" : "0,03", "psi" : "99,97", "psni" : "0,00", "psa" : "100,00", "psna" : "0,00", "e" : "1995932", "ea" : "1995509", "ena" : "0", "esi" : "1995509", "esni" : "0", "c" : "1554759", "a" : "440750", "pea" : "100,00", "pena" : "0,00", "pesi" : "99,98", "pesni" : "0,00", "pa" : "22,09", "pc" : "77,91", "munnr" : "0", "munpt" : "1", "munf" : "78", "pmunnr" : "00,00", "pmunpt" : "1,27", "pmunf" : "98,73" }, 
{ "and" : "P", "tpabr" : "UF", "cdabr" : "MT", "dt" : "02/10/2022", "ht" : "21:21:23", "s" : "7652", "st" : "7620", "snt" : "32", "si" : "7620", "sni" : "0", "sa" : "7620", "sna" : "0", "pst" : "99,58", "psnt" : "0,42", "psi" : "99,58", "psni" : "0,00", "psa" : "100,00", "psna" : "0,00", "e" : "2469604", "ea" : "2458217", "ena" : "0", "esi" : "2458217", "esni" : "0", "c" : "1883778", "a" : "574439", "pea" : "100,00", "pena" : "0,00", "pesi" : "99,54", "pesni" : "0,00", "pa" : "23,37", "pc" : "76,63", "munnr" : "0", "munpt" : "11", "munf" : "130", "pmunnr" : "00,00", "pmunpt" : "7,80", "pmunf" : "92,20" }, 
{ "and" : "P", "tpabr" : "UF", "cdabr" : "SE", "dt" : "02/10/2022", "ht" : "21:20:18", "s" : "5498", "st" : "5479", "snt" : "19", "si" : "5479", "sni" : "0", "sa" : "5479", "sna" : "0", "pst" : "99,65", "psnt" : "0,35", "psi" : "99,65", "psni" : "0,00", "psa" : "100,00", "psna" : "0,00", "e" : "1671376", "ea" : "1664628", "ena" : "0", "esi" : "1664628", "esni" : "0", "c" : "1359218", "a" : "305410", "pea" : "100,00", "pena" : "0,00", "pesi" : "99,60", "pesni" : "0,00", "pa" : "18,35", "pc" : "81,65", "munnr" : "0", "munpt" : "7", "munf" : "68", "pmunnr" : "00,00", "pmunpt" : "9,33", "pmunf" : "90,67" }, 
{ "and" : "F", "tpabr" : "UF", "cdabr" : "DF", "dt" : "02/10/2022", "ht" : "20:36:59", "s" : "6748", "st" : "6748", "snt" : "0", "si" : "6748", "sni" : "0", "sa" : "6748", "sna" : "0", "pst" : "100,00", "psnt" : "0,00", "psi" : "100,00", "psni" : "0,00", "psa" : "100,00", "psna" : "0,00", "e" : "2206996", "ea" : "2206996", "ena" : "0", "esi" : "2206996", "esni" : "0", "c" : "1819900", "a" : "387096", "pea" : "100,00", "pena" : "0,00", "pesi" : "100,00", "pesni" : "0,00", "pa" : "17,54", "pc" : "82,46", "munnr" : "0", "munpt" : "0", "munf" : "1", "pmunnr" : "00,00", "pmunpt" : "00,00", "pmunf" : "100,00" }, 
{ "and" : "F", "tpabr" : "UF", "cdabr" : "ES", "dt" : "02/10/2022", "ht" : "20:41:59", "s" : "9239", "st" : "9239", "snt" : "0", "si" : "9239", "sni" : "0", "sa" : "9239", "sna" : "0", "pst" : "100,00", "psnt" : "0,00", "psi" : "100,00", "psni" : "0,00", "psa" : "100,00", "psna" : "0,00", "e" : "2922379", "ea" : "2922379", "ena" : "0", "esi" : "2922379", "esni" : "0", "c" : "2315889", "a" : "606490", "pea" : "100,00", "pena" : "0,00", "pesi" : "100,00", "pesni" : "0,00", "pa" : "20,75", "pc" : "79,25", "munnr" : "0", "munpt" : "0", "munf" : "78", "pmunnr" : "00,00", "pmunpt" : "00,00", "pmunf" : "100,00" }, 
{ "and" : "P", "tpabr" : "UF", "cdabr" : "MA", "dt" : "02/10/2022", "ht" : "21:21:27", "s" : "16423", "st" : "13006", "snt" : "3417", "si" : "13006", "sni" : "0", "sa" : "13006", "sna" : "0", "pst" : "79,19", "psnt" : "20,81", "psi" : "79,19", "psni" : "0,00", "psa" : "100,00", "psna" : "0,00", "e" : "5039287", "ea" : "3994520", "ena" : "0", "esi" : "3994520", "esni" : "0", "c" : "3123889", "a" : "870631", "pea" : "100,00", "pena" : "0,00", "pesi" : "79,27", "pesni" : "0,00", "pa" : "21,80", "pc" : "78,20", "munnr" : "25", "munpt" : "132", "munf" : "60", "pmunnr" : "11,52", "pmunpt" : "60,83", "pmunf" : "27,65" }, 
{ "and" : "P", "tpabr" : "UF", "cdabr" : "PA", "dt" : "02/10/2022", "ht" : "21:21:23", "s" : "18235", "st" : "17473", "snt" : "762", "si" : "17473", "sni" : "0", "sa" : "17473", "sna" : "0", "pst" : "95,82", "psnt" : "4,18", "psi" : "95,82", "psni" : "0,00", "psa" : "100,00", "psna" : "0,00", "e" : "6079280", "ea" : "5823185", "ena" : "0", "esi" : "5823185", "esni" : "0", "c" : "4584925", "a" : "1238260", "pea" : "100,00", "pena" : "0,00", "pesi" : "95,79", "pesni" : "0,00", "pa" : "21,26", "pc" : "78,74", "munnr" : "0", "munpt" : "81", "munf" : "63", "pmunnr" : "00,00", "pmunpt" : "56,25", "pmunf" : "43,75" }, 
{ "and" : "P", "tpabr" : "UF", "cdabr" : "PI", "dt" : "02/10/2022", "ht" : "21:21:27", "s" : "8963", "st" : "8416", "snt" : "547", "si" : "8416", "sni" : "0", "sa" : "8416", "sna" : "0", "pst" : "93,90", "psnt" : "6,10", "psi" : "93,90", "psni" : "0,00", "psa" : "100,00", "psna" : "0,00", "e" : "2570433", "ea" : "2406538", "ena" : "0", "esi" : "2406538", "esni" : "0", "c" : "1979826", "a" : "426712", "pea" : "100,00", "pena" : "0,00", "pesi" : "93,62", "pesni" : "0,00", "pa" : "17,73", "pc" : "82,27", "munnr" : "6", "munpt" : "91", "munf" : "127", "pmunnr" : "2,68", "pmunpt" : "40,63", "pmunf" : "56,70" }, 
{ "and" : "P", "tpabr" : "UF", "cdabr" : "RS", "dt" : "02/10/2022", "ht" : "21:21:27", "s" : "27201", "st" : "26948", "snt" : "253", "si" : "26948", "sni" : "0", "sa" : "26948", "sna" : "0", "pst" : "99,07", "psnt" : "0,93", "psi" : "99,07", "psni" : "0,00", "psa" : "100,00", "psna" : "0,00", "e" : "8589432", "ea" : "8497347", "ena" : "0", "esi" : "8497347", "esni" : "0", "c" : "6817390", "a" : "1679957", "pea" : "100,00", "pena" : "0,00", "pesi" : "98,93", "pesni" : "0,00", "pa" : "19,77", "pc" : "80,23", "munnr" : "2", "munpt" : "10", "munf" : "485", "pmunnr" : "0,40", "pmunpt" : "2,01", "pmunf" : "97,59" }, 
{ "and" : "P", "tpabr" : "UF", "cdabr" : "AC", "dt" : "02/10/2022", "ht" : "21:13:35", "s" : "2124", "st" : "2091", "snt" : "33", "si" : "2091", "sni" : "0", "sa" : "2091", "sna" : "0", "pst" : "98,45", "psnt" : "1,55", "psi" : "98,45", "psni" : "0,00", "psa" : "100,00", "psna" : "0,00", "e" : "587738", "ea" : "578663", "ena" : "0", "esi" : "578663", "esni" : "0", "c" : "449351", "a" : "129312", "pea" : "100,00", "pena" : "0,00", "pesi" : "98,46", "pesni" : "0,00", "pa" : "22,35", "pc" : "77,65", "munnr" : "0", "munpt" : "4", "munf" : "18", "pmunnr" : "00,00", "pmunpt" : "18,18", "pmunf" : "81,82" }, 
{ "and" : "P", "tpabr" : "UF", "cdabr" : "PR", "dt" : "02/10/2022", "ht" : "21:20:18", "s" : "25721", "st" : "25644", "snt" : "77", "si" : "25644", "sni" : "0", "sa" : "25644", "sna" : "0", "pst" : "99,70", "psnt" : "0,30", "psi" : "99,70", "psni" : "0,00", "psa" : "100,00", "psna" : "0,00", "e" : "8480435", "ea" : "8453911", "ena" : "0", "esi" : "8453911", "esni" : "0", "c" : "6808347", "a" : "1645564", "pea" : "100,00", "pena" : "0,00", "pesi" : "99,69", "pesni" : "0,00", "pa" : "19,47", "pc" : "80,53", "munnr" : "2", "munpt" : "16", "munf" : "381", "pmunnr" : "0,50", "pmunpt" : "4,01", "pmunf" : "95,49" }, 
{ "and" : "P", "tpabr" : "UF", "cdabr" : "SC", "dt" : "02/10/2022", "ht" : "21:21:24", "s" : "16242", "st" : "16220", "snt" : "22", "si" : "16220", "sni" : "0", "sa" : "16220", "sna" : "0", "pst" : "99,86", "psnt" : "0,14", "psi" : "99,86", "psni" : "0,00", "psa" : "100,00", "psna" : "0,00", "e" : "5501478", "ea" : "5493614", "ena" : "0", "esi" : "5493614", "esni" : "0", "c" : "4481235", "a" : "1012379", "pea" : "100,00", "pena" : "0,00", "pesi" : "99,86", "pesni" : "0,00", "pa" : "18,43", "pc" : "81,57", "munnr" : "0", "munpt" : "10", "munf" : "285", "pmunnr" : "00,00", "pmunpt" : "3,39", "pmunf" : "96,61" }, 
{ "and" : "P", "tpabr" : "UF", "cdabr" : "TO", "dt" : "02/10/2022", "ht" : "21:15:53", "s" : "3957", "st" : "3953", "snt" : "4", "si" : "3953", "sni" : "0", "sa" : "3953", "sna" : "0", "pst" : "99,90", "psnt" : "0,10", "psi" : "99,90", "psni" : "0,00", "psa" : "100,00", "psna" : "0,00", "e" : "1094346", "ea" : "1093138", "ena" : "0", "esi" : "1093138", "esni" : "0", "c" : "890512", "a" : "202626", "pea" : "100,00", "pena" : "0,00", "pesi" : "99,89", "pesni" : "0,00", "pa" : "18,54", "pc" : "81,46", "munnr" : "0", "munpt" : "3", "munf" : "136", "pmunnr" : "00,00", "pmunpt" : "2,16", "pmunf" : "97,84" }, 
{ "and" : "P", "tpabr" : "UF", "cdabr" : "AL", "dt" : "02/10/2022", "ht" : "21:21:23", "s" : "6626", "st" : "5646", "snt" : "980", "si" : "5646", "sni" : "0", "sa" : "5646", "sna" : "0", "pst" : "85,21", "psnt" : "14,79", "psi" : "85,21", "psni" : "0,00", "psa" : "100,00", "psna" : "0,00", "e" : "2326491", "ea" : "1964028", "ena" : "0", "esi" : "1964028", "esni" : "0", "c" : "1527874", "a" : "436154", "pea" : "100,00", "pena" : "0,00", "pesi" : "84,42", "pesni" : "0,00", "pa" : "22,21", "pc" : "77,79", "munnr" : "10", "munpt" : "33", "munf" : "59", "pmunnr" : "9,80", "pmunpt" : "32,35", "pmunf" : "57,84" }, 
{ "and" : "P", "tpabr" : "UF", "cdabr" : "BA", "dt" : "02/10/2022", "ht" : "21:21:23", "s" : "34424", "st" : "31518", "snt" : "2906", "si" : "31518", "sni" : "0", "sa" : "31518", "sna" : "0", "pst" : "91,56", "psnt" : "8,44", "psi" : "91,56", "psni" : "0,00", "psa" : "100,00", "psna" : "0,00", "e" : "11283405", "ea" : "10315720", "ena" : "0", "esi" : "10315720", "esni" : "0", "c" : "8125665", "a" : "2190055", "pea" : "100,00", "pena" : "0,00", "pesi" : "91,42", "pesni" : "0,00", "pa" : "21,23", "pc" : "78,77", "munnr" : "16", "munpt" : "188", "munf" : "213", "pmunnr" : "3,84", "pmunpt" : "45,08", "pmunf" : "51,08" }, 
{ "and" : "P", "tpabr" : "UF", "cdabr" : "PB", "dt" : "02/10/2022", "ht" : "21:20:17", "s" : "9602", "st" : "9575", "snt" : "27", "si" : "9575", "sni" : "0", "sa" : "9575", "sna" : "0", "pst" : "99,72", "psnt" : "0,28", "psi" : "99,72", "psni" : "0,00", "psa" : "100,00", "psna" : "0,00", "e" : "3092053", "ea" : "3083434", "ena" : "0", "esi" : "3083434", "esni" : "0", "c" : "2550324", "a" : "533110", "pea" : "100,00", "pena" : "0,00", "pesi" : "99,72", "pesni" : "0,00", "pa" : "17,29", "pc" : "82,71", "munnr" : "1", "munpt" : "4", "munf" : "218", "pmunnr" : "0,45", "pmunpt" : "1,79", "pmunf" : "97,76" }, 
{ "and" : "P", "tpabr" : "UF", "cdabr" : "AP", "dt" : "02/10/2022", "ht" : "21:21:22", "s" : "1740", "st" : "1733", "snt" : "7", "si" : "1733", "sni" : "0", "sa" : "1733", "sna" : "0", "pst" : "99,60", "psnt" : "0,40", "psi" : "99,60", "psni" : "0,00", "psa" : "100,00", "psna" : "0,00", "e" : "550165", "ea" : "547388", "ena" : "0", "esi" : "547388", "esni" : "0", "c" : "440554", "a" : "106834", "pea" : "100,00", "pena" : "0,00", "pesi" : "99,50", "pesni" : "0,00", "pa" : "19,52", "pc" : "80,48", "munnr" : "0", "munpt" : "5", "munf" : "11", "pmunnr" : "00,00", "pmunpt" : "31,25", "pmunf" : "68,75" }, 
{ "and" : "P", "tpabr" : "UF", "cdabr" : "RJ", "dt" : "02/10/2022", "ht" : "21:21:24", "s" : "34068", "st" : "33141", "snt" : "927", "si" : "33141", "sni" : "0", "sa" : "33141", "sna" : "0", "pst" : "97,28", "psnt" : "2,72", "psi" : "97,28", "psni" : "0,00", "psa" : "100,00", "psna" : "0,00", "e" : "12826356", "ea" : "12465594", "ena" : "0", "esi" : "12465594", "esni" : "0", "c" : "9631148", "a" : "2834446", "pea" : "100,00", "pena" : "0,00", "pesi" : "97,19", "pesni" : "0,00", "pa" : "22,74", "pc" : "77,26", "munnr" : "1", "munpt" : "32", "munf" : "59", "pmunnr" : "1,09", "pmunpt" : "34,78", "pmunf" : "64,13" }, 
{ "and" : "F", "tpabr" : "UF", "cdabr" : "RR", "dt" : "02/10/2022", "ht" : "21:07:58", "s" : "1268", "st" : "1268", "snt" : "0", "si" : "1268", "sni" : "0", "sa" : "1268", "sna" : "0", "pst" : "100,00", "psnt" : "0,00", "psi" : "100,00", "psni" : "0,00", "psa" : "100,00", "psna" : "0,00", "e" : "366632", "ea" : "366632", "ena" : "0", "esi" : "366632", "esni" : "0", "c" : "305404", "a" : "61228", "pea" : "100,00", "pena" : "0,00", "pesi" : "100,00", "pesni" : "0,00", "pa" : "16,70", "pc" : "83,30", "munnr" : "0", "munpt" : "0", "munf" : "15", "pmunnr" : "00,00", "pmunpt" : "00,00", "pmunf" : "100,00" }, 
{ "and" : "P", "tpabr" : "UF", "cdabr" : "ZZ", "dt" : "02/10/2022", "ht" : "21:21:25", "s" : "1064", "st" : "934", "snt" : "130", "si" : "888", "sni" : "46", "sa" : "888", "sna" : "0", "pst" : "87,78", "psnt" : "12,22", "psi" : "83,46", "psni" : "16,54", "psa" : "100,00", "psna" : "0,00", "e" : "695355", "ea" : "613312", "ena" : "0", "esi" : "613312", "esni" : "573", "c" : "271842", "a" : "341470", "pea" : "100,00", "pena" : "0,00", "pesi" : "88,20", "pesni" : "99,92", "pa" : "55,68", "pc" : "44,32", "munnr" : "21", "munpt" : "26", "munf" : "134", "pmunnr" : "11,60", "pmunpt" : "14,36", "pmunf" : "74,03" }, 
{ "and" : "P", "tpabr" : "UF", "cdabr" : "SP", "dt" : "02/10/2022", "ht" : "21:21:26", "s" : "101073", "st" : "99862", "snt" : "1211", "si" : "99862", "sni" : "0", "sa" : "99862", "sna" : "0", "pst" : "98,80", "psnt" : "1,20", "psi" : "98,80", "psni" : "0,00", "psa" : "100,00", "psna" : "0,00", "e" : "34684927", "ea" : "34258432", "ena" : "0", "esi" : "34258432", "esni" : "0", "c" : "26854255", "a" : "7404177", "pea" : "100,00", "pena" : "0,00", "pesi" : "98,77", "pesni" : "0,00", "pa" : "21,61", "pc" : "78,39", "munnr" : "6", "munpt" : "31", "munf" : "608", "pmunnr" : "0,93", "pmunpt" : "4,81", "pmunf" : "94,26" }, 
{ "and" : "P", "tpabr" : "BR", "cdabr" : "BR", "dt" : "02/10/2022", "ht" : "21:21:27", "s" : "472075", "st" : "456382", "snt" : "15693", "si" : "456335", "sni" : "47", "sa" : "456335", "sna" : "0", "pst" : "96,67", "psnt" : "3,33", "psi" : "96,66", "psni" : "3,34", "psa" : "100,00", "psna" : "0,00", "e" : "156454011", "ea" : "151237203", "ena" : "0", "esi" : "151237203", "esni" : "657", "c" : "119659270", "a" : "31577933", "pea" : "100,00", "pena" : "0,00", "pesi" : "96,66", "pesni" : "100,00", "pa" : "20,88", "pc" : "79,12", "ufsnr" : "0", "ufspt" : "25", "ufsf" : "3", "pufsnr" : "00,00", "pufspt" : "89,29", "pufsf" : "10,71" } ] }