
{ "ele" : "544", "t" : "1", "f" : "O", "dg" : "02/10/2022", "hg" : "19:39:16", "abr" : [ 
{ "and" : "P", "tpabr" : "UF", "cdabr" : "AM", "dt" : "02/10/2022", "ht" : "19:38:26", "s" : "7454", "st" : "4764", "snt" : "2690", "si" : "4764", "sni" : "0", "sa" : "4764", "sna" : "0", "pst" : "63,91", "psnt" : "36,09", "psi" : "63,91", "psni" : "0,00", "psa" : "100,00", "psna" : "0,00", "e" : "2646924", "ea" : "1666761", "ena" : "0", "esi" : "1666761", "esni" : "0", "c" : "1361584", "a" : "305177", "pea" : "100,00", "pena" : "0,00", "pesi" : "62,97", "pesni" : "0,00", "pa" : "18,31", "pc" : "81,69", "munnr" : "2", "munpt" : "59", "munf" : "1", "pmunnr" : "3,23", "pmunpt" : "95,16", "pmunf" : "1,61" }, 
{ "and" : "P", "tpabr" : "UF", "cdabr" : "PE", "dt" : "02/10/2022", "ht" : "19:38:23", "s" : "20572", "st" : "6796", "snt" : "13776", "si" : "6796", "sni" : "0", "sa" : "6796", "sna" : "0", "pst" : "33,04", "psnt" : "66,96", "psi" : "33,04", "psni" : "0,00", "psa" : "100,00", "psna" : "0,00", "e" : "7015421", "ea" : "2166118", "ena" : "0", "esi" : "2166118", "esni" : "0", "c" : "1779340", "a" : "386778", "pea" : "100,00", "pena" : "0,00", "pesi" : "30,88", "pesni" : "0,00", "pa" : "17,86", "pc" : "82,14", "munnr" : "62", "munpt" : "123", "munf" : "0", "pmunnr" : "33,51", "pmunpt" : "66,49", "pmunf" : "00,00" }, 
{ "and" : "P", "tpabr" : "UF", "cdabr" : "RN", "dt" : "02/10/2022", "ht" : "19:38:32", "s" : "7674", "st" : "4143", "snt" : "3531", "si" : "4143", "sni" : "0", "sa" : "4143", "sna" : "0", "pst" : "53,99", "psnt" : "46,01", "psi" : "53,99", "psni" : "0,00", "psa" : "100,00", "psna" : "0,00", "e" : "2554716", "ea" : "1302217", "ena" : "0", "esi" : "1302217", "esni" : "0", "c" : "1069507", "a" : "232710", "pea" : "100,00", "pena" : "0,00", "pesi" : "50,97", "pesni" : "0,00", "pa" : "17,87", "pc" : "82,13", "munnr" : "14", "munpt" : "117", "munf" : "36", "pmunnr" : "8,38", "pmunpt" : "70,06", "pmunf" : "21,56" }, 
{ "and" : "P", "tpabr" : "UF", "cdabr" : "MG", "dt" : "02/10/2022", "ht" : "19:38:19", "s" : "49981", "st" : "22038", "snt" : "27943", "si" : "22038", "sni" : "0", "sa" : "22038", "sna" : "0", "pst" : "44,09", "psnt" : "55,91", "psi" : "44,09", "psni" : "0,00", "psa" : "100,00", "psna" : "0,00", "e" : "16283828", "ea" : "6873220", "ena" : "0", "esi" : "6873220", "esni" : "0", "c" : "5340685", "a" : "1532535", "pea" : "100,00", "pena" : "0,00", "pesi" : "42,21", "pesni" : "0,00", "pa" : "22,30", "pc" : "77,70", "munnr" : "388", "munpt" : "346", "munf" : "119", "pmunnr" : "45,49", "pmunpt" : "40,56", "pmunf" : "13,95" }, 
{ "and" : "P", "tpabr" : "UF", "cdabr" : "RO", "dt" : "02/10/2022", "ht" : "19:38:43", "s" : "4198", "st" : "2903", "snt" : "1295", "si" : "2903", "sni" : "0", "sa" : "2903", "sna" : "0", "pst" : "69,15", "psnt" : "30,85", "psi" : "69,15", "psni" : "0,00", "psa" : "100,00", "psna" : "0,00", "e" : "1229998", "ea" : "830541", "ena" : "0", "esi" : "830541", "esni" : "0", "c" : "633418", "a" : "197123", "pea" : "100,00", "pena" : "0,00", "pesi" : "67,52", "pesni" : "0,00", "pa" : "23,73", "pc" : "76,27", "munnr" : "7", "munpt" : "36", "munf" : "9", "pmunnr" : "13,46", "pmunpt" : "69,23", "pmunf" : "17,31" }, 
{ "and" : "P", "tpabr" : "UF", "cdabr" : "CE", "dt" : "02/10/2022", "ht" : "19:38:11", "s" : "22796", "st" : "8654", "snt" : "14142", "si" : "8654", "sni" : "0", "sa" : "8654", "sna" : "0", "pst" : "37,96", "psnt" : "62,04", "psi" : "37,96", "psni" : "0,00", "psa" : "100,00", "psna" : "0,00", "e" : "6818732", "ea" : "2551810", "ena" : "0", "esi" : "2551810", "esni" : "0", "c" : "2092455", "a" : "459355", "pea" : "100,00", "pena" : "0,00", "pesi" : "37,42", "pesni" : "0,00", "pa" : "18,00", "pc" : "82,00", "munnr" : "40", "munpt" : "143", "munf" : "1", "pmunnr" : "21,74", "pmunpt" : "77,72", "pmunf" : "0,54" }, 
{ "and" : "P", "tpabr" : "UF", "cdabr" : "GO", "dt" : "02/10/2022", "ht" : "19:38:42", "s" : "14620", "st" : "10331", "snt" : "4289", "si" : "10331", "sni" : "0", "sa" : "10331", "sna" : "0", "pst" : "70,66", "psnt" : "29,34", "psi" : "70,66", "psni" : "0,00", "psa" : "100,00", "psna" : "0,00", "e" : "4870292", "ea" : "3405866", "ena" : "0", "esi" : "3405866", "esni" : "0", "c" : "2672335", "a" : "733531", "pea" : "100,00", "pena" : "0,00", "pesi" : "69,93", "pesni" : "0,00", "pa" : "21,54", "pc" : "78,46", "munnr" : "89", "munpt" : "118", "munf" : "39", "pmunnr" : "36,18", "pmunpt" : "47,97", "pmunf" : "15,85" }, 
{ "and" : "P", "tpabr" : "UF", "cdabr" : "MS", "dt" : "02/10/2022", "ht" : "19:38:48", "s" : "6912", "st" : "6559", "snt" : "353", "si" : "6559", "sni" : "0", "sa" : "6559", "sna" : "0", "pst" : "94,89", "psnt" : "5,11", "psi" : "94,89", "psni" : "0,00", "psa" : "100,00", "psna" : "0,00", "e" : "1995932", "ea" : "1889044", "ena" : "0", "esi" : "1889044", "esni" : "0", "c" : "1474101", "a" : "414943", "pea" : "100,00", "pena" : "0,00", "pesi" : "94,64", "pesni" : "0,00", "pa" : "21,97", "pc" : "78,03", "munnr" : "2", "munpt" : "41", "munf" : "36", "pmunnr" : "2,53", "pmunpt" : "51,90", "pmunf" : "45,57" }, 
{ "and" : "P", "tpabr" : "UF", "cdabr" : "MT", "dt" : "02/10/2022", "ht" : "19:38:55", "s" : "7652", "st" : "5449", "snt" : "2203", "si" : "5449", "sni" : "0", "sa" : "5449", "sna" : "0", "pst" : "71,21", "psnt" : "28,79", "psi" : "71,21", "psni" : "0,00", "psa" : "100,00", "psna" : "0,00", "e" : "2469604", "ea" : "1721562", "ena" : "0", "esi" : "1721562", "esni" : "0", "c" : "1329725", "a" : "391837", "pea" : "100,00", "pena" : "0,00", "pesi" : "69,71", "pesni" : "0,00", "pa" : "22,76", "pc" : "77,24", "munnr" : "17", "munpt" : "79", "munf" : "45", "pmunnr" : "12,06", "pmunpt" : "56,03", "pmunf" : "31,91" }, 
{ "and" : "P", "tpabr" : "UF", "cdabr" : "SE", "dt" : "02/10/2022", "ht" : "19:38:48", "s" : "5498", "st" : "3826", "snt" : "1672", "si" : "3826", "sni" : "0", "sa" : "3826", "sna" : "0", "pst" : "69,59", "psnt" : "30,41", "psi" : "69,59", "psni" : "0,00", "psa" : "100,00", "psna" : "0,00", "e" : "1671376", "ea" : "1135055", "ena" : "0", "esi" : "1135055", "esni" : "0", "c" : "931728", "a" : "203327", "pea" : "100,00", "pena" : "0,00", "pesi" : "67,91", "pesni" : "0,00", "pa" : "17,91", "pc" : "82,09", "munnr" : "6", "munpt" : "63", "munf" : "6", "pmunnr" : "8,00", "pmunpt" : "84,00", "pmunf" : "8,00" }, 
{ "and" : "P", "tpabr" : "UF", "cdabr" : "DF", "dt" : "02/10/2022", "ht" : "19:38:12", "s" : "6748", "st" : "6530", "snt" : "218", "si" : "6530", "sni" : "0", "sa" : "6530", "sna" : "0", "pst" : "96,77", "psnt" : "3,23", "psi" : "96,77", "psni" : "0,00", "psa" : "100,00", "psna" : "0,00", "e" : "2206996", "ea" : "2130040", "ena" : "0", "esi" : "2130040", "esni" : "0", "c" : "1758147", "a" : "371893", "pea" : "100,00", "pena" : "0,00", "pesi" : "96,51", "pesni" : "0,00", "pa" : "17,46", "pc" : "82,54", "munnr" : "0", "munpt" : "1", "munf" : "0", "pmunnr" : "00,00", "pmunpt" : "100,00", "pmunf" : "00,00" }, 
{ "and" : "P", "tpabr" : "UF", "cdabr" : "ES", "dt" : "02/10/2022", "ht" : "19:38:48", "s" : "9239", "st" : "8895", "snt" : "344", "si" : "8895", "sni" : "0", "sa" : "8895", "sna" : "0", "pst" : "96,28", "psnt" : "3,72", "psi" : "96,28", "psni" : "0,00", "psa" : "100,00", "psna" : "0,00", "e" : "2922379", "ea" : "2804792", "ena" : "0", "esi" : "2804792", "esni" : "0", "c" : "2224389", "a" : "580403", "pea" : "100,00", "pena" : "0,00", "pesi" : "95,98", "pesni" : "0,00", "pa" : "20,69", "pc" : "79,31", "munnr" : "0", "munpt" : "19", "munf" : "59", "pmunnr" : "00,00", "pmunpt" : "24,36", "pmunf" : "75,64" }, 
{ "and" : "P", "tpabr" : "UF", "cdabr" : "MA", "dt" : "02/10/2022", "ht" : "19:39:01", "s" : "16423", "st" : "4335", "snt" : "12088", "si" : "4335", "sni" : "0", "sa" : "4335", "sna" : "0", "pst" : "26,40", "psnt" : "73,60", "psi" : "26,40", "psni" : "0,00", "psa" : "100,00", "psna" : "0,00", "e" : "5039287", "ea" : "1292623", "ena" : "0", "esi" : "1292623", "esni" : "0", "c" : "1025595", "a" : "267028", "pea" : "100,00", "pena" : "0,00", "pesi" : "25,65", "pesni" : "0,00", "pa" : "20,66", "pc" : "79,34", "munnr" : "85", "munpt" : "131", "munf" : "1", "pmunnr" : "39,17", "pmunpt" : "60,37", "pmunf" : "0,46" }, 
{ "and" : "P", "tpabr" : "UF", "cdabr" : "PA", "dt" : "02/10/2022", "ht" : "19:36:31", "s" : "18235", "st" : "8979", "snt" : "9256", "si" : "8979", "sni" : "0", "sa" : "8979", "sna" : "0", "pst" : "49,24", "psnt" : "50,76", "psi" : "49,24", "psni" : "0,00", "psa" : "100,00", "psna" : "0,00", "e" : "6079280", "ea" : "2902038", "ena" : "0", "esi" : "2902038", "esni" : "0", "c" : "2299953", "a" : "602085", "pea" : "100,00", "pena" : "0,00", "pesi" : "47,74", "pesni" : "0,00", "pa" : "20,75", "pc" : "79,25", "munnr" : "1", "munpt" : "141", "munf" : "2", "pmunnr" : "0,69", "pmunpt" : "97,92", "pmunf" : "1,39" }, 
{ "and" : "P", "tpabr" : "UF", "cdabr" : "PI", "dt" : "02/10/2022", "ht" : "19:38:43", "s" : "8963", "st" : "4951", "snt" : "4012", "si" : "4951", "sni" : "0", "sa" : "4951", "sna" : "0", "pst" : "55,24", "psnt" : "44,76", "psi" : "55,24", "psni" : "0,00", "psa" : "100,00", "psna" : "0,00", "e" : "2570433", "ea" : "1381193", "ena" : "0", "esi" : "1381193", "esni" : "0", "c" : "1136151", "a" : "245042", "pea" : "100,00", "pena" : "0,00", "pesi" : "53,73", "pesni" : "0,00", "pa" : "17,74", "pc" : "82,26", "munnr" : "35", "munpt" : "184", "munf" : "5", "pmunnr" : "15,63", "pmunpt" : "82,14", "pmunf" : "2,23" }, 
{ "and" : "P", "tpabr" : "UF", "cdabr" : "RS", "dt" : "02/10/2022", "ht" : "19:38:35", "s" : "27201", "st" : "20387", "snt" : "6814", "si" : "20387", "sni" : "0", "sa" : "20387", "sna" : "0", "pst" : "74,95", "psnt" : "25,05", "psi" : "74,95", "psni" : "0,00", "psa" : "100,00", "psna" : "0,00", "e" : "8589432", "ea" : "6462275", "ena" : "0", "esi" : "6462275", "esni" : "0", "c" : "5174521", "a" : "1287754", "pea" : "100,00", "pena" : "0,00", "pesi" : "75,24", "pesni" : "0,00", "pa" : "19,93", "pc" : "80,07", "munnr" : "145", "munpt" : "187", "munf" : "165", "pmunnr" : "29,18", "pmunpt" : "37,63", "pmunf" : "33,20" }, 
{ "and" : "P", "tpabr" : "UF", "cdabr" : "AC", "dt" : "02/10/2022", "ht" : "19:38:31", "s" : "2124", "st" : "1772", "snt" : "352", "si" : "1772", "sni" : "0", "sa" : "1772", "sna" : "0", "pst" : "83,43", "psnt" : "16,57", "psi" : "83,43", "psni" : "0,00", "psa" : "100,00", "psna" : "0,00", "e" : "587738", "ea" : "491627", "ena" : "0", "esi" : "491627", "esni" : "0", "c" : "381088", "a" : "110539", "pea" : "100,00", "pena" : "0,00", "pesi" : "83,65", "pesni" : "0,00", "pa" : "22,48", "pc" : "77,52", "munnr" : "0", "munpt" : "21", "munf" : "1", "pmunnr" : "00,00", "pmunpt" : "95,45", "pmunf" : "4,55" }, 
{ "and" : "P", "tpabr" : "UF", "cdabr" : "PR", "dt" : "02/10/2022", "ht" : "19:38:38", "s" : "25721", "st" : "21842", "snt" : "3879", "si" : "21842", "sni" : "0", "sa" : "21842", "sna" : "0", "pst" : "84,92", "psnt" : "15,08", "psi" : "84,92", "psni" : "0,00", "psa" : "100,00", "psna" : "0,00", "e" : "8480435", "ea" : "7160187", "ena" : "0", "esi" : "7160187", "esni" : "0", "c" : "5770756", "a" : "1389431", "pea" : "100,00", "pena" : "0,00", "pesi" : "84,43", "pesni" : "0,00", "pa" : "19,40", "pc" : "80,60", "munnr" : "42", "munpt" : "193", "munf" : "164", "pmunnr" : "10,53", "pmunpt" : "48,37", "pmunf" : "41,10" }, 
{ "and" : "P", "tpabr" : "UF", "cdabr" : "SC", "dt" : "02/10/2022", "ht" : "19:35:22", "s" : "16242", "st" : "6418", "snt" : "9824", "si" : "6418", "sni" : "0", "sa" : "6418", "sna" : "0", "pst" : "39,51", "psnt" : "60,49", "psi" : "39,51", "psni" : "0,00", "psa" : "100,00", "psna" : "0,00", "e" : "5501478", "ea" : "2107519", "ena" : "0", "esi" : "2107519", "esni" : "0", "c" : "1733198", "a" : "374321", "pea" : "100,00", "pena" : "0,00", "pesi" : "38,31", "pesni" : "0,00", "pa" : "17,76", "pc" : "82,24", "munnr" : "102", "munpt" : "161", "munf" : "32", "pmunnr" : "34,58", "pmunpt" : "54,58", "pmunf" : "10,85" }, 
{ "and" : "P", "tpabr" : "UF", "cdabr" : "TO", "dt" : "02/10/2022", "ht" : "19:37:51", "s" : "3957", "st" : "3414", "snt" : "543", "si" : "3414", "sni" : "0", "sa" : "3414", "sna" : "0", "pst" : "86,28", "psnt" : "13,72", "psi" : "86,28", "psni" : "0,00", "psa" : "100,00", "psna" : "0,00", "e" : "1094346", "ea" : "934298", "ena" : "0", "esi" : "934298", "esni" : "0", "c" : "761301", "a" : "172997", "pea" : "100,00", "pena" : "0,00", "pesi" : "85,38", "pesni" : "0,00", "pa" : "18,52", "pc" : "81,48", "munnr" : "8", "munpt" : "67", "munf" : "64", "pmunnr" : "5,76", "pmunpt" : "48,20", "pmunf" : "46,04" }, 
{ "and" : "P", "tpabr" : "UF", "cdabr" : "AL", "dt" : "02/10/2022", "ht" : "19:38:59", "s" : "6626", "st" : "914", "snt" : "5712", "si" : "914", "sni" : "0", "sa" : "914", "sna" : "0", "pst" : "13,79", "psnt" : "86,21", "psi" : "13,79", "psni" : "0,00", "psa" : "100,00", "psna" : "0,00", "e" : "2326491", "ea" : "281133", "ena" : "0", "esi" : "281133", "esni" : "0", "c" : "219805", "a" : "61328", "pea" : "100,00", "pena" : "0,00", "pesi" : "12,08", "pesni" : "0,00", "pa" : "21,81", "pc" : "78,19", "munnr" : "68", "munpt" : "33", "munf" : "1", "pmunnr" : "66,67", "pmunpt" : "32,35", "pmunf" : "0,98" }, 
{ "and" : "P", "tpabr" : "UF", "cdabr" : "BA", "dt" : "02/10/2022", "ht" : "19:38:07", "s" : "34424", "st" : "12067", "snt" : "22357", "si" : "12067", "sni" : "0", "sa" : "12067", "sna" : "0", "pst" : "35,05", "psnt" : "64,95", "psi" : "35,05", "psni" : "0,00", "psa" : "100,00", "psna" : "0,00", "e" : "11283405", "ea" : "3728595", "ena" : "0", "esi" : "3728595", "esni" : "0", "c" : "2940407", "a" : "788188", "pea" : "100,00", "pena" : "0,00", "pesi" : "33,04", "pesni" : "0,00", "pa" : "21,14", "pc" : "78,86", "munnr" : "80", "munpt" : "326", "munf" : "11", "pmunnr" : "19,18", "pmunpt" : "78,18", "pmunf" : "2,64" }, 
{ "and" : "P", "tpabr" : "UF", "cdabr" : "PB", "dt" : "02/10/2022", "ht" : "19:38:28", "s" : "9602", "st" : "5524", "snt" : "4078", "si" : "5524", "sni" : "0", "sa" : "5524", "sna" : "0", "pst" : "57,53", "psnt" : "42,47", "psi" : "57,53", "psni" : "0,00", "psa" : "100,00", "psna" : "0,00", "e" : "3092053", "ea" : "1754622", "ena" : "0", "esi" : "1754622", "esni" : "0", "c" : "1461209", "a" : "293413", "pea" : "100,00", "pena" : "0,00", "pesi" : "56,75", "pesni" : "0,00", "pa" : "16,72", "pc" : "83,28", "munnr" : "65", "munpt" : "126", "munf" : "32", "pmunnr" : "29,15", "pmunpt" : "56,50", "pmunf" : "14,35" }, 
{ "and" : "P", "tpabr" : "UF", "cdabr" : "AP", "dt" : "02/10/2022", "ht" : "19:38:26", "s" : "1740", "st" : "1211", "snt" : "529", "si" : "1211", "sni" : "0", "sa" : "1211", "sna" : "0", "pst" : "69,60", "psnt" : "30,40", "psi" : "69,60", "psni" : "0,00", "psa" : "100,00", "psna" : "0,00", "e" : "550165", "ea" : "363281", "ena" : "0", "esi" : "363281", "esni" : "0", "c" : "291327", "a" : "71954", "pea" : "100,00", "pena" : "0,00", "pesi" : "66,03", "pesni" : "0,00", "pa" : "19,81", "pc" : "80,19", "munnr" : "1", "munpt" : "12", "munf" : "3", "pmunnr" : "6,25", "pmunpt" : "75,00", "pmunf" : "18,75" }, 
{ "and" : "P", "tpabr" : "UF", "cdabr" : "RJ", "dt" : "02/10/2022", "ht" : "19:39:03", "s" : "34068", "st" : "10331", "snt" : "23737", "si" : "10331", "sni" : "0", "sa" : "10331", "sna" : "0", "pst" : "30,32", "psnt" : "69,68", "psi" : "30,32", "psni" : "0,00", "psa" : "100,00", "psna" : "0,00", "e" : "12826356", "ea" : "3558887", "ena" : "0", "esi" : "3558887", "esni" : "0", "c" : "2745216", "a" : "813671", "pea" : "100,00", "pena" : "0,00", "pesi" : "27,75", "pesni" : "0,00", "pa" : "22,86", "pc" : "77,14", "munnr" : "9", "munpt" : "82", "munf" : "1", "pmunnr" : "9,78", "pmunpt" : "89,13", "pmunf" : "1,09" }, 
{ "and" : "P", "tpabr" : "UF", "cdabr" : "RR", "dt" : "02/10/2022", "ht" : "19:38:12", "s" : "1268", "st" : "957", "snt" : "311", "si" : "957", "sni" : "0", "sa" : "957", "sna" : "0", "pst" : "75,47", "psnt" : "24,53", "psi" : "75,47", "psni" : "0,00", "psa" : "100,00", "psna" : "0,00", "e" : "366632", "ea" : "271605", "ena" : "0", "esi" : "271605", "esni" : "0", "c" : "227102", "a" : "44503", "pea" : "100,00", "pena" : "0,00", "pesi" : "74,08", "pesni" : "0,00", "pa" : "16,39", "pc" : "83,61", "munnr" : "0", "munpt" : "14", "munf" : "1", "pmunnr" : "00,00", "pmunpt" : "93,33", "pmunf" : "6,67" }, 
{ "and" : "P", "tpabr" : "UF", "cdabr" : "ZZ", "dt" : "02/10/2022", "ht" : "19:33:49", "s" : "1064", "st" : "582", "snt" : "482", "si" : "582", "sni" : "0", "sa" : "582", "sna" : "0", "pst" : "54,70", "psnt" : "45,30", "psi" : "54,70", "psni" : "0,00", "psa" : "100,00", "psna" : "0,00", "e" : "695355", "ea" : "407430", "ena" : "0", "esi" : "407430", "esni" : "0", "c" : "184495", "a" : "222935", "pea" : "100,00", "pena" : "0,00", "pesi" : "58,59", "pesni" : "0,00", "pa" : "54,72", "pc" : "45,28", "munnr" : "102", "munpt" : "15", "munf" : "64", "pmunnr" : "56,35", "pmunpt" : "8,29", "pmunf" : "35,36" }, 
{ "and" : "P", "tpabr" : "UF", "cdabr" : "SP", "dt" : "02/10/2022", "ht" : "19:38:04", "s" : "101073", "st" : "53234", "snt" : "47839", "si" : "53234", "sni" : "0", "sa" : "53234", "sna" : "0", "pst" : "52,67", "psnt" : "47,33", "psi" : "52,67", "psni" : "0,00", "psa" : "100,00", "psna" : "0,00", "e" : "34684927", "ea" : "17758226", "ena" : "0", "esi" : "17758226", "esni" : "0", "c" : "13881583", "a" : "3876643", "pea" : "100,00", "pena" : "0,00", "pesi" : "51,20", "pesni" : "0,00", "pa" : "21,83", "pc" : "78,17", "munnr" : "187", "munpt" : "216", "munf" : "242", "pmunnr" : "28,99", "pmunpt" : "33,49", "pmunf" : "37,52" }, 
{ "and" : "P", "tpabr" : "BR", "cdabr" : "BR", "dt" : "02/10/2022", "ht" : "19:39:03", "s" : "472075", "st" : "247806", "snt" : "224269", "si" : "247806", "sni" : "0", "sa" : "247806", "sna" : "0", "pst" : "52,49", "psnt" : "47,51", "psi" : "52,49", "psni" : "0,00", "psa" : "100,00", "psna" : "0,00", "e" : "156454011", "ea" : "79332565", "ena" : "0", "esi" : "79332565", "esni" : "0", "c" : "62901121", "a" : "16431444", "pea" : "100,00", "pena" : "0,00", "pesi" : "50,70", "pesni" : "0,00", "pa" : "20,72", "pc" : "79,28", "ufsnr" : "0", "ufspt" : "28", "ufsf" : "0", "pufsnr" : "00,00", "pufspt" : "100,00", "pufsf" : "00,00" } ] }