
{ "ele" : "544", "t" : "1", "f" : "O", "dg" : "02/10/2022", "hg" : "21:20:46", "abr" : [ 
{ "and" : "P", "tpabr" : "UF", "cdabr" : "AM", "dt" : "02/10/2022", "ht" : "21:20:17", "s" : "7454", "st" : "7194", "snt" : "260", "si" : "7193", "sni" : "1", "sa" : "7193", "sna" : "0", "pst" : "96,51", "psnt" : "3,49", "psi" : "96,50", "psni" : "3,50", "psa" : "100,00", "psna" : "0,00", "e" : "2646924", "ea" : "2548279", "ena" : "0", "esi" : "2548279", "esni" : "84", "c" : "2038211", "a" : "510068", "pea" : "100,00", "pena" : "0,00", "pesi" : "96,27", "pesni" : "100,00", "pa" : "20,02", "pc" : "79,98", "munnr" : "0", "munpt" : "34", "munf" : "28", "pmunnr" : "00,00", "pmunpt" : "54,84", "pmunf" : "45,16" }, 
{ "and" : "P", "tpabr" : "UF", "cdabr" : "PE", "dt" : "02/10/2022", "ht" : "21:20:17", "s" : "20572", "st" : "19694", "snt" : "878", "si" : "19694", "sni" : "0", "sa" : "19694", "sna" : "0", "pst" : "95,73", "psnt" : "4,27", "psi" : "95,73", "psni" : "0,00", "psa" : "100,00", "psna" : "0,00", "e" : "7015421", "ea" : "6712252", "ena" : "0", "esi" : "6712252", "esni" : "0", "c" : "5500076", "a" : "1212176", "pea" : "100,00", "pena" : "0,00", "pesi" : "95,68", "pesni" : "0,00", "pa" : "18,06", "pc" : "81,94", "munnr" : "4", "munpt" : "49", "munf" : "132", "pmunnr" : "2,16", "pmunpt" : "26,49", "pmunf" : "71,35" }, 
{ "and" : "P", "tpabr" : "UF", "cdabr" : "RN", "dt" : "02/10/2022", "ht" : "21:20:24", "s" : "7674", "st" : "7582", "snt" : "92", "si" : "7582", "sni" : "0", "sa" : "7582", "sna" : "0", "pst" : "98,80", "psnt" : "1,20", "psi" : "98,80", "psni" : "0,00", "psa" : "100,00", "psna" : "0,00", "e" : "2554716", "ea" : "2523794", "ena" : "0", "esi" : "2523794", "esni" : "0", "c" : "2065413", "a" : "458381", "pea" : "100,00", "pena" : "0,00", "pesi" : "98,79", "pesni" : "0,00", "pa" : "18,16", "pc" : "81,84", "munnr" : "0", "munpt" : "19", "munf" : "148", "pmunnr" : "00,00", "pmunpt" : "11,38", "pmunf" : "88,62" }, 
{ "and" : "P", "tpabr" : "UF", "cdabr" : "MG", "dt" : "02/10/2022", "ht" : "21:20:17", "s" : "49981", "st" : "48176", "snt" : "1805", "si" : "48176", "sni" : "0", "sa" : "48176", "sna" : "0", "pst" : "96,39", "psnt" : "3,61", "psi" : "96,39", "psni" : "0,00", "psa" : "100,00", "psna" : "0,00", "e" : "16283828", "ea" : "15701197", "ena" : "0", "esi" : "15701197", "esni" : "0", "c" : "12215515", "a" : "3485682", "pea" : "100,00", "pena" : "0,00", "pesi" : "96,42", "pesni" : "0,00", "pa" : "22,20", "pc" : "77,80", "munnr" : "41", "munpt" : "74", "munf" : "738", "pmunnr" : "4,81", "pmunpt" : "8,68", "pmunf" : "86,52" }, 
{ "and" : "P", "tpabr" : "UF", "cdabr" : "RO", "dt" : "02/10/2022", "ht" : "21:14:45", "s" : "4198", "st" : "4157", "snt" : "41", "si" : "4157", "sni" : "0", "sa" : "4157", "sna" : "0", "pst" : "99,02", "psnt" : "0,98", "psi" : "99,02", "psni" : "0,00", "psa" : "100,00", "psna" : "0,00", "e" : "1229998", "ea" : "1216120", "ena" : "0", "esi" : "1216120", "esni" : "0", "c" : "916655", "a" : "299465", "pea" : "100,00", "pena" : "0,00", "pesi" : "98,87", "pesni" : "0,00", "pa" : "24,62", "pc" : "75,38", "munnr" : "0", "munpt" : "6", "munf" : "46", "pmunnr" : "00,00", "pmunpt" : "11,54", "pmunf" : "88,46" }, 
{ "and" : "P", "tpabr" : "UF", "cdabr" : "CE", "dt" : "02/10/2022", "ht" : "21:20:17", "s" : "22796", "st" : "21466", "snt" : "1330", "si" : "21466", "sni" : "0", "sa" : "21466", "sna" : "0", "pst" : "94,17", "psnt" : "5,83", "psi" : "94,17", "psni" : "0,00", "psa" : "100,00", "psna" : "0,00", "e" : "6818732", "ea" : "6436937", "ena" : "0", "esi" : "6436937", "esni" : "0", "c" : "5314826", "a" : "1122111", "pea" : "100,00", "pena" : "0,00", "pesi" : "94,40", "pesni" : "0,00", "pa" : "17,43", "pc" : "82,57", "munnr" : "5", "munpt" : "77", "munf" : "102", "pmunnr" : "2,72", "pmunpt" : "41,85", "pmunf" : "55,43" }, 
{ "and" : "P", "tpabr" : "UF", "cdabr" : "GO", "dt" : "02/10/2022", "ht" : "21:15:50", "s" : "14620", "st" : "14560", "snt" : "60", "si" : "14560", "sni" : "0", "sa" : "14560", "sna" : "0", "pst" : "99,59", "psnt" : "0,41", "psi" : "99,59", "psni" : "0,00", "psa" : "100,00", "psna" : "0,00", "e" : "4870292", "ea" : "4851893", "ena" : "0", "esi" : "4851893", "esni" : "0", "c" : "3798450", "a" : "1053443", "pea" : "100,00", "pena" : "0,00", "pesi" : "99,62", "pesni" : "0,00", "pa" : "21,71", "pc" : "78,29", "munnr" : "2", "munpt" : "12", "munf" : "232", "pmunnr" : "0,81", "pmunpt" : "4,88", "pmunf" : "94,31" }, 
{ "and" : "P", "tpabr" : "UF", "cdabr" : "MS", "dt" : "02/10/2022", "ht" : "20:54:51", "s" : "6912", "st" : "6910", "snt" : "2", "si" : "6910", "sni" : "0", "sa" : "6910", "sna" : "0", "pst" : "99,97", "psnt" : "0,03", "psi" : "99,97", "psni" : "0,00", "psa" : "100,00", "psna" : "0,00", "e" : "1995932", "ea" : "1995509", "ena" : "0", "esi" : "1995509", "esni" : "0", "c" : "1554759", "a" : "440750", "pea" : "100,00", "pena" : "0,00", "pesi" : "99,98", "pesni" : "0,00", "pa" : "22,09", "pc" : "77,91", "munnr" : "0", "munpt" : "1", "munf" : "78", "pmunnr" : "00,00", "pmunpt" : "1,27", "pmunf" : "98,73" }, 
{ "and" : "P", "tpabr" : "UF", "cdabr" : "MT", "dt" : "02/10/2022", "ht" : "21:20:17", "s" : "7652", "st" : "7597", "snt" : "55", "si" : "7597", "sni" : "0", "sa" : "7597", "sna" : "0", "pst" : "99,28", "psnt" : "0,72", "psi" : "99,28", "psni" : "0,00", "psa" : "100,00", "psna" : "0,00", "e" : "2469604", "ea" : "2451275", "ena" : "0", "esi" : "2451275", "esni" : "0", "c" : "1878580", "a" : "572695", "pea" : "100,00", "pena" : "0,00", "pesi" : "99,26", "pesni" : "0,00", "pa" : "23,36", "pc" : "76,64", "munnr" : "0", "munpt" : "11", "munf" : "130", "pmunnr" : "00,00", "pmunpt" : "7,80", "pmunf" : "92,20" }, 
{ "and" : "P", "tpabr" : "UF", "cdabr" : "SE", "dt" : "02/10/2022", "ht" : "21:20:18", "s" : "5498", "st" : "5479", "snt" : "19", "si" : "5479", "sni" : "0", "sa" : "5479", "sna" : "0", "pst" : "99,65", "psnt" : "0,35", "psi" : "99,65", "psni" : "0,00", "psa" : "100,00", "psna" : "0,00", "e" : "1671376", "ea" : "1664628", "ena" : "0", "esi" : "1664628", "esni" : "0", "c" : "1359218", "a" : "305410", "pea" : "100,00", "pena" : "0,00", "pesi" : "99,60", "pesni" : "0,00", "pa" : "18,35", "pc" : "81,65", "munnr" : "0", "munpt" : "7", "munf" : "68", "pmunnr" : "00,00", "pmunpt" : "9,33", "pmunf" : "90,67" }, 
{ "and" : "F", "tpabr" : "UF", "cdabr" : "DF", "dt" : "02/10/2022", "ht" : "20:36:59", "s" : "6748", "st" : "6748", "snt" : "0", "si" : "6748", "sni" : "0", "sa" : "6748", "sna" : "0", "pst" : "100,00", "psnt" : "0,00", "psi" : "100,00", "psni" : "0,00", "psa" : "100,00", "psna" : "0,00", "e" : "2206996", "ea" : "2206996", "ena" : "0", "esi" : "2206996", "esni" : "0", "c" : "1819900", "a" : "387096", "pea" : "100,00", "pena" : "0,00", "pesi" : "100,00", "pesni" : "0,00", "pa" : "17,54", "pc" : "82,46", "munnr" : "0", "munpt" : "0", "munf" : "1", "pmunnr" : "00,00", "pmunpt" : "00,00", "pmunf" : "100,00" }, 
{ "and" : "F", "tpabr" : "UF", "cdabr" : "ES", "dt" : "02/10/2022", "ht" : "20:41:59", "s" : "9239", "st" : "9239", "snt" : "0", "si" : "9239", "sni" : "0", "sa" : "9239", "sna" : "0", "pst" : "100,00", "psnt" : "0,00", "psi" : "100,00", "psni" : "0,00", "psa" : "100,00", "psna" : "0,00", "e" : "2922379", "ea" : "2922379", "ena" : "0", "esi" : "2922379", "esni" : "0", "c" : "2315889", "a" : "606490", "pea" : "100,00", "pena" : "0,00", "pesi" : "100,00", "pesni" : "0,00", "pa" : "20,75", "pc" : "79,25", "munnr" : "0", "munpt" : "0", "munf" : "78", "pmunnr" : "00,00", "pmunpt" : "00,00", "pmunf" : "100,00" }, 
{ "and" : "P", "tpabr" : "UF", "cdabr" : "MA", "dt" : "02/10/2022", "ht" : "21:20:23", "s" : "16423", "st" : "12960", "snt" : "3463", "si" : "12960", "sni" : "0", "sa" : "12960", "sna" : "0", "pst" : "78,91", "psnt" : "21,09", "psi" : "78,91", "psni" : "0,00", "psa" : "100,00", "psna" : "0,00", "e" : "5039287", "ea" : "3980388", "ena" : "0", "esi" : "3980388", "esni" : "0", "c" : "3113177", "a" : "867211", "pea" : "100,00", "pena" : "0,00", "pesi" : "78,99", "pesni" : "0,00", "pa" : "21,79", "pc" : "78,21", "munnr" : "26", "munpt" : "133", "munf" : "58", "pmunnr" : "11,98", "pmunpt" : "61,29", "pmunf" : "26,73" }, 
{ "and" : "P", "tpabr" : "UF", "cdabr" : "PA", "dt" : "02/10/2022", "ht" : "21:20:17", "s" : "18235", "st" : "17465", "snt" : "770", "si" : "17465", "sni" : "0", "sa" : "17465", "sna" : "0", "pst" : "95,78", "psnt" : "4,22", "psi" : "95,78", "psni" : "0,00", "psa" : "100,00", "psna" : "0,00", "e" : "6079280", "ea" : "5820345", "ena" : "0", "esi" : "5820345", "esni" : "0", "c" : "4582686", "a" : "1237659", "pea" : "100,00", "pena" : "0,00", "pesi" : "95,74", "pesni" : "0,00", "pa" : "21,26", "pc" : "78,74", "munnr" : "0", "munpt" : "81", "munf" : "63", "pmunnr" : "00,00", "pmunpt" : "56,25", "pmunf" : "43,75" }, 
{ "and" : "P", "tpabr" : "UF", "cdabr" : "PI", "dt" : "02/10/2022", "ht" : "21:20:17", "s" : "8963", "st" : "8410", "snt" : "553", "si" : "8410", "sni" : "0", "sa" : "8410", "sna" : "0", "pst" : "93,83", "psnt" : "6,17", "psi" : "93,83", "psni" : "0,00", "psa" : "100,00", "psna" : "0,00", "e" : "2570433", "ea" : "2404659", "ena" : "0", "esi" : "2404659", "esni" : "0", "c" : "1978318", "a" : "426341", "pea" : "100,00", "pena" : "0,00", "pesi" : "93,55", "pesni" : "0,00", "pa" : "17,73", "pc" : "82,27", "munnr" : "6", "munpt" : "93", "munf" : "125", "pmunnr" : "2,68", "pmunpt" : "41,52", "pmunf" : "55,80" }, 
{ "and" : "P", "tpabr" : "UF", "cdabr" : "RS", "dt" : "02/10/2022", "ht" : "21:19:12", "s" : "27201", "st" : "26944", "snt" : "257", "si" : "26944", "sni" : "0", "sa" : "26944", "sna" : "0", "pst" : "99,06", "psnt" : "0,94", "psi" : "99,06", "psni" : "0,00", "psa" : "100,00", "psna" : "0,00", "e" : "8589432", "ea" : "8496008", "ena" : "0", "esi" : "8496008", "esni" : "0", "c" : "6816316", "a" : "1679692", "pea" : "100,00", "pena" : "0,00", "pesi" : "98,91", "pesni" : "0,00", "pa" : "19,77", "pc" : "80,23", "munnr" : "2", "munpt" : "11", "munf" : "484", "pmunnr" : "0,40", "pmunpt" : "2,21", "pmunf" : "97,38" }, 
{ "and" : "P", "tpabr" : "UF", "cdabr" : "AC", "dt" : "02/10/2022", "ht" : "21:13:35", "s" : "2124", "st" : "2091", "snt" : "33", "si" : "2091", "sni" : "0", "sa" : "2091", "sna" : "0", "pst" : "98,45", "psnt" : "1,55", "psi" : "98,45", "psni" : "0,00", "psa" : "100,00", "psna" : "0,00", "e" : "587738", "ea" : "578663", "ena" : "0", "esi" : "578663", "esni" : "0", "c" : "449351", "a" : "129312", "pea" : "100,00", "pena" : "0,00", "pesi" : "98,46", "pesni" : "0,00", "pa" : "22,35", "pc" : "77,65", "munnr" : "0", "munpt" : "4", "munf" : "18", "pmunnr" : "00,00", "pmunpt" : "18,18", "pmunf" : "81,82" }, 
{ "and" : "P", "tpabr" : "UF", "cdabr" : "PR", "dt" : "02/10/2022", "ht" : "21:20:18", "s" : "25721", "st" : "25644", "snt" : "77", "si" : "25644", "sni" : "0", "sa" : "25644", "sna" : "0", "pst" : "99,70", "psnt" : "0,30", "psi" : "99,70", "psni" : "0,00", "psa" : "100,00", "psna" : "0,00", "e" : "8480435", "ea" : "8453911", "ena" : "0", "esi" : "8453911", "esni" : "0", "c" : "6808347", "a" : "1645564", "pea" : "100,00", "pena" : "0,00", "pesi" : "99,69", "pesni" : "0,00", "pa" : "19,47", "pc" : "80,53", "munnr" : "2", "munpt" : "16", "munf" : "381", "pmunnr" : "0,50", "pmunpt" : "4,01", "pmunf" : "95,49" }, 
{ "and" : "P", "tpabr" : "UF", "cdabr" : "SC", "dt" : "02/10/2022", "ht" : "21:20:22", "s" : "16242", "st" : "16211", "snt" : "31", "si" : "16211", "sni" : "0", "sa" : "16211", "sna" : "0", "pst" : "99,81", "psnt" : "0,19", "psi" : "99,81", "psni" : "0,00", "psa" : "100,00", "psna" : "0,00", "e" : "5501478", "ea" : "5490241", "ena" : "0", "esi" : "5490241", "esni" : "0", "c" : "4478544", "a" : "1011697", "pea" : "100,00", "pena" : "0,00", "pesi" : "99,80", "pesni" : "0,00", "pa" : "18,43", "pc" : "81,57", "munnr" : "0", "munpt" : "11", "munf" : "284", "pmunnr" : "00,00", "pmunpt" : "3,73", "pmunf" : "96,27" }, 
{ "and" : "P", "tpabr" : "UF", "cdabr" : "TO", "dt" : "02/10/2022", "ht" : "21:15:53", "s" : "3957", "st" : "3953", "snt" : "4", "si" : "3953", "sni" : "0", "sa" : "3953", "sna" : "0", "pst" : "99,90", "psnt" : "0,10", "psi" : "99,90", "psni" : "0,00", "psa" : "100,00", "psna" : "0,00", "e" : "1094346", "ea" : "1093138", "ena" : "0", "esi" : "1093138", "esni" : "0", "c" : "890512", "a" : "202626", "pea" : "100,00", "pena" : "0,00", "pesi" : "99,89", "pesni" : "0,00", "pa" : "18,54", "pc" : "81,46", "munnr" : "0", "munpt" : "3", "munf" : "136", "pmunnr" : "00,00", "pmunpt" : "2,16", "pmunf" : "97,84" }, 
{ "and" : "P", "tpabr" : "UF", "cdabr" : "AL", "dt" : "02/10/2022", "ht" : "21:20:18", "s" : "6626", "st" : "5635", "snt" : "991", "si" : "5635", "sni" : "0", "sa" : "5635", "sna" : "0", "pst" : "85,04", "psnt" : "14,96", "psi" : "85,04", "psni" : "0,00", "psa" : "100,00", "psna" : "0,00", "e" : "2326491", "ea" : "1959667", "ena" : "0", "esi" : "1959667", "esni" : "0", "c" : "1524427", "a" : "435240", "pea" : "100,00", "pena" : "0,00", "pesi" : "84,23", "pesni" : "0,00", "pa" : "22,21", "pc" : "77,79", "munnr" : "10", "munpt" : "33", "munf" : "59", "pmunnr" : "9,80", "pmunpt" : "32,35", "pmunf" : "57,84" }, 
{ "and" : "P", "tpabr" : "UF", "cdabr" : "BA", "dt" : "02/10/2022", "ht" : "21:20:17", "s" : "34424", "st" : "31476", "snt" : "2948", "si" : "31476", "sni" : "0", "sa" : "31476", "sna" : "0", "pst" : "91,44", "psnt" : "8,56", "psi" : "91,44", "psni" : "0,00", "psa" : "100,00", "psna" : "0,00", "e" : "11283405", "ea" : "10301811", "ena" : "0", "esi" : "10301811", "esni" : "0", "c" : "8114963", "a" : "2186848", "pea" : "100,00", "pena" : "0,00", "pesi" : "91,30", "pesni" : "0,00", "pa" : "21,23", "pc" : "78,77", "munnr" : "16", "munpt" : "188", "munf" : "213", "pmunnr" : "3,84", "pmunpt" : "45,08", "pmunf" : "51,08" }, 
{ "and" : "P", "tpabr" : "UF", "cdabr" : "PB", "dt" : "02/10/2022", "ht" : "21:20:17", "s" : "9602", "st" : "9575", "snt" : "27", "si" : "9575", "sni" : "0", "sa" : "9575", "sna" : "0", "pst" : "99,72", "psnt" : "0,28", "psi" : "99,72", "psni" : "0,00", "psa" : "100,00", "psna" : "0,00", "e" : "3092053", "ea" : "3083434", "ena" : "0", "esi" : "3083434", "esni" : "0", "c" : "2550324", "a" : "533110", "pea" : "100,00", "pena" : "0,00", "pesi" : "99,72", "pesni" : "0,00", "pa" : "17,29", "pc" : "82,71", "munnr" : "1", "munpt" : "4", "munf" : "218", "pmunnr" : "0,45", "pmunpt" : "1,79", "pmunf" : "97,76" }, 
{ "and" : "P", "tpabr" : "UF", "cdabr" : "AP", "dt" : "02/10/2022", "ht" : "21:14:42", "s" : "1740", "st" : "1732", "snt" : "8", "si" : "1732", "sni" : "0", "sa" : "1732", "sna" : "0", "pst" : "99,54", "psnt" : "0,46", "psi" : "99,54", "psni" : "0,00", "psa" : "100,00", "psna" : "0,00", "e" : "550165", "ea" : "546958", "ena" : "0", "esi" : "546958", "esni" : "0", "c" : "440199", "a" : "106759", "pea" : "100,00", "pena" : "0,00", "pesi" : "99,42", "pesni" : "0,00", "pa" : "19,52", "pc" : "80,48", "munnr" : "0", "munpt" : "5", "munf" : "11", "pmunnr" : "00,00", "pmunpt" : "31,25", "pmunf" : "68,75" }, 
{ "and" : "P", "tpabr" : "UF", "cdabr" : "RJ", "dt" : "02/10/2022", "ht" : "21:20:18", "s" : "34068", "st" : "33123", "snt" : "945", "si" : "33123", "sni" : "0", "sa" : "33123", "sna" : "0", "pst" : "97,23", "psnt" : "2,77", "psi" : "97,23", "psni" : "0,00", "psa" : "100,00", "psna" : "0,00", "e" : "12826356", "ea" : "12457908", "ena" : "0", "esi" : "12457908", "esni" : "0", "c" : "9625497", "a" : "2832411", "pea" : "100,00", "pena" : "0,00", "pesi" : "97,13", "pesni" : "0,00", "pa" : "22,74", "pc" : "77,26", "munnr" : "1", "munpt" : "33", "munf" : "58", "pmunnr" : "1,09", "pmunpt" : "35,87", "pmunf" : "63,04" }, 
{ "and" : "F", "tpabr" : "UF", "cdabr" : "RR", "dt" : "02/10/2022", "ht" : "21:07:58", "s" : "1268", "st" : "1268", "snt" : "0", "si" : "1268", "sni" : "0", "sa" : "1268", "sna" : "0", "pst" : "100,00", "psnt" : "0,00", "psi" : "100,00", "psni" : "0,00", "psa" : "100,00", "psna" : "0,00", "e" : "366632", "ea" : "366632", "ena" : "0", "esi" : "366632", "esni" : "0", "c" : "305404", "a" : "61228", "pea" : "100,00", "pena" : "0,00", "pesi" : "100,00", "pesni" : "0,00", "pa" : "16,70", "pc" : "83,30", "munnr" : "0", "munpt" : "0", "munf" : "15", "pmunnr" : "00,00", "pmunpt" : "00,00", "pmunf" : "100,00" }, 
{ "and" : "P", "tpabr" : "UF", "cdabr" : "ZZ", "dt" : "02/10/2022", "ht" : "21:19:12", "s" : "1064", "st" : "933", "snt" : "131", "si" : "887", "sni" : "46", "sa" : "887", "sna" : "0", "pst" : "87,69", "psnt" : "12,31", "psi" : "83,36", "psni" : "16,64", "psa" : "100,00", "psna" : "0,00", "e" : "695355", "ea" : "613217", "ena" : "0", "esi" : "613217", "esni" : "573", "c" : "271801", "a" : "341416", "pea" : "100,00", "pena" : "0,00", "pesi" : "88,19", "pesni" : "99,92", "pa" : "55,68", "pc" : "44,32", "munnr" : "22", "munpt" : "26", "munf" : "133", "pmunnr" : "12,15", "pmunpt" : "14,36", "pmunf" : "73,48" }, 
{ "and" : "P", "tpabr" : "UF", "cdabr" : "SP", "dt" : "02/10/2022", "ht" : "21:20:25", "s" : "101073", "st" : "99831", "snt" : "1242", "si" : "99831", "sni" : "0", "sa" : "99831", "sna" : "0", "pst" : "98,77", "psnt" : "1,23", "psi" : "98,77", "psni" : "0,00", "psa" : "100,00", "psna" : "0,00", "e" : "34684927", "ea" : "34247007", "ena" : "0", "esi" : "34247007", "esni" : "0", "c" : "26844998", "a" : "7402009", "pea" : "100,00", "pena" : "0,00", "pesi" : "98,74", "pesni" : "0,00", "pa" : "21,61", "pc" : "78,39", "munnr" : "6", "munpt" : "32", "munf" : "607", "pmunnr" : "0,93", "pmunpt" : "4,96", "pmunf" : "94,11" }, 
{ "and" : "P", "tpabr" : "BR", "cdabr" : "BR", "dt" : "02/10/2022", "ht" : "21:20:25", "s" : "472075", "st" : "456053", "snt" : "16022", "si" : "456006", "sni" : "47", "sa" : "456006", "sna" : "0", "pst" : "96,60", "psnt" : "3,40", "psi" : "96,59", "psni" : "3,41", "psa" : "100,00", "psna" : "0,00", "e" : "156454011", "ea" : "151125246", "ena" : "0", "esi" : "151125246", "esni" : "657", "c" : "119572356", "a" : "31552890", "pea" : "100,00", "pena" : "0,00", "pesi" : "96,59", "pesni" : "100,00", "pa" : "20,88", "pc" : "79,12", "ufsnr" : "0", "ufspt" : "25", "ufsf" : "3", "pufsnr" : "00,00", "pufspt" : "89,29", "pufsf" : "10,71" } ] }