
{ "ele" : "544", "t" : "1", "f" : "O", "dg" : "02/10/2022", "hg" : "21:28:59", "abr" : [ 
{ "and" : "P", "tpabr" : "UF", "cdabr" : "AM", "dt" : "02/10/2022", "ht" : "21:26:59", "s" : "7454", "st" : "7242", "snt" : "212", "si" : "7241", "sni" : "1", "sa" : "7241", "sna" : "0", "pst" : "97,16", "psnt" : "2,84", "psi" : "97,14", "psni" : "2,86", "psa" : "100,00", "psna" : "0,00", "e" : "2646924", "ea" : "2566335", "ena" : "0", "esi" : "2566335", "esni" : "84", "c" : "2052229", "a" : "514106", "pea" : "100,00", "pena" : "0,00", "pesi" : "96,96", "pesni" : "100,00", "pa" : "20,03", "pc" : "79,97", "munnr" : "0", "munpt" : "33", "munf" : "29", "pmunnr" : "00,00", "pmunpt" : "53,23", "pmunf" : "46,77" }, 
{ "and" : "P", "tpabr" : "UF", "cdabr" : "PE", "dt" : "02/10/2022", "ht" : "21:28:07", "s" : "20572", "st" : "19794", "snt" : "778", "si" : "19794", "sni" : "0", "sa" : "19794", "sna" : "0", "pst" : "96,22", "psnt" : "3,78", "psi" : "96,22", "psni" : "0,00", "psa" : "100,00", "psna" : "0,00", "e" : "7015421", "ea" : "6746032", "ena" : "0", "esi" : "6746032", "esni" : "0", "c" : "5526155", "a" : "1219877", "pea" : "100,00", "pena" : "0,00", "pesi" : "96,16", "pesni" : "0,00", "pa" : "18,08", "pc" : "81,92", "munnr" : "3", "munpt" : "45", "munf" : "137", "pmunnr" : "1,62", "pmunpt" : "24,32", "pmunf" : "74,05" }, 
{ "and" : "P", "tpabr" : "UF", "cdabr" : "RN", "dt" : "02/10/2022", "ht" : "21:28:14", "s" : "7674", "st" : "7619", "snt" : "55", "si" : "7619", "sni" : "0", "sa" : "7619", "sna" : "0", "pst" : "99,28", "psnt" : "0,72", "psi" : "99,28", "psni" : "0,00", "psa" : "100,00", "psna" : "0,00", "e" : "2554716", "ea" : "2535484", "ena" : "0", "esi" : "2535484", "esni" : "0", "c" : "2075212", "a" : "460272", "pea" : "100,00", "pena" : "0,00", "pesi" : "99,25", "pesni" : "0,00", "pa" : "18,15", "pc" : "81,85", "munnr" : "0", "munpt" : "17", "munf" : "150", "pmunnr" : "00,00", "pmunpt" : "10,18", "pmunf" : "89,82" }, 
{ "and" : "P", "tpabr" : "UF", "cdabr" : "MG", "dt" : "02/10/2022", "ht" : "21:28:07", "s" : "49981", "st" : "48569", "snt" : "1412", "si" : "48569", "sni" : "0", "sa" : "48569", "sna" : "0", "pst" : "97,17", "psnt" : "2,83", "psi" : "97,17", "psni" : "0,00", "psa" : "100,00", "psna" : "0,00", "e" : "16283828", "ea" : "15832705", "ena" : "0", "esi" : "15832705", "esni" : "0", "c" : "12316642", "a" : "3516063", "pea" : "100,00", "pena" : "0,00", "pesi" : "97,23", "pesni" : "0,00", "pa" : "22,21", "pc" : "77,79", "munnr" : "33", "munpt" : "63", "munf" : "757", "pmunnr" : "3,87", "pmunpt" : "7,39", "pmunf" : "88,75" }, 
{ "and" : "P", "tpabr" : "UF", "cdabr" : "RO", "dt" : "02/10/2022", "ht" : "21:27:01", "s" : "4198", "st" : "4161", "snt" : "37", "si" : "4161", "sni" : "0", "sa" : "4161", "sna" : "0", "pst" : "99,12", "psnt" : "0,88", "psi" : "99,12", "psni" : "0,00", "psa" : "100,00", "psna" : "0,00", "e" : "1229998", "ea" : "1217399", "ena" : "0", "esi" : "1217399", "esni" : "0", "c" : "917654", "a" : "299745", "pea" : "100,00", "pena" : "0,00", "pesi" : "98,98", "pesni" : "0,00", "pa" : "24,62", "pc" : "75,38", "munnr" : "0", "munpt" : "6", "munf" : "46", "pmunnr" : "00,00", "pmunpt" : "11,54", "pmunf" : "88,46" }, 
{ "and" : "P", "tpabr" : "UF", "cdabr" : "CE", "dt" : "02/10/2022", "ht" : "21:28:07", "s" : "22796", "st" : "21620", "snt" : "1176", "si" : "21620", "sni" : "0", "sa" : "21620", "sna" : "0", "pst" : "94,84", "psnt" : "5,16", "psi" : "94,84", "psni" : "0,00", "psa" : "100,00", "psna" : "0,00", "e" : "6818732", "ea" : "6478544", "ena" : "0", "esi" : "6478544", "esni" : "0", "c" : "5349547", "a" : "1128997", "pea" : "100,00", "pena" : "0,00", "pesi" : "95,01", "pesni" : "0,00", "pa" : "17,43", "pc" : "82,57", "munnr" : "4", "munpt" : "70", "munf" : "110", "pmunnr" : "2,17", "pmunpt" : "38,04", "pmunf" : "59,78" }, 
{ "and" : "P", "tpabr" : "UF", "cdabr" : "GO", "dt" : "02/10/2022", "ht" : "21:28:07", "s" : "14620", "st" : "14587", "snt" : "33", "si" : "14587", "sni" : "0", "sa" : "14587", "sna" : "0", "pst" : "99,77", "psnt" : "0,23", "psi" : "99,77", "psni" : "0,00", "psa" : "100,00", "psna" : "0,00", "e" : "4870292", "ea" : "4860595", "ena" : "0", "esi" : "4860595", "esni" : "0", "c" : "3805075", "a" : "1055520", "pea" : "100,00", "pena" : "0,00", "pesi" : "99,80", "pesni" : "0,00", "pa" : "21,72", "pc" : "78,28", "munnr" : "1", "munpt" : "10", "munf" : "235", "pmunnr" : "0,41", "pmunpt" : "4,07", "pmunf" : "95,53" }, 
{ "and" : "P", "tpabr" : "UF", "cdabr" : "MS", "dt" : "02/10/2022", "ht" : "20:54:51", "s" : "6912", "st" : "6910", "snt" : "2", "si" : "6910", "sni" : "0", "sa" : "6910", "sna" : "0", "pst" : "99,97", "psnt" : "0,03", "psi" : "99,97", "psni" : "0,00", "psa" : "100,00", "psna" : "0,00", "e" : "1995932", "ea" : "1995509", "ena" : "0", "esi" : "1995509", "esni" : "0", "c" : "1554759", "a" : "440750", "pea" : "100,00", "pena" : "0,00", "pesi" : "99,98", "pesni" : "0,00", "pa" : "22,09", "pc" : "77,91", "munnr" : "0", "munpt" : "1", "munf" : "78", "pmunnr" : "00,00", "pmunpt" : "1,27", "pmunf" : "98,73" }, 
{ "and" : "P", "tpabr" : "UF", "cdabr" : "MT", "dt" : "02/10/2022", "ht" : "21:28:07", "s" : "7652", "st" : "7628", "snt" : "24", "si" : "7628", "sni" : "0", "sa" : "7628", "sna" : "0", "pst" : "99,69", "psnt" : "0,31", "psi" : "99,69", "psni" : "0,00", "psa" : "100,00", "psna" : "0,00", "e" : "2469604", "ea" : "2461302", "ena" : "0", "esi" : "2461302", "esni" : "0", "c" : "1886077", "a" : "575225", "pea" : "100,00", "pena" : "0,00", "pesi" : "99,66", "pesni" : "0,00", "pa" : "23,37", "pc" : "76,63", "munnr" : "0", "munpt" : "10", "munf" : "131", "pmunnr" : "00,00", "pmunpt" : "7,09", "pmunf" : "92,91" }, 
{ "and" : "P", "tpabr" : "UF", "cdabr" : "SE", "dt" : "02/10/2022", "ht" : "21:23:38", "s" : "5498", "st" : "5480", "snt" : "18", "si" : "5480", "sni" : "0", "sa" : "5480", "sna" : "0", "pst" : "99,67", "psnt" : "0,33", "psi" : "99,67", "psni" : "0,00", "psa" : "100,00", "psna" : "0,00", "e" : "1671376", "ea" : "1664995", "ena" : "0", "esi" : "1664995", "esni" : "0", "c" : "1359521", "a" : "305474", "pea" : "100,00", "pena" : "0,00", "pesi" : "99,62", "pesni" : "0,00", "pa" : "18,35", "pc" : "81,65", "munnr" : "0", "munpt" : "6", "munf" : "69", "pmunnr" : "00,00", "pmunpt" : "8,00", "pmunf" : "92,00" }, 
{ "and" : "F", "tpabr" : "UF", "cdabr" : "DF", "dt" : "02/10/2022", "ht" : "20:36:59", "s" : "6748", "st" : "6748", "snt" : "0", "si" : "6748", "sni" : "0", "sa" : "6748", "sna" : "0", "pst" : "100,00", "psnt" : "0,00", "psi" : "100,00", "psni" : "0,00", "psa" : "100,00", "psna" : "0,00", "e" : "2206996", "ea" : "2206996", "ena" : "0", "esi" : "2206996", "esni" : "0", "c" : "1819900", "a" : "387096", "pea" : "100,00", "pena" : "0,00", "pesi" : "100,00", "pesni" : "0,00", "pa" : "17,54", "pc" : "82,46", "munnr" : "0", "munpt" : "0", "munf" : "1", "pmunnr" : "00,00", "pmunpt" : "00,00", "pmunf" : "100,00" }, 
{ "and" : "F", "tpabr" : "UF", "cdabr" : "ES", "dt" : "02/10/2022", "ht" : "20:41:59", "s" : "9239", "st" : "9239", "snt" : "0", "si" : "9239", "sni" : "0", "sa" : "9239", "sna" : "0", "pst" : "100,00", "psnt" : "0,00", "psi" : "100,00", "psni" : "0,00", "psa" : "100,00", "psna" : "0,00", "e" : "2922379", "ea" : "2922379", "ena" : "0", "esi" : "2922379", "esni" : "0", "c" : "2315889", "a" : "606490", "pea" : "100,00", "pena" : "0,00", "pesi" : "100,00", "pesni" : "0,00", "pa" : "20,75", "pc" : "79,25", "munnr" : "0", "munpt" : "0", "munf" : "78", "pmunnr" : "00,00", "pmunpt" : "00,00", "pmunf" : "100,00" }, 
{ "and" : "P", "tpabr" : "UF", "cdabr" : "MA", "dt" : "02/10/2022", "ht" : "21:28:14", "s" : "16423", "st" : "13268", "snt" : "3155", "si" : "13268", "sni" : "0", "sa" : "13268", "sna" : "0", "pst" : "80,79", "psnt" : "19,21", "psi" : "80,79", "psni" : "0,00", "psa" : "100,00", "psna" : "0,00", "e" : "5039287", "ea" : "4077081", "ena" : "0", "esi" : "4077081", "esni" : "0", "c" : "3186808", "a" : "890273", "pea" : "100,00", "pena" : "0,00", "pesi" : "80,91", "pesni" : "0,00", "pa" : "21,84", "pc" : "78,16", "munnr" : "22", "munpt" : "127", "munf" : "68", "pmunnr" : "10,14", "pmunpt" : "58,53", "pmunf" : "31,34" }, 
{ "and" : "P", "tpabr" : "UF", "cdabr" : "PA", "dt" : "02/10/2022", "ht" : "21:28:14", "s" : "18235", "st" : "17560", "snt" : "675", "si" : "17560", "sni" : "0", "sa" : "17560", "sna" : "0", "pst" : "96,30", "psnt" : "3,70", "psi" : "96,30", "psni" : "0,00", "psa" : "100,00", "psna" : "0,00", "e" : "6079280", "ea" : "5851750", "ena" : "0", "esi" : "5851750", "esni" : "0", "c" : "4607626", "a" : "1244124", "pea" : "100,00", "pena" : "0,00", "pesi" : "96,26", "pesni" : "0,00", "pa" : "21,26", "pc" : "78,74", "munnr" : "0", "munpt" : "76", "munf" : "68", "pmunnr" : "00,00", "pmunpt" : "52,78", "pmunf" : "47,22" }, 
{ "and" : "P", "tpabr" : "UF", "cdabr" : "PI", "dt" : "02/10/2022", "ht" : "21:27:03", "s" : "8963", "st" : "8459", "snt" : "504", "si" : "8459", "sni" : "0", "sa" : "8459", "sna" : "0", "pst" : "94,38", "psnt" : "5,62", "psi" : "94,38", "psni" : "0,00", "psa" : "100,00", "psna" : "0,00", "e" : "2570433", "ea" : "2419192", "ena" : "0", "esi" : "2419192", "esni" : "0", "c" : "1990476", "a" : "428716", "pea" : "100,00", "pena" : "0,00", "pesi" : "94,12", "pesni" : "0,00", "pa" : "17,72", "pc" : "82,28", "munnr" : "6", "munpt" : "86", "munf" : "132", "pmunnr" : "2,68", "pmunpt" : "38,39", "pmunf" : "58,93" }, 
{ "and" : "P", "tpabr" : "UF", "cdabr" : "RS", "dt" : "02/10/2022", "ht" : "21:27:01", "s" : "27201", "st" : "26985", "snt" : "216", "si" : "26985", "sni" : "0", "sa" : "26985", "sna" : "0", "pst" : "99,21", "psnt" : "0,79", "psi" : "99,21", "psni" : "0,00", "psa" : "100,00", "psna" : "0,00", "e" : "8589432", "ea" : "8510912", "ena" : "0", "esi" : "8510912", "esni" : "0", "c" : "6828017", "a" : "1682895", "pea" : "100,00", "pena" : "0,00", "pesi" : "99,09", "pesni" : "0,00", "pa" : "19,77", "pc" : "80,23", "munnr" : "1", "munpt" : "10", "munf" : "486", "pmunnr" : "0,20", "pmunpt" : "2,01", "pmunf" : "97,79" }, 
{ "and" : "P", "tpabr" : "UF", "cdabr" : "AC", "dt" : "02/10/2022", "ht" : "21:24:43", "s" : "2124", "st" : "2093", "snt" : "31", "si" : "2093", "sni" : "0", "sa" : "2093", "sna" : "0", "pst" : "98,54", "psnt" : "1,46", "psi" : "98,54", "psni" : "0,00", "psa" : "100,00", "psna" : "0,00", "e" : "587738", "ea" : "579269", "ena" : "0", "esi" : "579269", "esni" : "0", "c" : "449800", "a" : "129469", "pea" : "100,00", "pena" : "0,00", "pesi" : "98,56", "pesni" : "0,00", "pa" : "22,35", "pc" : "77,65", "munnr" : "0", "munpt" : "3", "munf" : "19", "pmunnr" : "00,00", "pmunpt" : "13,64", "pmunf" : "86,36" }, 
{ "and" : "P", "tpabr" : "UF", "cdabr" : "PR", "dt" : "02/10/2022", "ht" : "21:28:07", "s" : "25721", "st" : "25670", "snt" : "51", "si" : "25670", "sni" : "0", "sa" : "25670", "sna" : "0", "pst" : "99,80", "psnt" : "0,20", "psi" : "99,80", "psni" : "0,00", "psa" : "100,00", "psna" : "0,00", "e" : "8480435", "ea" : "8463474", "ena" : "0", "esi" : "8463474", "esni" : "0", "c" : "6815762", "a" : "1647712", "pea" : "100,00", "pena" : "0,00", "pesi" : "99,80", "pesni" : "0,00", "pa" : "19,47", "pc" : "80,53", "munnr" : "1", "munpt" : "12", "munf" : "386", "pmunnr" : "0,25", "pmunpt" : "3,01", "pmunf" : "96,74" }, 
{ "and" : "P", "tpabr" : "UF", "cdabr" : "SC", "dt" : "02/10/2022", "ht" : "21:25:53", "s" : "16242", "st" : "16231", "snt" : "11", "si" : "16231", "sni" : "0", "sa" : "16231", "sna" : "0", "pst" : "99,93", "psnt" : "0,07", "psi" : "99,93", "psni" : "0,00", "psa" : "100,00", "psna" : "0,00", "e" : "5501478", "ea" : "5497600", "ena" : "0", "esi" : "5497600", "esni" : "0", "c" : "4484407", "a" : "1013193", "pea" : "100,00", "pena" : "0,00", "pesi" : "99,93", "pesni" : "0,00", "pa" : "18,43", "pc" : "81,57", "munnr" : "0", "munpt" : "7", "munf" : "288", "pmunnr" : "00,00", "pmunpt" : "2,37", "pmunf" : "97,63" }, 
{ "and" : "P", "tpabr" : "UF", "cdabr" : "TO", "dt" : "02/10/2022", "ht" : "21:15:53", "s" : "3957", "st" : "3953", "snt" : "4", "si" : "3953", "sni" : "0", "sa" : "3953", "sna" : "0", "pst" : "99,90", "psnt" : "0,10", "psi" : "99,90", "psni" : "0,00", "psa" : "100,00", "psna" : "0,00", "e" : "1094346", "ea" : "1093138", "ena" : "0", "esi" : "1093138", "esni" : "0", "c" : "890512", "a" : "202626", "pea" : "100,00", "pena" : "0,00", "pesi" : "99,89", "pesni" : "0,00", "pa" : "18,54", "pc" : "81,46", "munnr" : "0", "munpt" : "3", "munf" : "136", "pmunnr" : "00,00", "pmunpt" : "2,16", "pmunf" : "97,84" }, 
{ "and" : "P", "tpabr" : "UF", "cdabr" : "AL", "dt" : "02/10/2022", "ht" : "21:28:06", "s" : "6626", "st" : "5887", "snt" : "739", "si" : "5887", "sni" : "0", "sa" : "5887", "sna" : "0", "pst" : "88,85", "psnt" : "11,15", "psi" : "88,85", "psni" : "0,00", "psa" : "100,00", "psna" : "0,00", "e" : "2326491", "ea" : "2052173", "ena" : "0", "esi" : "2052173", "esni" : "0", "c" : "1596602", "a" : "455571", "pea" : "100,00", "pena" : "0,00", "pesi" : "88,21", "pesni" : "0,00", "pa" : "22,20", "pc" : "77,80", "munnr" : "8", "munpt" : "30", "munf" : "64", "pmunnr" : "7,84", "pmunpt" : "29,41", "pmunf" : "62,75" }, 
{ "and" : "P", "tpabr" : "UF", "cdabr" : "BA", "dt" : "02/10/2022", "ht" : "21:28:14", "s" : "34424", "st" : "31925", "snt" : "2499", "si" : "31925", "sni" : "0", "sa" : "31925", "sna" : "0", "pst" : "92,74", "psnt" : "7,26", "psi" : "92,74", "psni" : "0,00", "psa" : "100,00", "psna" : "0,00", "e" : "11283405", "ea" : "10454594", "ena" : "0", "esi" : "10454594", "esni" : "0", "c" : "8232810", "a" : "2221784", "pea" : "100,00", "pena" : "0,00", "pesi" : "92,65", "pesni" : "0,00", "pa" : "21,25", "pc" : "78,75", "munnr" : "14", "munpt" : "175", "munf" : "228", "pmunnr" : "3,36", "pmunpt" : "41,97", "pmunf" : "54,68" }, 
{ "and" : "P", "tpabr" : "UF", "cdabr" : "PB", "dt" : "02/10/2022", "ht" : "21:23:37", "s" : "9602", "st" : "9576", "snt" : "26", "si" : "9576", "sni" : "0", "sa" : "9576", "sna" : "0", "pst" : "99,73", "psnt" : "0,27", "psi" : "99,73", "psni" : "0,00", "psa" : "100,00", "psna" : "0,00", "e" : "3092053", "ea" : "3083793", "ena" : "0", "esi" : "3083793", "esni" : "0", "c" : "2550621", "a" : "533172", "pea" : "100,00", "pena" : "0,00", "pesi" : "99,73", "pesni" : "0,00", "pa" : "17,29", "pc" : "82,71", "munnr" : "1", "munpt" : "3", "munf" : "219", "pmunnr" : "0,45", "pmunpt" : "1,35", "pmunf" : "98,21" }, 
{ "and" : "P", "tpabr" : "UF", "cdabr" : "AP", "dt" : "02/10/2022", "ht" : "21:21:22", "s" : "1740", "st" : "1733", "snt" : "7", "si" : "1733", "sni" : "0", "sa" : "1733", "sna" : "0", "pst" : "99,60", "psnt" : "0,40", "psi" : "99,60", "psni" : "0,00", "psa" : "100,00", "psna" : "0,00", "e" : "550165", "ea" : "547388", "ena" : "0", "esi" : "547388", "esni" : "0", "c" : "440554", "a" : "106834", "pea" : "100,00", "pena" : "0,00", "pesi" : "99,50", "pesni" : "0,00", "pa" : "19,52", "pc" : "80,48", "munnr" : "0", "munpt" : "5", "munf" : "11", "pmunnr" : "00,00", "pmunpt" : "31,25", "pmunf" : "68,75" }, 
{ "and" : "P", "tpabr" : "UF", "cdabr" : "RJ", "dt" : "02/10/2022", "ht" : "21:28:08", "s" : "34068", "st" : "33386", "snt" : "682", "si" : "33386", "sni" : "0", "sa" : "33386", "sna" : "0", "pst" : "98,00", "psnt" : "2,00", "psi" : "98,00", "psni" : "0,00", "psa" : "100,00", "psna" : "0,00", "e" : "12826356", "ea" : "12561488", "ena" : "0", "esi" : "12561488", "esni" : "0", "c" : "9705839", "a" : "2855649", "pea" : "100,00", "pena" : "0,00", "pesi" : "97,93", "pesni" : "0,00", "pa" : "22,73", "pc" : "77,27", "munnr" : "1", "munpt" : "30", "munf" : "61", "pmunnr" : "1,09", "pmunpt" : "32,61", "pmunf" : "66,30" }, 
{ "and" : "F", "tpabr" : "UF", "cdabr" : "RR", "dt" : "02/10/2022", "ht" : "21:07:58", "s" : "1268", "st" : "1268", "snt" : "0", "si" : "1268", "sni" : "0", "sa" : "1268", "sna" : "0", "pst" : "100,00", "psnt" : "0,00", "psi" : "100,00", "psni" : "0,00", "psa" : "100,00", "psna" : "0,00", "e" : "366632", "ea" : "366632", "ena" : "0", "esi" : "366632", "esni" : "0", "c" : "305404", "a" : "61228", "pea" : "100,00", "pena" : "0,00", "pesi" : "100,00", "pesni" : "0,00", "pa" : "16,70", "pc" : "83,30", "munnr" : "0", "munpt" : "0", "munf" : "15", "pmunnr" : "00,00", "pmunpt" : "00,00", "pmunf" : "100,00" }, 
{ "and" : "P", "tpabr" : "UF", "cdabr" : "ZZ", "dt" : "02/10/2022", "ht" : "21:21:25", "s" : "1064", "st" : "934", "snt" : "130", "si" : "888", "sni" : "46", "sa" : "888", "sna" : "0", "pst" : "87,78", "psnt" : "12,22", "psi" : "83,46", "psni" : "16,54", "psa" : "100,00", "psna" : "0,00", "e" : "695355", "ea" : "613312", "ena" : "0", "esi" : "613312", "esni" : "573", "c" : "271842", "a" : "341470", "pea" : "100,00", "pena" : "0,00", "pesi" : "88,20", "pesni" : "99,92", "pa" : "55,68", "pc" : "44,32", "munnr" : "21", "munpt" : "26", "munf" : "134", "pmunnr" : "11,60", "pmunpt" : "14,36", "pmunf" : "74,03" }, 
{ "and" : "P", "tpabr" : "UF", "cdabr" : "SP", "dt" : "02/10/2022", "ht" : "21:28:09", "s" : "101073", "st" : "100224", "snt" : "849", "si" : "100224", "sni" : "0", "sa" : "100224", "sna" : "0", "pst" : "99,16", "psnt" : "0,84", "psi" : "99,16", "psni" : "0,00", "psa" : "100,00", "psna" : "0,00", "e" : "34684927", "ea" : "34384171", "ena" : "0", "esi" : "34384171", "esni" : "0", "c" : "26952995", "a" : "7431176", "pea" : "100,00", "pena" : "0,00", "pesi" : "99,13", "pesni" : "0,00", "pa" : "21,61", "pc" : "78,39", "munnr" : "5", "munpt" : "27", "munf" : "613", "pmunnr" : "0,78", "pmunpt" : "4,19", "pmunf" : "95,04" }, 
{ "and" : "P", "tpabr" : "BR", "cdabr" : "BR", "dt" : "02/10/2022", "ht" : "21:28:14", "s" : "472075", "st" : "458749", "snt" : "13326", "si" : "458702", "sni" : "47", "sa" : "458702", "sna" : "0", "pst" : "97,17", "psnt" : "2,83", "psi" : "97,16", "psni" : "2,84", "psa" : "100,00", "psna" : "0,00", "e" : "156454011", "ea" : "152044242", "ena" : "0", "esi" : "152044242", "esni" : "657", "c" : "120288735", "a" : "31755507", "pea" : "100,00", "pena" : "0,00", "pesi" : "97,18", "pesni" : "100,00", "pa" : "20,89", "pc" : "79,11", "ufsnr" : "0", "ufspt" : "25", "ufsf" : "3", "pufsnr" : "00,00", "pufspt" : "89,29", "pufsf" : "10,71" } ] }