
{ "ele" : "544", "t" : "1", "f" : "O", "dg" : "02/10/2022", "hg" : "19:27:59", "abr" : [ 
{ "and" : "P", "tpabr" : "UF", "cdabr" : "AM", "dt" : "02/10/2022", "ht" : "19:26:50", "s" : "7454", "st" : "4306", "snt" : "3148", "si" : "4306", "sni" : "0", "sa" : "4306", "sna" : "0", "pst" : "57,77", "psnt" : "42,23", "psi" : "57,77", "psni" : "0,00", "psa" : "100,00", "psna" : "0,00", "e" : "2646924", "ea" : "1504159", "ena" : "0", "esi" : "1504159", "esni" : "0", "c" : "1235269", "a" : "268890", "pea" : "100,00", "pena" : "0,00", "pesi" : "56,83", "pesni" : "0,00", "pa" : "17,88", "pc" : "82,12", "munnr" : "5", "munpt" : "56", "munf" : "1", "pmunnr" : "8,06", "pmunpt" : "90,32", "pmunf" : "1,61" }, 
{ "and" : "P", "tpabr" : "UF", "cdabr" : "PE", "dt" : "02/10/2022", "ht" : "19:27:08", "s" : "20572", "st" : "5085", "snt" : "15487", "si" : "5085", "sni" : "0", "sa" : "5085", "sna" : "0", "pst" : "24,72", "psnt" : "75,28", "psi" : "24,72", "psni" : "0,00", "psa" : "100,00", "psna" : "0,00", "e" : "7015421", "ea" : "1592245", "ena" : "0", "esi" : "1592245", "esni" : "0", "c" : "1306037", "a" : "286208", "pea" : "100,00", "pena" : "0,00", "pesi" : "22,70", "pesni" : "0,00", "pa" : "17,98", "pc" : "82,02", "munnr" : "73", "munpt" : "112", "munf" : "0", "pmunnr" : "39,46", "pmunpt" : "60,54", "pmunf" : "00,00" }, 
{ "and" : "P", "tpabr" : "UF", "cdabr" : "RN", "dt" : "02/10/2022", "ht" : "19:27:23", "s" : "7674", "st" : "3485", "snt" : "4189", "si" : "3485", "sni" : "0", "sa" : "3485", "sna" : "0", "pst" : "45,41", "psnt" : "54,59", "psi" : "45,41", "psni" : "0,00", "psa" : "100,00", "psna" : "0,00", "e" : "2554716", "ea" : "1076727", "ena" : "0", "esi" : "1076727", "esni" : "0", "c" : "885284", "a" : "191443", "pea" : "100,00", "pena" : "0,00", "pesi" : "42,15", "pesni" : "0,00", "pa" : "17,78", "pc" : "82,22", "munnr" : "18", "munpt" : "124", "munf" : "25", "pmunnr" : "10,78", "pmunpt" : "74,25", "pmunf" : "14,97" }, 
{ "and" : "P", "tpabr" : "UF", "cdabr" : "MG", "dt" : "02/10/2022", "ht" : "19:27:16", "s" : "49981", "st" : "18223", "snt" : "31758", "si" : "18223", "sni" : "0", "sa" : "18223", "sna" : "0", "pst" : "36,46", "psnt" : "63,54", "psi" : "36,46", "psni" : "0,00", "psa" : "100,00", "psna" : "0,00", "e" : "16283828", "ea" : "5652186", "ena" : "0", "esi" : "5652186", "esni" : "0", "c" : "4384167", "a" : "1268019", "pea" : "100,00", "pena" : "0,00", "pesi" : "34,71", "pesni" : "0,00", "pa" : "22,43", "pc" : "77,57", "munnr" : "426", "munpt" : "346", "munf" : "81", "pmunnr" : "49,94", "pmunpt" : "40,56", "pmunf" : "9,50" }, 
{ "and" : "P", "tpabr" : "UF", "cdabr" : "RO", "dt" : "02/10/2022", "ht" : "19:27:39", "s" : "4198", "st" : "2589", "snt" : "1609", "si" : "2589", "sni" : "0", "sa" : "2589", "sna" : "0", "pst" : "61,67", "psnt" : "38,33", "psi" : "61,67", "psni" : "0,00", "psa" : "100,00", "psna" : "0,00", "e" : "1229998", "ea" : "742462", "ena" : "0", "esi" : "742462", "esni" : "0", "c" : "568512", "a" : "173950", "pea" : "100,00", "pena" : "0,00", "pesi" : "60,36", "pesni" : "0,00", "pa" : "23,43", "pc" : "76,57", "munnr" : "12", "munpt" : "35", "munf" : "5", "pmunnr" : "23,08", "pmunpt" : "67,31", "pmunf" : "9,62" }, 
{ "and" : "P", "tpabr" : "UF", "cdabr" : "CE", "dt" : "02/10/2022", "ht" : "19:27:05", "s" : "22796", "st" : "6802", "snt" : "15994", "si" : "6802", "sni" : "0", "sa" : "6802", "sna" : "0", "pst" : "29,84", "psnt" : "70,16", "psi" : "29,84", "psni" : "0,00", "psa" : "100,00", "psna" : "0,00", "e" : "6818732", "ea" : "1996030", "ena" : "0", "esi" : "1996030", "esni" : "0", "c" : "1630049", "a" : "365981", "pea" : "100,00", "pena" : "0,00", "pesi" : "29,27", "pesni" : "0,00", "pa" : "18,34", "pc" : "81,66", "munnr" : "44", "munpt" : "140", "munf" : "0", "pmunnr" : "23,91", "pmunpt" : "76,09", "pmunf" : "00,00" }, 
{ "and" : "P", "tpabr" : "UF", "cdabr" : "GO", "dt" : "02/10/2022", "ht" : "19:27:32", "s" : "14620", "st" : "9333", "snt" : "5287", "si" : "9333", "sni" : "0", "sa" : "9333", "sna" : "0", "pst" : "63,84", "psnt" : "36,16", "psi" : "63,84", "psni" : "0,00", "psa" : "100,00", "psna" : "0,00", "e" : "4870292", "ea" : "3067073", "ena" : "0", "esi" : "3067073", "esni" : "0", "c" : "2407179", "a" : "659894", "pea" : "100,00", "pena" : "0,00", "pesi" : "62,98", "pesni" : "0,00", "pa" : "21,52", "pc" : "78,48", "munnr" : "102", "munpt" : "119", "munf" : "25", "pmunnr" : "41,46", "pmunpt" : "48,37", "pmunf" : "10,16" }, 
{ "and" : "P", "tpabr" : "UF", "cdabr" : "MS", "dt" : "02/10/2022", "ht" : "19:26:40", "s" : "6912", "st" : "6353", "snt" : "559", "si" : "6353", "sni" : "0", "sa" : "6353", "sna" : "0", "pst" : "91,91", "psnt" : "8,09", "psi" : "91,91", "psni" : "0,00", "psa" : "100,00", "psna" : "0,00", "e" : "1995932", "ea" : "1826484", "ena" : "0", "esi" : "1826484", "esni" : "0", "c" : "1426690", "a" : "399794", "pea" : "100,00", "pena" : "0,00", "pesi" : "91,51", "pesni" : "0,00", "pa" : "21,89", "pc" : "78,11", "munnr" : "2", "munpt" : "44", "munf" : "33", "pmunnr" : "2,53", "pmunpt" : "55,70", "pmunf" : "41,77" }, 
{ "and" : "P", "tpabr" : "UF", "cdabr" : "MT", "dt" : "02/10/2022", "ht" : "19:27:51", "s" : "7652", "st" : "4862", "snt" : "2790", "si" : "4862", "sni" : "0", "sa" : "4862", "sna" : "0", "pst" : "63,54", "psnt" : "36,46", "psi" : "63,54", "psni" : "0,00", "psa" : "100,00", "psna" : "0,00", "e" : "2469604", "ea" : "1525310", "ena" : "0", "esi" : "1525310", "esni" : "0", "c" : "1180402", "a" : "344908", "pea" : "100,00", "pena" : "0,00", "pesi" : "61,76", "pesni" : "0,00", "pa" : "22,61", "pc" : "77,39", "munnr" : "22", "munpt" : "88", "munf" : "31", "pmunnr" : "15,60", "pmunpt" : "62,41", "pmunf" : "21,99" }, 
{ "and" : "P", "tpabr" : "UF", "cdabr" : "SE", "dt" : "02/10/2022", "ht" : "19:27:39", "s" : "5498", "st" : "3230", "snt" : "2268", "si" : "3230", "sni" : "0", "sa" : "3230", "sna" : "0", "pst" : "58,75", "psnt" : "41,25", "psi" : "58,75", "psni" : "0,00", "psa" : "100,00", "psna" : "0,00", "e" : "1671376", "ea" : "954409", "ena" : "0", "esi" : "954409", "esni" : "0", "c" : "784317", "a" : "170092", "pea" : "100,00", "pena" : "0,00", "pesi" : "57,10", "pesni" : "0,00", "pa" : "17,82", "pc" : "82,18", "munnr" : "10", "munpt" : "61", "munf" : "4", "pmunnr" : "13,33", "pmunpt" : "81,33", "pmunf" : "5,33" }, 
{ "and" : "P", "tpabr" : "UF", "cdabr" : "DF", "dt" : "02/10/2022", "ht" : "19:27:14", "s" : "6748", "st" : "6447", "snt" : "301", "si" : "6447", "sni" : "0", "sa" : "6447", "sna" : "0", "pst" : "95,54", "psnt" : "4,46", "psi" : "95,54", "psni" : "0,00", "psa" : "100,00", "psna" : "0,00", "e" : "2206996", "ea" : "2100485", "ena" : "0", "esi" : "2100485", "esni" : "0", "c" : "1733732", "a" : "366753", "pea" : "100,00", "pena" : "0,00", "pesi" : "95,17", "pesni" : "0,00", "pa" : "17,46", "pc" : "82,54", "munnr" : "0", "munpt" : "1", "munf" : "0", "pmunnr" : "00,00", "pmunpt" : "100,00", "pmunf" : "00,00" }, 
{ "and" : "P", "tpabr" : "UF", "cdabr" : "ES", "dt" : "02/10/2022", "ht" : "19:26:33", "s" : "9239", "st" : "8655", "snt" : "584", "si" : "8655", "sni" : "0", "sa" : "8655", "sna" : "0", "pst" : "93,68", "psnt" : "6,32", "psi" : "93,68", "psni" : "0,00", "psa" : "100,00", "psna" : "0,00", "e" : "2922379", "ea" : "2723699", "ena" : "0", "esi" : "2723699", "esni" : "0", "c" : "2161591", "a" : "562108", "pea" : "100,00", "pena" : "0,00", "pesi" : "93,20", "pesni" : "0,00", "pa" : "20,64", "pc" : "79,36", "munnr" : "0", "munpt" : "29", "munf" : "49", "pmunnr" : "00,00", "pmunpt" : "37,18", "pmunf" : "62,82" }, 
{ "and" : "P", "tpabr" : "UF", "cdabr" : "MA", "dt" : "02/10/2022", "ht" : "19:26:48", "s" : "16423", "st" : "3262", "snt" : "13161", "si" : "3262", "sni" : "0", "sa" : "3262", "sna" : "0", "pst" : "19,86", "psnt" : "80,14", "psi" : "19,86", "psni" : "0,00", "psa" : "100,00", "psna" : "0,00", "e" : "5039287", "ea" : "951563", "ena" : "0", "esi" : "951563", "esni" : "0", "c" : "753767", "a" : "197796", "pea" : "100,00", "pena" : "0,00", "pesi" : "18,88", "pesni" : "0,00", "pa" : "20,79", "pc" : "79,21", "munnr" : "95", "munpt" : "122", "munf" : "0", "pmunnr" : "43,78", "pmunpt" : "56,22", "pmunf" : "00,00" }, 
{ "and" : "P", "tpabr" : "UF", "cdabr" : "PA", "dt" : "02/10/2022", "ht" : "19:25:33", "s" : "18235", "st" : "7730", "snt" : "10505", "si" : "7730", "sni" : "0", "sa" : "7730", "sna" : "0", "pst" : "42,39", "psnt" : "57,61", "psi" : "42,39", "psni" : "0,00", "psa" : "100,00", "psna" : "0,00", "e" : "6079280", "ea" : "2476860", "ena" : "0", "esi" : "2476860", "esni" : "0", "c" : "1964491", "a" : "512369", "pea" : "100,00", "pena" : "0,00", "pesi" : "40,74", "pesni" : "0,00", "pa" : "20,69", "pc" : "79,31", "munnr" : "4", "munpt" : "139", "munf" : "1", "pmunnr" : "2,78", "pmunpt" : "96,53", "pmunf" : "0,69" }, 
{ "and" : "P", "tpabr" : "UF", "cdabr" : "PI", "dt" : "02/10/2022", "ht" : "19:27:34", "s" : "8963", "st" : "4319", "snt" : "4644", "si" : "4319", "sni" : "0", "sa" : "4319", "sna" : "0", "pst" : "48,19", "psnt" : "51,81", "psi" : "48,19", "psni" : "0,00", "psa" : "100,00", "psna" : "0,00", "e" : "2570433", "ea" : "1198693", "ena" : "0", "esi" : "1198693", "esni" : "0", "c" : "986166", "a" : "212527", "pea" : "100,00", "pena" : "0,00", "pesi" : "46,63", "pesni" : "0,00", "pa" : "17,73", "pc" : "82,27", "munnr" : "41", "munpt" : "180", "munf" : "3", "pmunnr" : "18,30", "pmunpt" : "80,36", "pmunf" : "1,34" }, 
{ "and" : "P", "tpabr" : "UF", "cdabr" : "RS", "dt" : "02/10/2022", "ht" : "19:27:38", "s" : "27201", "st" : "18146", "snt" : "9055", "si" : "18146", "sni" : "0", "sa" : "18146", "sna" : "0", "pst" : "66,71", "psnt" : "33,29", "psi" : "66,71", "psni" : "0,00", "psa" : "100,00", "psna" : "0,00", "e" : "8589432", "ea" : "5742829", "ena" : "0", "esi" : "5742829", "esni" : "0", "c" : "4600214", "a" : "1142615", "pea" : "100,00", "pena" : "0,00", "pesi" : "66,86", "pesni" : "0,00", "pa" : "19,90", "pc" : "80,10", "munnr" : "181", "munpt" : "211", "munf" : "105", "pmunnr" : "36,42", "pmunpt" : "42,45", "pmunf" : "21,13" }, 
{ "and" : "P", "tpabr" : "UF", "cdabr" : "AC", "dt" : "02/10/2022", "ht" : "19:26:50", "s" : "2124", "st" : "1627", "snt" : "497", "si" : "1627", "sni" : "0", "sa" : "1627", "sna" : "0", "pst" : "76,60", "psnt" : "23,40", "psi" : "76,60", "psni" : "0,00", "psa" : "100,00", "psna" : "0,00", "e" : "587738", "ea" : "452342", "ena" : "0", "esi" : "452342", "esni" : "0", "c" : "350187", "a" : "102155", "pea" : "100,00", "pena" : "0,00", "pesi" : "76,96", "pesni" : "0,00", "pa" : "22,58", "pc" : "77,42", "munnr" : "0", "munpt" : "22", "munf" : "0", "pmunnr" : "00,00", "pmunpt" : "100,00", "pmunf" : "00,00" }, 
{ "and" : "P", "tpabr" : "UF", "cdabr" : "PR", "dt" : "02/10/2022", "ht" : "19:27:29", "s" : "25721", "st" : "19718", "snt" : "6003", "si" : "19718", "sni" : "0", "sa" : "19718", "sna" : "0", "pst" : "76,66", "psnt" : "23,34", "psi" : "76,66", "psni" : "0,00", "psa" : "100,00", "psna" : "0,00", "e" : "8480435", "ea" : "6444533", "ena" : "0", "esi" : "6444533", "esni" : "0", "c" : "5194649", "a" : "1249884", "pea" : "100,00", "pena" : "0,00", "pesi" : "75,99", "pesni" : "0,00", "pa" : "19,39", "pc" : "80,61", "munnr" : "60", "munpt" : "231", "munf" : "108", "pmunnr" : "15,04", "pmunpt" : "57,89", "pmunf" : "27,07" }, 
{ "and" : "P", "tpabr" : "UF", "cdabr" : "SC", "dt" : "02/10/2022", "ht" : "19:25:36", "s" : "16242", "st" : "5264", "snt" : "10978", "si" : "5264", "sni" : "0", "sa" : "5264", "sna" : "0", "pst" : "32,41", "psnt" : "67,59", "psi" : "32,41", "psni" : "0,00", "psa" : "100,00", "psna" : "0,00", "e" : "5501478", "ea" : "1715188", "ena" : "0", "esi" : "1715188", "esni" : "0", "c" : "1412285", "a" : "302903", "pea" : "100,00", "pena" : "0,00", "pesi" : "31,18", "pesni" : "0,00", "pa" : "17,66", "pc" : "82,34", "munnr" : "112", "munpt" : "155", "munf" : "28", "pmunnr" : "37,97", "pmunpt" : "52,54", "pmunf" : "9,49" }, 
{ "and" : "P", "tpabr" : "UF", "cdabr" : "TO", "dt" : "02/10/2022", "ht" : "19:27:51", "s" : "3957", "st" : "3271", "snt" : "686", "si" : "3271", "sni" : "0", "sa" : "3271", "sna" : "0", "pst" : "82,66", "psnt" : "17,34", "psi" : "82,66", "psni" : "0,00", "psa" : "100,00", "psna" : "0,00", "e" : "1094346", "ea" : "891749", "ena" : "0", "esi" : "891749", "esni" : "0", "c" : "726446", "a" : "165303", "pea" : "100,00", "pena" : "0,00", "pesi" : "81,49", "pesni" : "0,00", "pa" : "18,54", "pc" : "81,46", "munnr" : "9", "munpt" : "73", "munf" : "57", "pmunnr" : "6,47", "pmunpt" : "52,52", "pmunf" : "41,01" }, 
{ "and" : "P", "tpabr" : "UF", "cdabr" : "AL", "dt" : "02/10/2022", "ht" : "19:26:49", "s" : "6626", "st" : "630", "snt" : "5996", "si" : "630", "sni" : "0", "sa" : "630", "sna" : "0", "pst" : "9,51", "psnt" : "90,49", "psi" : "9,51", "psni" : "0,00", "psa" : "100,00", "psna" : "0,00", "e" : "2326491", "ea" : "192310", "ena" : "0", "esi" : "192310", "esni" : "0", "c" : "150786", "a" : "41524", "pea" : "100,00", "pena" : "0,00", "pesi" : "8,27", "pesni" : "0,00", "pa" : "21,59", "pc" : "78,41", "munnr" : "72", "munpt" : "30", "munf" : "0", "pmunnr" : "70,59", "pmunpt" : "29,41", "pmunf" : "00,00" }, 
{ "and" : "P", "tpabr" : "UF", "cdabr" : "BA", "dt" : "02/10/2022", "ht" : "19:27:01", "s" : "34424", "st" : "9750", "snt" : "24674", "si" : "9750", "sni" : "0", "sa" : "9750", "sna" : "0", "pst" : "28,32", "psnt" : "71,68", "psi" : "28,32", "psni" : "0,00", "psa" : "100,00", "psna" : "0,00", "e" : "11283405", "ea" : "2999303", "ena" : "0", "esi" : "2999303", "esni" : "0", "c" : "2367105", "a" : "632198", "pea" : "100,00", "pena" : "0,00", "pesi" : "26,58", "pesni" : "0,00", "pa" : "21,08", "pc" : "78,92", "munnr" : "103", "munpt" : "307", "munf" : "7", "pmunnr" : "24,70", "pmunpt" : "73,62", "pmunf" : "1,68" }, 
{ "and" : "P", "tpabr" : "UF", "cdabr" : "PB", "dt" : "02/10/2022", "ht" : "19:27:22", "s" : "9602", "st" : "4476", "snt" : "5126", "si" : "4476", "sni" : "0", "sa" : "4476", "sna" : "0", "pst" : "46,62", "psnt" : "53,38", "psi" : "46,62", "psni" : "0,00", "psa" : "100,00", "psna" : "0,00", "e" : "3092053", "ea" : "1416619", "ena" : "0", "esi" : "1416619", "esni" : "0", "c" : "1181346", "a" : "235273", "pea" : "100,00", "pena" : "0,00", "pesi" : "45,81", "pesni" : "0,00", "pa" : "16,61", "pc" : "83,39", "munnr" : "81", "munpt" : "120", "munf" : "22", "pmunnr" : "36,32", "pmunpt" : "53,81", "pmunf" : "9,87" }, 
{ "and" : "P", "tpabr" : "UF", "cdabr" : "AP", "dt" : "02/10/2022", "ht" : "19:27:20", "s" : "1740", "st" : "1058", "snt" : "682", "si" : "1058", "sni" : "0", "sa" : "1058", "sna" : "0", "pst" : "60,80", "psnt" : "39,20", "psi" : "60,80", "psni" : "0,00", "psa" : "100,00", "psna" : "0,00", "e" : "550165", "ea" : "314039", "ena" : "0", "esi" : "314039", "esni" : "0", "c" : "251563", "a" : "62476", "pea" : "100,00", "pena" : "0,00", "pesi" : "57,08", "pesni" : "0,00", "pa" : "19,89", "pc" : "80,11", "munnr" : "1", "munpt" : "13", "munf" : "2", "pmunnr" : "6,25", "pmunpt" : "81,25", "pmunf" : "12,50" }, 
{ "and" : "P", "tpabr" : "UF", "cdabr" : "RJ", "dt" : "02/10/2022", "ht" : "19:26:50", "s" : "34068", "st" : "7357", "snt" : "26711", "si" : "7357", "sni" : "0", "sa" : "7357", "sna" : "0", "pst" : "21,60", "psnt" : "78,40", "psi" : "21,60", "psni" : "0,00", "psa" : "100,00", "psna" : "0,00", "e" : "12826356", "ea" : "2466429", "ena" : "0", "esi" : "2466429", "esni" : "0", "c" : "1902603", "a" : "563826", "pea" : "100,00", "pena" : "0,00", "pesi" : "19,23", "pesni" : "0,00", "pa" : "22,86", "pc" : "77,14", "munnr" : "16", "munpt" : "76", "munf" : "0", "pmunnr" : "17,39", "pmunpt" : "82,61", "pmunf" : "00,00" }, 
{ "and" : "P", "tpabr" : "UF", "cdabr" : "RR", "dt" : "02/10/2022", "ht" : "19:27:12", "s" : "1268", "st" : "826", "snt" : "442", "si" : "826", "sni" : "0", "sa" : "826", "sna" : "0", "pst" : "65,14", "psnt" : "34,86", "psi" : "65,14", "psni" : "0,00", "psa" : "100,00", "psna" : "0,00", "e" : "366632", "ea" : "232478", "ena" : "0", "esi" : "232478", "esni" : "0", "c" : "194383", "a" : "38095", "pea" : "100,00", "pena" : "0,00", "pesi" : "63,41", "pesni" : "0,00", "pa" : "16,39", "pc" : "83,61", "munnr" : "0", "munpt" : "15", "munf" : "0", "pmunnr" : "00,00", "pmunpt" : "100,00", "pmunf" : "00,00" }, 
{ "and" : "P", "tpabr" : "UF", "cdabr" : "ZZ", "dt" : "02/10/2022", "ht" : "19:23:09", "s" : "1064", "st" : "527", "snt" : "537", "si" : "527", "sni" : "0", "sa" : "527", "sna" : "0", "pst" : "49,53", "psnt" : "50,47", "psi" : "49,53", "psni" : "0,00", "psa" : "100,00", "psna" : "0,00", "e" : "695355", "ea" : "364930", "ena" : "0", "esi" : "364930", "esni" : "0", "c" : "165690", "a" : "199240", "pea" : "100,00", "pena" : "0,00", "pesi" : "52,48", "pesni" : "0,00", "pa" : "54,60", "pc" : "45,40", "munnr" : "104", "munpt" : "14", "munf" : "63", "pmunnr" : "57,46", "pmunpt" : "7,73", "pmunf" : "34,81" }, 
{ "and" : "P", "tpabr" : "UF", "cdabr" : "SP", "dt" : "02/10/2022", "ht" : "19:26:59", "s" : "101073", "st" : "42381", "snt" : "58692", "si" : "42381", "sni" : "0", "sa" : "42381", "sna" : "0", "pst" : "41,93", "psnt" : "58,07", "psi" : "41,93", "psni" : "0,00", "psa" : "100,00", "psna" : "0,00", "e" : "34684927", "ea" : "14020534", "ena" : "0", "esi" : "14020534", "esni" : "0", "c" : "10954100", "a" : "3066434", "pea" : "100,00", "pena" : "0,00", "pesi" : "40,42", "pesni" : "0,00", "pa" : "21,87", "pc" : "78,13", "munnr" : "231", "munpt" : "239", "munf" : "175", "pmunnr" : "35,81", "pmunpt" : "37,05", "pmunf" : "27,13" }, 
{ "and" : "P", "tpabr" : "BR", "cdabr" : "BR", "dt" : "02/10/2022", "ht" : "19:27:51", "s" : "472075", "st" : "209712", "snt" : "262363", "si" : "209712", "sni" : "0", "sa" : "209712", "sna" : "0", "pst" : "44,42", "psnt" : "55,58", "psi" : "44,42", "psni" : "0,00", "psa" : "100,00", "psna" : "0,00", "e" : "156454011", "ea" : "66641668", "ena" : "0", "esi" : "66641668", "esni" : "0", "c" : "52859010", "a" : "13782658", "pea" : "100,00", "pena" : "0,00", "pesi" : "42,59", "pesni" : "0,00", "pa" : "20,69", "pc" : "79,31", "ufsnr" : "0", "ufspt" : "28", "ufsf" : "0", "pufsnr" : "00,00", "pufspt" : "100,00", "pufsf" : "00,00" } ] }