
{ "ele" : "544", "t" : "1", "f" : "O", "dg" : "02/10/2022", "hg" : "18:45:14", "abr" : [ 
{ "and" : "P", "tpabr" : "UF", "cdabr" : "AM", "dt" : "02/10/2022", "ht" : "18:44:14", "s" : "7454", "st" : "2145", "snt" : "5309", "si" : "2145", "sni" : "0", "sa" : "2145", "sna" : "0", "pst" : "28,78", "psnt" : "71,22", "psi" : "28,78", "psni" : "0,00", "psa" : "100,00", "psna" : "0,00", "e" : "2646924", "ea" : "740456", "ena" : "0", "esi" : "740456", "esni" : "0", "c" : "609477", "a" : "130979", "pea" : "100,00", "pena" : "0,00", "pesi" : "27,97", "pesni" : "0,00", "pa" : "17,69", "pc" : "82,31", "munnr" : "8", "munpt" : "54", "munf" : "0", "pmunnr" : "12,90", "pmunpt" : "87,10", "pmunf" : "00,00" }, 
{ "and" : "P", "tpabr" : "UF", "cdabr" : "PE", "dt" : "02/10/2022", "ht" : "18:44:47", "s" : "20572", "st" : "1131", "snt" : "19441", "si" : "1131", "sni" : "0", "sa" : "1131", "sna" : "0", "pst" : "5,50", "psnt" : "94,50", "psi" : "5,50", "psni" : "0,00", "psa" : "100,00", "psna" : "0,00", "e" : "7015421", "ea" : "338289", "ena" : "0", "esi" : "338289", "esni" : "0", "c" : "274892", "a" : "63397", "pea" : "100,00", "pena" : "0,00", "pesi" : "4,82", "pesni" : "0,00", "pa" : "18,74", "pc" : "81,26", "munnr" : "118", "munpt" : "67", "munf" : "0", "pmunnr" : "63,78", "pmunpt" : "36,22", "pmunf" : "00,00" }, 
{ "and" : "P", "tpabr" : "UF", "cdabr" : "RN", "dt" : "02/10/2022", "ht" : "18:44:10", "s" : "7674", "st" : "1658", "snt" : "6016", "si" : "1658", "sni" : "0", "sa" : "1658", "sna" : "0", "pst" : "21,61", "psnt" : "78,39", "psi" : "21,61", "psni" : "0,00", "psa" : "100,00", "psna" : "0,00", "e" : "2554716", "ea" : "495837", "ena" : "0", "esi" : "495837", "esni" : "0", "c" : "407923", "a" : "87914", "pea" : "100,00", "pena" : "0,00", "pesi" : "19,41", "pesni" : "0,00", "pa" : "17,73", "pc" : "82,27", "munnr" : "53", "munpt" : "104", "munf" : "10", "pmunnr" : "31,74", "pmunpt" : "62,28", "pmunf" : "5,99" }, 
{ "and" : "P", "tpabr" : "UF", "cdabr" : "MG", "dt" : "02/10/2022", "ht" : "18:45:00", "s" : "49981", "st" : "5272", "snt" : "44709", "si" : "5272", "sni" : "0", "sa" : "5272", "sna" : "0", "pst" : "10,55", "psnt" : "89,45", "psi" : "10,55", "psni" : "0,00", "psa" : "100,00", "psna" : "0,00", "e" : "16283828", "ea" : "1601745", "ena" : "0", "esi" : "1601745", "esni" : "0", "c" : "1229599", "a" : "372146", "pea" : "100,00", "pena" : "0,00", "pesi" : "9,84", "pesni" : "0,00", "pa" : "23,23", "pc" : "76,77", "munnr" : "607", "munpt" : "238", "munf" : "8", "pmunnr" : "71,16", "pmunpt" : "27,90", "pmunf" : "0,94" }, 
{ "and" : "P", "tpabr" : "UF", "cdabr" : "RO", "dt" : "02/10/2022", "ht" : "18:44:20", "s" : "4198", "st" : "1579", "snt" : "2619", "si" : "1579", "sni" : "0", "sa" : "1579", "sna" : "0", "pst" : "37,61", "psnt" : "62,39", "psi" : "37,61", "psni" : "0,00", "psa" : "100,00", "psna" : "0,00", "e" : "1229998", "ea" : "459265", "ena" : "0", "esi" : "459265", "esni" : "0", "c" : "356863", "a" : "102402", "pea" : "100,00", "pena" : "0,00", "pesi" : "37,34", "pesni" : "0,00", "pa" : "22,30", "pc" : "77,70", "munnr" : "26", "munpt" : "24", "munf" : "2", "pmunnr" : "50,00", "pmunpt" : "46,15", "pmunf" : "3,85" }, 
{ "and" : "P", "tpabr" : "UF", "cdabr" : "CE", "dt" : "02/10/2022", "ht" : "18:45:02", "s" : "22796", "st" : "2264", "snt" : "20532", "si" : "2264", "sni" : "0", "sa" : "2264", "sna" : "0", "pst" : "9,93", "psnt" : "90,07", "psi" : "9,93", "psni" : "0,00", "psa" : "100,00", "psna" : "0,00", "e" : "6818732", "ea" : "650612", "ena" : "0", "esi" : "650612", "esni" : "0", "c" : "523388", "a" : "127224", "pea" : "100,00", "pena" : "0,00", "pesi" : "9,54", "pesni" : "0,00", "pa" : "19,55", "pc" : "80,45", "munnr" : "94", "munpt" : "90", "munf" : "0", "pmunnr" : "51,09", "pmunpt" : "48,91", "pmunf" : "00,00" }, 
{ "and" : "P", "tpabr" : "UF", "cdabr" : "GO", "dt" : "02/10/2022", "ht" : "18:44:05", "s" : "14620", "st" : "4188", "snt" : "10432", "si" : "4188", "sni" : "0", "sa" : "4188", "sna" : "0", "pst" : "28,65", "psnt" : "71,35", "psi" : "28,65", "psni" : "0,00", "psa" : "100,00", "psna" : "0,00", "e" : "4870292", "ea" : "1376412", "ena" : "0", "esi" : "1376412", "esni" : "0", "c" : "1084135", "a" : "292277", "pea" : "100,00", "pena" : "0,00", "pesi" : "28,26", "pesni" : "0,00", "pa" : "21,23", "pc" : "78,77", "munnr" : "164", "munpt" : "79", "munf" : "3", "pmunnr" : "66,67", "pmunpt" : "32,11", "pmunf" : "1,22" }, 
{ "and" : "P", "tpabr" : "UF", "cdabr" : "MS", "dt" : "02/10/2022", "ht" : "18:44:31", "s" : "6912", "st" : "4310", "snt" : "2602", "si" : "4310", "sni" : "0", "sa" : "4310", "sna" : "0", "pst" : "62,36", "psnt" : "37,64", "psi" : "62,36", "psni" : "0,00", "psa" : "100,00", "psna" : "0,00", "e" : "1995932", "ea" : "1221593", "ena" : "0", "esi" : "1221593", "esni" : "0", "c" : "958382", "a" : "263211", "pea" : "100,00", "pena" : "0,00", "pesi" : "61,20", "pesni" : "0,00", "pa" : "21,55", "pc" : "78,45", "munnr" : "8", "munpt" : "63", "munf" : "8", "pmunnr" : "10,13", "pmunpt" : "79,75", "pmunf" : "10,13" }, 
{ "and" : "P", "tpabr" : "UF", "cdabr" : "MT", "dt" : "02/10/2022", "ht" : "18:44:22", "s" : "7652", "st" : "2456", "snt" : "5196", "si" : "2456", "sni" : "0", "sa" : "2456", "sna" : "0", "pst" : "32,10", "psnt" : "67,90", "psi" : "32,10", "psni" : "0,00", "psa" : "100,00", "psna" : "0,00", "e" : "2469604", "ea" : "757027", "ena" : "0", "esi" : "757027", "esni" : "0", "c" : "593986", "a" : "163041", "pea" : "100,00", "pena" : "0,00", "pesi" : "30,65", "pesni" : "0,00", "pa" : "21,54", "pc" : "78,46", "munnr" : "47", "munpt" : "87", "munf" : "7", "pmunnr" : "33,33", "pmunpt" : "61,70", "pmunf" : "4,96" }, 
{ "and" : "P", "tpabr" : "UF", "cdabr" : "SE", "dt" : "02/10/2022", "ht" : "18:45:08", "s" : "5498", "st" : "1042", "snt" : "4456", "si" : "1042", "sni" : "0", "sa" : "1042", "sna" : "0", "pst" : "18,95", "psnt" : "81,05", "psi" : "18,95", "psni" : "0,00", "psa" : "100,00", "psna" : "0,00", "e" : "1671376", "ea" : "298101", "ena" : "0", "esi" : "298101", "esni" : "0", "c" : "247150", "a" : "50951", "pea" : "100,00", "pena" : "0,00", "pesi" : "17,84", "pesni" : "0,00", "pa" : "17,09", "pc" : "82,91", "munnr" : "47", "munpt" : "28", "munf" : "0", "pmunnr" : "62,67", "pmunpt" : "37,33", "pmunf" : "00,00" }, 
{ "and" : "P", "tpabr" : "UF", "cdabr" : "DF", "dt" : "02/10/2022", "ht" : "18:44:05", "s" : "6748", "st" : "5476", "snt" : "1272", "si" : "5476", "sni" : "0", "sa" : "5476", "sna" : "0", "pst" : "81,15", "psnt" : "18,85", "psi" : "81,15", "psni" : "0,00", "psa" : "100,00", "psna" : "0,00", "e" : "2206996", "ea" : "1771588", "ena" : "0", "esi" : "1771588", "esni" : "0", "c" : "1465004", "a" : "306584", "pea" : "100,00", "pena" : "0,00", "pesi" : "80,27", "pesni" : "0,00", "pa" : "17,31", "pc" : "82,69", "munnr" : "0", "munpt" : "1", "munf" : "0", "pmunnr" : "00,00", "pmunpt" : "100,00", "pmunf" : "00,00" }, 
{ "and" : "P", "tpabr" : "UF", "cdabr" : "ES", "dt" : "02/10/2022", "ht" : "18:44:25", "s" : "9239", "st" : "5629", "snt" : "3610", "si" : "5629", "sni" : "0", "sa" : "5629", "sna" : "0", "pst" : "60,93", "psnt" : "39,07", "psi" : "60,93", "psni" : "0,00", "psa" : "100,00", "psna" : "0,00", "e" : "2922379", "ea" : "1752604", "ena" : "0", "esi" : "1752604", "esni" : "0", "c" : "1393636", "a" : "358968", "pea" : "100,00", "pena" : "0,00", "pesi" : "59,97", "pesni" : "0,00", "pa" : "20,48", "pc" : "79,52", "munnr" : "1", "munpt" : "66", "munf" : "11", "pmunnr" : "1,28", "pmunpt" : "84,62", "pmunf" : "14,10" }, 
{ "and" : "P", "tpabr" : "UF", "cdabr" : "MA", "dt" : "02/10/2022", "ht" : "18:44:47", "s" : "16423", "st" : "620", "snt" : "15803", "si" : "620", "sni" : "0", "sa" : "620", "sna" : "0", "pst" : "3,78", "psnt" : "96,22", "psi" : "3,78", "psni" : "0,00", "psa" : "100,00", "psna" : "0,00", "e" : "5039287", "ea" : "170830", "ena" : "0", "esi" : "170830", "esni" : "0", "c" : "132441", "a" : "38389", "pea" : "100,00", "pena" : "0,00", "pesi" : "3,39", "pesni" : "0,00", "pa" : "22,47", "pc" : "77,53", "munnr" : "156", "munpt" : "61", "munf" : "0", "pmunnr" : "71,89", "pmunpt" : "28,11", "pmunf" : "00,00" }, 
{ "and" : "P", "tpabr" : "UF", "cdabr" : "PA", "dt" : "02/10/2022", "ht" : "18:44:30", "s" : "18235", "st" : "4308", "snt" : "13927", "si" : "4308", "sni" : "0", "sa" : "4308", "sna" : "0", "pst" : "23,62", "psnt" : "76,38", "psi" : "23,62", "psni" : "0,00", "psa" : "100,00", "psna" : "0,00", "e" : "6079280", "ea" : "1363199", "ena" : "0", "esi" : "1363199", "esni" : "0", "c" : "1090578", "a" : "272621", "pea" : "100,00", "pena" : "0,00", "pesi" : "22,42", "pesni" : "0,00", "pa" : "20,00", "pc" : "80,00", "munnr" : "12", "munpt" : "132", "munf" : "0", "pmunnr" : "8,33", "pmunpt" : "91,67", "pmunf" : "00,00" }, 
{ "and" : "P", "tpabr" : "UF", "cdabr" : "PI", "dt" : "02/10/2022", "ht" : "18:44:14", "s" : "8963", "st" : "1990", "snt" : "6973", "si" : "1990", "sni" : "0", "sa" : "1990", "sna" : "0", "pst" : "22,20", "psnt" : "77,80", "psi" : "22,20", "psni" : "0,00", "psa" : "100,00", "psna" : "0,00", "e" : "2570433", "ea" : "553370", "ena" : "0", "esi" : "553370", "esni" : "0", "c" : "455817", "a" : "97553", "pea" : "100,00", "pena" : "0,00", "pesi" : "21,53", "pesni" : "0,00", "pa" : "17,63", "pc" : "82,37", "munnr" : "92", "munpt" : "132", "munf" : "0", "pmunnr" : "41,07", "pmunpt" : "58,93", "pmunf" : "00,00" }, 
{ "and" : "P", "tpabr" : "UF", "cdabr" : "RS", "dt" : "02/10/2022", "ht" : "18:44:17", "s" : "27201", "st" : "8180", "snt" : "19021", "si" : "8180", "sni" : "0", "sa" : "8180", "sna" : "0", "pst" : "30,07", "psnt" : "69,93", "psi" : "30,07", "psni" : "0,00", "psa" : "100,00", "psna" : "0,00", "e" : "8589432", "ea" : "2549621", "ena" : "0", "esi" : "2549621", "esni" : "0", "c" : "2053853", "a" : "495768", "pea" : "100,00", "pena" : "0,00", "pesi" : "29,68", "pesni" : "0,00", "pa" : "19,44", "pc" : "80,56", "munnr" : "278", "munpt" : "207", "munf" : "12", "pmunnr" : "55,94", "pmunpt" : "41,65", "pmunf" : "2,41" }, 
{ "and" : "P", "tpabr" : "UF", "cdabr" : "AC", "dt" : "02/10/2022", "ht" : "18:44:19", "s" : "2124", "st" : "898", "snt" : "1226", "si" : "898", "sni" : "0", "sa" : "898", "sna" : "0", "pst" : "42,28", "psnt" : "57,72", "psi" : "42,28", "psni" : "0,00", "psa" : "100,00", "psna" : "0,00", "e" : "587738", "ea" : "248921", "ena" : "0", "esi" : "248921", "esni" : "0", "c" : "191932", "a" : "56989", "pea" : "100,00", "pena" : "0,00", "pesi" : "42,35", "pesni" : "0,00", "pa" : "22,89", "pc" : "77,11", "munnr" : "1", "munpt" : "21", "munf" : "0", "pmunnr" : "4,55", "pmunpt" : "95,45", "pmunf" : "00,00" }, 
{ "and" : "P", "tpabr" : "UF", "cdabr" : "PR", "dt" : "02/10/2022", "ht" : "18:45:05", "s" : "25721", "st" : "4979", "snt" : "20742", "si" : "4979", "sni" : "0", "sa" : "4979", "sna" : "0", "pst" : "19,36", "psnt" : "80,64", "psi" : "19,36", "psni" : "0,00", "psa" : "100,00", "psna" : "0,00", "e" : "8480435", "ea" : "1572013", "ena" : "0", "esi" : "1572013", "esni" : "0", "c" : "1264638", "a" : "307375", "pea" : "100,00", "pena" : "0,00", "pesi" : "18,54", "pesni" : "0,00", "pa" : "19,55", "pc" : "80,45", "munnr" : "239", "munpt" : "154", "munf" : "6", "pmunnr" : "59,90", "pmunpt" : "38,60", "pmunf" : "1,50" }, 
{ "and" : "P", "tpabr" : "UF", "cdabr" : "SC", "dt" : "02/10/2022", "ht" : "18:44:33", "s" : "16242", "st" : "941", "snt" : "15301", "si" : "941", "sni" : "0", "sa" : "941", "sna" : "0", "pst" : "5,79", "psnt" : "94,21", "psi" : "5,79", "psni" : "0,00", "psa" : "100,00", "psna" : "0,00", "e" : "5501478", "ea" : "288307", "ena" : "0", "esi" : "288307", "esni" : "0", "c" : "236423", "a" : "51884", "pea" : "100,00", "pena" : "0,00", "pesi" : "5,24", "pesni" : "0,00", "pa" : "18,00", "pc" : "82,00", "munnr" : "223", "munpt" : "69", "munf" : "3", "pmunnr" : "75,59", "pmunpt" : "23,39", "pmunf" : "1,02" }, 
{ "and" : "P", "tpabr" : "UF", "cdabr" : "TO", "dt" : "02/10/2022", "ht" : "18:44:27", "s" : "3957", "st" : "2188", "snt" : "1769", "si" : "2188", "sni" : "0", "sa" : "2188", "sna" : "0", "pst" : "55,29", "psnt" : "44,71", "psi" : "55,29", "psni" : "0,00", "psa" : "100,00", "psna" : "0,00", "e" : "1094346", "ea" : "590358", "ena" : "0", "esi" : "590358", "esni" : "0", "c" : "481547", "a" : "108811", "pea" : "100,00", "pena" : "0,00", "pesi" : "53,95", "pesni" : "0,00", "pa" : "18,43", "pc" : "81,57", "munnr" : "31", "munpt" : "97", "munf" : "11", "pmunnr" : "22,30", "pmunpt" : "69,78", "pmunf" : "7,91" }, 
{ "and" : "P", "tpabr" : "UF", "cdabr" : "AL", "dt" : "02/10/2022", "ht" : "18:44:46", "s" : "6626", "st" : "70", "snt" : "6556", "si" : "70", "sni" : "0", "sa" : "70", "sna" : "0", "pst" : "1,06", "psnt" : "98,94", "psi" : "1,06", "psni" : "0,00", "psa" : "100,00", "psna" : "0,00", "e" : "2326491", "ea" : "22234", "ena" : "0", "esi" : "22234", "esni" : "0", "c" : "17300", "a" : "4934", "pea" : "100,00", "pena" : "0,00", "pesi" : "0,96", "pesni" : "0,00", "pa" : "22,19", "pc" : "77,81", "munnr" : "96", "munpt" : "6", "munf" : "0", "pmunnr" : "94,12", "pmunpt" : "5,88", "pmunf" : "00,00" }, 
{ "and" : "P", "tpabr" : "UF", "cdabr" : "BA", "dt" : "02/10/2022", "ht" : "18:44:48", "s" : "34424", "st" : "2558", "snt" : "31866", "si" : "2558", "sni" : "0", "sa" : "2558", "sna" : "0", "pst" : "7,43", "psnt" : "92,57", "psi" : "7,43", "psni" : "0,00", "psa" : "100,00", "psna" : "0,00", "e" : "11283405", "ea" : "765041", "ena" : "0", "esi" : "765041", "esni" : "0", "c" : "598434", "a" : "166607", "pea" : "100,00", "pena" : "0,00", "pesi" : "6,78", "pesni" : "0,00", "pa" : "21,78", "pc" : "78,22", "munnr" : "232", "munpt" : "185", "munf" : "0", "pmunnr" : "55,64", "pmunpt" : "44,36", "pmunf" : "00,00" }, 
{ "and" : "P", "tpabr" : "UF", "cdabr" : "PB", "dt" : "02/10/2022", "ht" : "18:44:10", "s" : "9602", "st" : "1718", "snt" : "7884", "si" : "1718", "sni" : "0", "sa" : "1718", "sna" : "0", "pst" : "17,89", "psnt" : "82,11", "psi" : "17,89", "psni" : "0,00", "psa" : "100,00", "psna" : "0,00", "e" : "3092053", "ea" : "540352", "ena" : "0", "esi" : "540352", "esni" : "0", "c" : "451046", "a" : "89306", "pea" : "100,00", "pena" : "0,00", "pesi" : "17,48", "pesni" : "0,00", "pa" : "16,53", "pc" : "83,47", "munnr" : "126", "munpt" : "94", "munf" : "3", "pmunnr" : "56,50", "pmunpt" : "42,15", "pmunf" : "1,35" }, 
{ "and" : "P", "tpabr" : "UF", "cdabr" : "AP", "dt" : "02/10/2022", "ht" : "18:44:06", "s" : "1740", "st" : "412", "snt" : "1328", "si" : "412", "sni" : "0", "sa" : "412", "sna" : "0", "pst" : "23,68", "psnt" : "76,32", "psi" : "23,68", "psni" : "0,00", "psa" : "100,00", "psna" : "0,00", "e" : "550165", "ea" : "116392", "ena" : "0", "esi" : "116392", "esni" : "0", "c" : "92766", "a" : "23626", "pea" : "100,00", "pena" : "0,00", "pesi" : "21,16", "pesni" : "0,00", "pa" : "20,30", "pc" : "79,70", "munnr" : "1", "munpt" : "15", "munf" : "0", "pmunnr" : "6,25", "pmunpt" : "93,75", "pmunf" : "00,00" }, 
{ "and" : "P", "tpabr" : "UF", "cdabr" : "RJ", "dt" : "02/10/2022", "ht" : "18:44:48", "s" : "34068", "st" : "1380", "snt" : "32688", "si" : "1380", "sni" : "0", "sa" : "1380", "sna" : "0", "pst" : "4,05", "psnt" : "95,95", "psi" : "4,05", "psni" : "0,00", "psa" : "100,00", "psna" : "0,00", "e" : "12826356", "ea" : "454803", "ena" : "0", "esi" : "454803", "esni" : "0", "c" : "348854", "a" : "105949", "pea" : "100,00", "pena" : "0,00", "pesi" : "3,55", "pesni" : "0,00", "pa" : "23,30", "pc" : "76,70", "munnr" : "38", "munpt" : "54", "munf" : "0", "pmunnr" : "41,30", "pmunpt" : "58,70", "pmunf" : "00,00" }, 
{ "and" : "P", "tpabr" : "UF", "cdabr" : "RR", "dt" : "02/10/2022", "ht" : "18:45:07", "s" : "1268", "st" : "293", "snt" : "975", "si" : "293", "sni" : "0", "sa" : "293", "sna" : "0", "pst" : "23,11", "psnt" : "76,89", "psi" : "23,11", "psni" : "0,00", "psa" : "100,00", "psna" : "0,00", "e" : "366632", "ea" : "77603", "ena" : "0", "esi" : "77603", "esni" : "0", "c" : "64583", "a" : "13020", "pea" : "100,00", "pena" : "0,00", "pesi" : "21,17", "pesni" : "0,00", "pa" : "16,78", "pc" : "83,22", "munnr" : "1", "munpt" : "14", "munf" : "0", "pmunnr" : "6,67", "pmunpt" : "93,33", "pmunf" : "00,00" }, 
{ "and" : "P", "tpabr" : "UF", "cdabr" : "ZZ", "dt" : "02/10/2022", "ht" : "18:40:25", "s" : "1064", "st" : "465", "snt" : "599", "si" : "465", "sni" : "0", "sa" : "465", "sna" : "0", "pst" : "43,70", "psnt" : "56,30", "psi" : "43,70", "psni" : "0,00", "psa" : "100,00", "psna" : "0,00", "e" : "695355", "ea" : "324395", "ena" : "0", "esi" : "324395", "esni" : "0", "c" : "146575", "a" : "177820", "pea" : "100,00", "pena" : "0,00", "pesi" : "46,65", "pesni" : "0,00", "pa" : "54,82", "pc" : "45,18", "munnr" : "115", "munpt" : "13", "munf" : "53", "pmunnr" : "63,54", "pmunpt" : "7,18", "pmunf" : "29,28" }, 
{ "and" : "P", "tpabr" : "UF", "cdabr" : "SP", "dt" : "02/10/2022", "ht" : "18:44:52", "s" : "101073", "st" : "9643", "snt" : "91430", "si" : "9643", "sni" : "0", "sa" : "9643", "sna" : "0", "pst" : "9,54", "psnt" : "90,46", "psi" : "9,54", "psni" : "0,00", "psa" : "100,00", "psna" : "0,00", "e" : "34684927", "ea" : "3083126", "ena" : "0", "esi" : "3083126", "esni" : "0", "c" : "2397249", "a" : "685877", "pea" : "100,00", "pena" : "0,00", "pesi" : "8,89", "pesni" : "0,00", "pa" : "22,25", "pc" : "77,75", "munnr" : "418", "munpt" : "193", "munf" : "34", "pmunnr" : "64,81", "pmunpt" : "29,92", "pmunf" : "5,27" }, 
{ "and" : "P", "tpabr" : "BR", "cdabr" : "BR", "dt" : "02/10/2022", "ht" : "18:45:08", "s" : "472075", "st" : "77793", "snt" : "394282", "si" : "77793", "sni" : "0", "sa" : "77793", "sna" : "0", "pst" : "16,47", "psnt" : "83,53", "psi" : "16,47", "psni" : "0,00", "psa" : "100,00", "psna" : "0,00", "e" : "156454011", "ea" : "24184094", "ena" : "0", "esi" : "24184094", "esni" : "0", "c" : "19168471", "a" : "5015623", "pea" : "100,00", "pena" : "0,00", "pesi" : "15,45", "pesni" : "0,00", "pa" : "20,74", "pc" : "79,26", "ufsnr" : "0", "ufspt" : "28", "ufsf" : "0", "pufsnr" : "00,00", "pufspt" : "100,00", "pufsf" : "00,00" } ] }