
{ "ele" : "544", "t" : "1", "f" : "O", "dg" : "02/10/2022", "hg" : "21:24:58", "abr" : [ 
{ "and" : "P", "tpabr" : "UF", "cdabr" : "AM", "dt" : "02/10/2022", "ht" : "21:24:43", "s" : "7454", "st" : "7209", "snt" : "245", "si" : "7208", "sni" : "1", "sa" : "7208", "sna" : "0", "pst" : "96,71", "psnt" : "3,29", "psi" : "96,70", "psni" : "3,30", "psa" : "100,00", "psna" : "0,00", "e" : "2646924", "ea" : "2553845", "ena" : "0", "esi" : "2553845", "esni" : "84", "c" : "2042463", "a" : "511382", "pea" : "100,00", "pena" : "0,00", "pesi" : "96,48", "pesni" : "100,00", "pa" : "20,02", "pc" : "79,98", "munnr" : "0", "munpt" : "34", "munf" : "28", "pmunnr" : "00,00", "pmunpt" : "54,84", "pmunf" : "45,16" }, 
{ "and" : "P", "tpabr" : "UF", "cdabr" : "PE", "dt" : "02/10/2022", "ht" : "21:23:37", "s" : "20572", "st" : "19723", "snt" : "849", "si" : "19723", "sni" : "0", "sa" : "19723", "sna" : "0", "pst" : "95,87", "psnt" : "4,13", "psi" : "95,87", "psni" : "0,00", "psa" : "100,00", "psna" : "0,00", "e" : "7015421", "ea" : "6721614", "ena" : "0", "esi" : "6721614", "esni" : "0", "c" : "5507369", "a" : "1214245", "pea" : "100,00", "pena" : "0,00", "pesi" : "95,81", "pesni" : "0,00", "pa" : "18,06", "pc" : "81,94", "munnr" : "4", "munpt" : "47", "munf" : "134", "pmunnr" : "2,16", "pmunpt" : "25,41", "pmunf" : "72,43" }, 
{ "and" : "P", "tpabr" : "UF", "cdabr" : "RN", "dt" : "02/10/2022", "ht" : "21:22:30", "s" : "7674", "st" : "7596", "snt" : "78", "si" : "7596", "sni" : "0", "sa" : "7596", "sna" : "0", "pst" : "98,98", "psnt" : "1,02", "psi" : "98,98", "psni" : "0,00", "psa" : "100,00", "psna" : "0,00", "e" : "2554716", "ea" : "2528173", "ena" : "0", "esi" : "2528173", "esni" : "0", "c" : "2069178", "a" : "458995", "pea" : "100,00", "pena" : "0,00", "pesi" : "98,96", "pesni" : "0,00", "pa" : "18,16", "pc" : "81,84", "munnr" : "0", "munpt" : "17", "munf" : "150", "pmunnr" : "00,00", "pmunpt" : "10,18", "pmunf" : "89,82" }, 
{ "and" : "P", "tpabr" : "UF", "cdabr" : "MG", "dt" : "02/10/2022", "ht" : "21:23:37", "s" : "49981", "st" : "48397", "snt" : "1584", "si" : "48397", "sni" : "0", "sa" : "48397", "sna" : "0", "pst" : "96,83", "psnt" : "3,17", "psi" : "96,83", "psni" : "0,00", "psa" : "100,00", "psna" : "0,00", "e" : "16283828", "ea" : "15778507", "ena" : "0", "esi" : "15778507", "esni" : "0", "c" : "12274913", "a" : "3503594", "pea" : "100,00", "pena" : "0,00", "pesi" : "96,90", "pesni" : "0,00", "pa" : "22,20", "pc" : "77,80", "munnr" : "39", "munpt" : "68", "munf" : "746", "pmunnr" : "4,57", "pmunpt" : "7,97", "pmunf" : "87,46" }, 
{ "and" : "P", "tpabr" : "UF", "cdabr" : "RO", "dt" : "02/10/2022", "ht" : "21:22:31", "s" : "4198", "st" : "4158", "snt" : "40", "si" : "4158", "sni" : "0", "sa" : "4158", "sna" : "0", "pst" : "99,05", "psnt" : "0,95", "psi" : "99,05", "psni" : "0,00", "psa" : "100,00", "psna" : "0,00", "e" : "1229998", "ea" : "1216497", "ena" : "0", "esi" : "1216497", "esni" : "0", "c" : "916962", "a" : "299535", "pea" : "100,00", "pena" : "0,00", "pesi" : "98,90", "pesni" : "0,00", "pa" : "24,62", "pc" : "75,38", "munnr" : "0", "munpt" : "6", "munf" : "46", "pmunnr" : "00,00", "pmunpt" : "11,54", "pmunf" : "88,46" }, 
{ "and" : "P", "tpabr" : "UF", "cdabr" : "CE", "dt" : "02/10/2022", "ht" : "21:24:43", "s" : "22796", "st" : "21552", "snt" : "1244", "si" : "21552", "sni" : "0", "sa" : "21552", "sna" : "0", "pst" : "94,54", "psnt" : "5,46", "psi" : "94,54", "psni" : "0,00", "psa" : "100,00", "psna" : "0,00", "e" : "6818732", "ea" : "6460825", "ena" : "0", "esi" : "6460825", "esni" : "0", "c" : "5334827", "a" : "1125998", "pea" : "100,00", "pena" : "0,00", "pesi" : "94,75", "pesni" : "0,00", "pa" : "17,43", "pc" : "82,57", "munnr" : "5", "munpt" : "73", "munf" : "106", "pmunnr" : "2,72", "pmunpt" : "39,67", "pmunf" : "57,61" }, 
{ "and" : "P", "tpabr" : "UF", "cdabr" : "GO", "dt" : "02/10/2022", "ht" : "21:24:43", "s" : "14620", "st" : "14574", "snt" : "46", "si" : "14574", "sni" : "0", "sa" : "14574", "sna" : "0", "pst" : "99,69", "psnt" : "0,31", "psi" : "99,69", "psni" : "0,00", "psa" : "100,00", "psna" : "0,00", "e" : "4870292", "ea" : "4856369", "ena" : "0", "esi" : "4856369", "esni" : "0", "c" : "3801853", "a" : "1054516", "pea" : "100,00", "pena" : "0,00", "pesi" : "99,71", "pesni" : "0,00", "pa" : "21,71", "pc" : "78,29", "munnr" : "1", "munpt" : "12", "munf" : "233", "pmunnr" : "0,41", "pmunpt" : "4,88", "pmunf" : "94,72" }, 
{ "and" : "P", "tpabr" : "UF", "cdabr" : "MS", "dt" : "02/10/2022", "ht" : "20:54:51", "s" : "6912", "st" : "6910", "snt" : "2", "si" : "6910", "sni" : "0", "sa" : "6910", "sna" : "0", "pst" : "99,97", "psnt" : "0,03", "psi" : "99,97", "psni" : "0,00", "psa" : "100,00", "psna" : "0,00", "e" : "1995932", "ea" : "1995509", "ena" : "0", "esi" : "1995509", "esni" : "0", "c" : "1554759", "a" : "440750", "pea" : "100,00", "pena" : "0,00", "pesi" : "99,98", "pesni" : "0,00", "pa" : "22,09", "pc" : "77,91", "munnr" : "0", "munpt" : "1", "munf" : "78", "pmunnr" : "00,00", "pmunpt" : "1,27", "pmunf" : "98,73" }, 
{ "and" : "P", "tpabr" : "UF", "cdabr" : "MT", "dt" : "02/10/2022", "ht" : "21:24:44", "s" : "7652", "st" : "7627", "snt" : "25", "si" : "7627", "sni" : "0", "sa" : "7627", "sna" : "0", "pst" : "99,67", "psnt" : "0,33", "psi" : "99,67", "psni" : "0,00", "psa" : "100,00", "psna" : "0,00", "e" : "2469604", "ea" : "2460884", "ena" : "0", "esi" : "2460884", "esni" : "0", "c" : "1885766", "a" : "575118", "pea" : "100,00", "pena" : "0,00", "pesi" : "99,65", "pesni" : "0,00", "pa" : "23,37", "pc" : "76,63", "munnr" : "0", "munpt" : "10", "munf" : "131", "pmunnr" : "00,00", "pmunpt" : "7,09", "pmunf" : "92,91" }, 
{ "and" : "P", "tpabr" : "UF", "cdabr" : "SE", "dt" : "02/10/2022", "ht" : "21:23:38", "s" : "5498", "st" : "5480", "snt" : "18", "si" : "5480", "sni" : "0", "sa" : "5480", "sna" : "0", "pst" : "99,67", "psnt" : "0,33", "psi" : "99,67", "psni" : "0,00", "psa" : "100,00", "psna" : "0,00", "e" : "1671376", "ea" : "1664995", "ena" : "0", "esi" : "1664995", "esni" : "0", "c" : "1359521", "a" : "305474", "pea" : "100,00", "pena" : "0,00", "pesi" : "99,62", "pesni" : "0,00", "pa" : "18,35", "pc" : "81,65", "munnr" : "0", "munpt" : "6", "munf" : "69", "pmunnr" : "00,00", "pmunpt" : "8,00", "pmunf" : "92,00" }, 
{ "and" : "F", "tpabr" : "UF", "cdabr" : "DF", "dt" : "02/10/2022", "ht" : "20:36:59", "s" : "6748", "st" : "6748", "snt" : "0", "si" : "6748", "sni" : "0", "sa" : "6748", "sna" : "0", "pst" : "100,00", "psnt" : "0,00", "psi" : "100,00", "psni" : "0,00", "psa" : "100,00", "psna" : "0,00", "e" : "2206996", "ea" : "2206996", "ena" : "0", "esi" : "2206996", "esni" : "0", "c" : "1819900", "a" : "387096", "pea" : "100,00", "pena" : "0,00", "pesi" : "100,00", "pesni" : "0,00", "pa" : "17,54", "pc" : "82,46", "munnr" : "0", "munpt" : "0", "munf" : "1", "pmunnr" : "00,00", "pmunpt" : "00,00", "pmunf" : "100,00" }, 
{ "and" : "F", "tpabr" : "UF", "cdabr" : "ES", "dt" : "02/10/2022", "ht" : "20:41:59", "s" : "9239", "st" : "9239", "snt" : "0", "si" : "9239", "sni" : "0", "sa" : "9239", "sna" : "0", "pst" : "100,00", "psnt" : "0,00", "psi" : "100,00", "psni" : "0,00", "psa" : "100,00", "psna" : "0,00", "e" : "2922379", "ea" : "2922379", "ena" : "0", "esi" : "2922379", "esni" : "0", "c" : "2315889", "a" : "606490", "pea" : "100,00", "pena" : "0,00", "pesi" : "100,00", "pesni" : "0,00", "pa" : "20,75", "pc" : "79,25", "munnr" : "0", "munpt" : "0", "munf" : "78", "pmunnr" : "00,00", "pmunpt" : "00,00", "pmunf" : "100,00" }, 
{ "and" : "P", "tpabr" : "UF", "cdabr" : "MA", "dt" : "02/10/2022", "ht" : "21:23:53", "s" : "16423", "st" : "13071", "snt" : "3352", "si" : "13071", "sni" : "0", "sa" : "13071", "sna" : "0", "pst" : "79,59", "psnt" : "20,41", "psi" : "79,59", "psni" : "0,00", "psa" : "100,00", "psna" : "0,00", "e" : "5039287", "ea" : "4015722", "ena" : "0", "esi" : "4015722", "esni" : "0", "c" : "3140216", "a" : "875506", "pea" : "100,00", "pena" : "0,00", "pesi" : "79,69", "pesni" : "0,00", "pa" : "21,80", "pc" : "78,20", "munnr" : "25", "munpt" : "129", "munf" : "63", "pmunnr" : "11,52", "pmunpt" : "59,45", "pmunf" : "29,03" }, 
{ "and" : "P", "tpabr" : "UF", "cdabr" : "PA", "dt" : "02/10/2022", "ht" : "21:23:41", "s" : "18235", "st" : "17494", "snt" : "741", "si" : "17494", "sni" : "0", "sa" : "17494", "sna" : "0", "pst" : "95,94", "psnt" : "4,06", "psi" : "95,94", "psni" : "0,00", "psa" : "100,00", "psna" : "0,00", "e" : "6079280", "ea" : "5830665", "ena" : "0", "esi" : "5830665", "esni" : "0", "c" : "4590784", "a" : "1239881", "pea" : "100,00", "pena" : "0,00", "pesi" : "95,91", "pesni" : "0,00", "pa" : "21,26", "pc" : "78,74", "munnr" : "0", "munpt" : "79", "munf" : "65", "pmunnr" : "00,00", "pmunpt" : "54,86", "pmunf" : "45,14" }, 
{ "and" : "P", "tpabr" : "UF", "cdabr" : "PI", "dt" : "02/10/2022", "ht" : "21:23:37", "s" : "8963", "st" : "8438", "snt" : "525", "si" : "8438", "sni" : "0", "sa" : "8438", "sna" : "0", "pst" : "94,14", "psnt" : "5,86", "psi" : "94,14", "psni" : "0,00", "psa" : "100,00", "psna" : "0,00", "e" : "2570433", "ea" : "2413751", "ena" : "0", "esi" : "2413751", "esni" : "0", "c" : "1985715", "a" : "428036", "pea" : "100,00", "pena" : "0,00", "pesi" : "93,90", "pesni" : "0,00", "pa" : "17,73", "pc" : "82,27", "munnr" : "6", "munpt" : "87", "munf" : "131", "pmunnr" : "2,68", "pmunpt" : "38,84", "pmunf" : "58,48" }, 
{ "and" : "P", "tpabr" : "UF", "cdabr" : "RS", "dt" : "02/10/2022", "ht" : "21:23:37", "s" : "27201", "st" : "26960", "snt" : "241", "si" : "26960", "sni" : "0", "sa" : "26960", "sna" : "0", "pst" : "99,11", "psnt" : "0,89", "psi" : "99,11", "psni" : "0,00", "psa" : "100,00", "psna" : "0,00", "e" : "8589432", "ea" : "8501952", "ena" : "0", "esi" : "8501952", "esni" : "0", "c" : "6820990", "a" : "1680962", "pea" : "100,00", "pena" : "0,00", "pesi" : "98,98", "pesni" : "0,00", "pa" : "19,77", "pc" : "80,23", "munnr" : "2", "munpt" : "10", "munf" : "485", "pmunnr" : "0,40", "pmunpt" : "2,01", "pmunf" : "97,59" }, 
{ "and" : "P", "tpabr" : "UF", "cdabr" : "AC", "dt" : "02/10/2022", "ht" : "21:24:43", "s" : "2124", "st" : "2093", "snt" : "31", "si" : "2093", "sni" : "0", "sa" : "2093", "sna" : "0", "pst" : "98,54", "psnt" : "1,46", "psi" : "98,54", "psni" : "0,00", "psa" : "100,00", "psna" : "0,00", "e" : "587738", "ea" : "579269", "ena" : "0", "esi" : "579269", "esni" : "0", "c" : "449800", "a" : "129469", "pea" : "100,00", "pena" : "0,00", "pesi" : "98,56", "pesni" : "0,00", "pa" : "22,35", "pc" : "77,65", "munnr" : "0", "munpt" : "3", "munf" : "19", "pmunnr" : "00,00", "pmunpt" : "13,64", "pmunf" : "86,36" }, 
{ "and" : "P", "tpabr" : "UF", "cdabr" : "PR", "dt" : "02/10/2022", "ht" : "21:24:44", "s" : "25721", "st" : "25650", "snt" : "71", "si" : "25650", "sni" : "0", "sa" : "25650", "sna" : "0", "pst" : "99,72", "psnt" : "0,28", "psi" : "99,72", "psni" : "0,00", "psa" : "100,00", "psna" : "0,00", "e" : "8480435", "ea" : "8456291", "ena" : "0", "esi" : "8456291", "esni" : "0", "c" : "6810179", "a" : "1646112", "pea" : "100,00", "pena" : "0,00", "pesi" : "99,72", "pesni" : "0,00", "pa" : "19,47", "pc" : "80,53", "munnr" : "2", "munpt" : "14", "munf" : "383", "pmunnr" : "0,50", "pmunpt" : "3,51", "pmunf" : "95,99" }, 
{ "and" : "P", "tpabr" : "UF", "cdabr" : "SC", "dt" : "02/10/2022", "ht" : "21:23:38", "s" : "16242", "st" : "16225", "snt" : "17", "si" : "16225", "sni" : "0", "sa" : "16225", "sna" : "0", "pst" : "99,90", "psnt" : "0,10", "psi" : "99,90", "psni" : "0,00", "psa" : "100,00", "psna" : "0,00", "e" : "5501478", "ea" : "5495415", "ena" : "0", "esi" : "5495415", "esni" : "0", "c" : "4482688", "a" : "1012727", "pea" : "100,00", "pena" : "0,00", "pesi" : "99,89", "pesni" : "0,00", "pa" : "18,43", "pc" : "81,57", "munnr" : "0", "munpt" : "9", "munf" : "286", "pmunnr" : "00,00", "pmunpt" : "3,05", "pmunf" : "96,95" }, 
{ "and" : "P", "tpabr" : "UF", "cdabr" : "TO", "dt" : "02/10/2022", "ht" : "21:15:53", "s" : "3957", "st" : "3953", "snt" : "4", "si" : "3953", "sni" : "0", "sa" : "3953", "sna" : "0", "pst" : "99,90", "psnt" : "0,10", "psi" : "99,90", "psni" : "0,00", "psa" : "100,00", "psna" : "0,00", "e" : "1094346", "ea" : "1093138", "ena" : "0", "esi" : "1093138", "esni" : "0", "c" : "890512", "a" : "202626", "pea" : "100,00", "pena" : "0,00", "pesi" : "99,89", "pesni" : "0,00", "pa" : "18,54", "pc" : "81,46", "munnr" : "0", "munpt" : "3", "munf" : "136", "pmunnr" : "00,00", "pmunpt" : "2,16", "pmunf" : "97,84" }, 
{ "and" : "P", "tpabr" : "UF", "cdabr" : "AL", "dt" : "02/10/2022", "ht" : "21:23:38", "s" : "6626", "st" : "5685", "snt" : "941", "si" : "5685", "sni" : "0", "sa" : "5685", "sna" : "0", "pst" : "85,80", "psnt" : "14,20", "psi" : "85,80", "psni" : "0,00", "psa" : "100,00", "psna" : "0,00", "e" : "2326491", "ea" : "1979040", "ena" : "0", "esi" : "1979040", "esni" : "0", "c" : "1539827", "a" : "439213", "pea" : "100,00", "pena" : "0,00", "pesi" : "85,07", "pesni" : "0,00", "pa" : "22,19", "pc" : "77,81", "munnr" : "10", "munpt" : "33", "munf" : "59", "pmunnr" : "9,80", "pmunpt" : "32,35", "pmunf" : "57,84" }, 
{ "and" : "P", "tpabr" : "UF", "cdabr" : "BA", "dt" : "02/10/2022", "ht" : "21:23:37", "s" : "34424", "st" : "31620", "snt" : "2804", "si" : "31620", "sni" : "0", "sa" : "31620", "sna" : "0", "pst" : "91,85", "psnt" : "8,15", "psi" : "91,85", "psni" : "0,00", "psa" : "100,00", "psna" : "0,00", "e" : "11283405", "ea" : "10349203", "ena" : "0", "esi" : "10349203", "esni" : "0", "c" : "8150914", "a" : "2198289", "pea" : "100,00", "pena" : "0,00", "pesi" : "91,72", "pesni" : "0,00", "pa" : "21,24", "pc" : "78,76", "munnr" : "15", "munpt" : "183", "munf" : "219", "pmunnr" : "3,60", "pmunpt" : "43,88", "pmunf" : "52,52" }, 
{ "and" : "P", "tpabr" : "UF", "cdabr" : "PB", "dt" : "02/10/2022", "ht" : "21:23:37", "s" : "9602", "st" : "9576", "snt" : "26", "si" : "9576", "sni" : "0", "sa" : "9576", "sna" : "0", "pst" : "99,73", "psnt" : "0,27", "psi" : "99,73", "psni" : "0,00", "psa" : "100,00", "psna" : "0,00", "e" : "3092053", "ea" : "3083793", "ena" : "0", "esi" : "3083793", "esni" : "0", "c" : "2550621", "a" : "533172", "pea" : "100,00", "pena" : "0,00", "pesi" : "99,73", "pesni" : "0,00", "pa" : "17,29", "pc" : "82,71", "munnr" : "1", "munpt" : "3", "munf" : "219", "pmunnr" : "0,45", "pmunpt" : "1,35", "pmunf" : "98,21" }, 
{ "and" : "P", "tpabr" : "UF", "cdabr" : "AP", "dt" : "02/10/2022", "ht" : "21:21:22", "s" : "1740", "st" : "1733", "snt" : "7", "si" : "1733", "sni" : "0", "sa" : "1733", "sna" : "0", "pst" : "99,60", "psnt" : "0,40", "psi" : "99,60", "psni" : "0,00", "psa" : "100,00", "psna" : "0,00", "e" : "550165", "ea" : "547388", "ena" : "0", "esi" : "547388", "esni" : "0", "c" : "440554", "a" : "106834", "pea" : "100,00", "pena" : "0,00", "pesi" : "99,50", "pesni" : "0,00", "pa" : "19,52", "pc" : "80,48", "munnr" : "0", "munpt" : "5", "munf" : "11", "pmunnr" : "00,00", "pmunpt" : "31,25", "pmunf" : "68,75" }, 
{ "and" : "P", "tpabr" : "UF", "cdabr" : "RJ", "dt" : "02/10/2022", "ht" : "21:23:38", "s" : "34068", "st" : "33253", "snt" : "815", "si" : "33253", "sni" : "0", "sa" : "33253", "sna" : "0", "pst" : "97,61", "psnt" : "2,39", "psi" : "97,61", "psni" : "0,00", "psa" : "100,00", "psna" : "0,00", "e" : "12826356", "ea" : "12510125", "ena" : "0", "esi" : "12510125", "esni" : "0", "c" : "9665870", "a" : "2844255", "pea" : "100,00", "pena" : "0,00", "pesi" : "97,53", "pesni" : "0,00", "pa" : "22,74", "pc" : "77,26", "munnr" : "1", "munpt" : "32", "munf" : "59", "pmunnr" : "1,09", "pmunpt" : "34,78", "pmunf" : "64,13" }, 
{ "and" : "F", "tpabr" : "UF", "cdabr" : "RR", "dt" : "02/10/2022", "ht" : "21:07:58", "s" : "1268", "st" : "1268", "snt" : "0", "si" : "1268", "sni" : "0", "sa" : "1268", "sna" : "0", "pst" : "100,00", "psnt" : "0,00", "psi" : "100,00", "psni" : "0,00", "psa" : "100,00", "psna" : "0,00", "e" : "366632", "ea" : "366632", "ena" : "0", "esi" : "366632", "esni" : "0", "c" : "305404", "a" : "61228", "pea" : "100,00", "pena" : "0,00", "pesi" : "100,00", "pesni" : "0,00", "pa" : "16,70", "pc" : "83,30", "munnr" : "0", "munpt" : "0", "munf" : "15", "pmunnr" : "00,00", "pmunpt" : "00,00", "pmunf" : "100,00" }, 
{ "and" : "P", "tpabr" : "UF", "cdabr" : "ZZ", "dt" : "02/10/2022", "ht" : "21:21:25", "s" : "1064", "st" : "934", "snt" : "130", "si" : "888", "sni" : "46", "sa" : "888", "sna" : "0", "pst" : "87,78", "psnt" : "12,22", "psi" : "83,46", "psni" : "16,54", "psa" : "100,00", "psna" : "0,00", "e" : "695355", "ea" : "613312", "ena" : "0", "esi" : "613312", "esni" : "573", "c" : "271842", "a" : "341470", "pea" : "100,00", "pena" : "0,00", "pesi" : "88,20", "pesni" : "99,92", "pa" : "55,68", "pc" : "44,32", "munnr" : "21", "munpt" : "26", "munf" : "134", "pmunnr" : "11,60", "pmunpt" : "14,36", "pmunf" : "74,03" }, 
{ "and" : "P", "tpabr" : "UF", "cdabr" : "SP", "dt" : "02/10/2022", "ht" : "21:23:39", "s" : "101073", "st" : "99968", "snt" : "1105", "si" : "99968", "sni" : "0", "sa" : "99968", "sna" : "0", "pst" : "98,91", "psnt" : "1,09", "psi" : "98,91", "psni" : "0,00", "psa" : "100,00", "psna" : "0,00", "e" : "34684927", "ea" : "34296368", "ena" : "0", "esi" : "34296368", "esni" : "0", "c" : "26883968", "a" : "7412400", "pea" : "100,00", "pena" : "0,00", "pesi" : "98,88", "pesni" : "0,00", "pa" : "21,61", "pc" : "78,39", "munnr" : "6", "munpt" : "28", "munf" : "611", "pmunnr" : "0,93", "pmunpt" : "4,34", "pmunf" : "94,73" }, 
{ "and" : "P", "tpabr" : "BR", "cdabr" : "BR", "dt" : "02/10/2022", "ht" : "21:24:44", "s" : "472075", "st" : "457134", "snt" : "14941", "si" : "457087", "sni" : "47", "sa" : "457087", "sna" : "0", "pst" : "96,83", "psnt" : "3,17", "psi" : "96,82", "psni" : "3,18", "psa" : "100,00", "psna" : "0,00", "e" : "156454011", "ea" : "151498657", "ena" : "0", "esi" : "151498657", "esni" : "657", "c" : "119863284", "a" : "31635373", "pea" : "100,00", "pena" : "0,00", "pesi" : "96,83", "pesni" : "100,00", "pa" : "20,89", "pc" : "79,11", "ufsnr" : "0", "ufspt" : "25", "ufsf" : "3", "pufsnr" : "00,00", "pufspt" : "89,29", "pufsf" : "10,71" } ] }