
{ "ele" : "544", "t" : "1", "f" : "O", "dg" : "02/10/2022", "hg" : "19:19:50", "abr" : [ 
{ "and" : "P", "tpabr" : "UF", "cdabr" : "AM", "dt" : "02/10/2022", "ht" : "19:18:39", "s" : "7454", "st" : "3872", "snt" : "3582", "si" : "3872", "sni" : "0", "sa" : "3872", "sna" : "0", "pst" : "51,95", "psnt" : "48,05", "psi" : "51,95", "psni" : "0,00", "psa" : "100,00", "psna" : "0,00", "e" : "2646924", "ea" : "1354601", "ena" : "0", "esi" : "1354601", "esni" : "0", "c" : "1114074", "a" : "240527", "pea" : "100,00", "pena" : "0,00", "pesi" : "51,18", "pesni" : "0,00", "pa" : "17,76", "pc" : "82,24", "munnr" : "5", "munpt" : "57", "munf" : "0", "pmunnr" : "8,06", "pmunpt" : "91,94", "pmunf" : "00,00" }, 
{ "and" : "P", "tpabr" : "UF", "cdabr" : "PE", "dt" : "02/10/2022", "ht" : "19:19:37", "s" : "20572", "st" : "4152", "snt" : "16420", "si" : "4152", "sni" : "0", "sa" : "4152", "sna" : "0", "pst" : "20,18", "psnt" : "79,82", "psi" : "20,18", "psni" : "0,00", "psa" : "100,00", "psna" : "0,00", "e" : "7015421", "ea" : "1285201", "ena" : "0", "esi" : "1285201", "esni" : "0", "c" : "1051230", "a" : "233971", "pea" : "100,00", "pena" : "0,00", "pesi" : "18,32", "pesni" : "0,00", "pa" : "18,21", "pc" : "81,79", "munnr" : "80", "munpt" : "105", "munf" : "0", "pmunnr" : "43,24", "pmunpt" : "56,76", "pmunf" : "00,00" }, 
{ "and" : "P", "tpabr" : "UF", "cdabr" : "RN", "dt" : "02/10/2022", "ht" : "19:18:43", "s" : "7674", "st" : "3066", "snt" : "4608", "si" : "3066", "sni" : "0", "sa" : "3066", "sna" : "0", "pst" : "39,95", "psnt" : "60,05", "psi" : "39,95", "psni" : "0,00", "psa" : "100,00", "psna" : "0,00", "e" : "2554716", "ea" : "939159", "ena" : "0", "esi" : "939159", "esni" : "0", "c" : "772106", "a" : "167053", "pea" : "100,00", "pena" : "0,00", "pesi" : "36,76", "pesni" : "0,00", "pa" : "17,79", "pc" : "82,21", "munnr" : "23", "munpt" : "123", "munf" : "21", "pmunnr" : "13,77", "pmunpt" : "73,65", "pmunf" : "12,57" }, 
{ "and" : "P", "tpabr" : "UF", "cdabr" : "MG", "dt" : "02/10/2022", "ht" : "19:18:34", "s" : "49981", "st" : "15214", "snt" : "34767", "si" : "15214", "sni" : "0", "sa" : "15214", "sna" : "0", "pst" : "30,44", "psnt" : "69,56", "psi" : "30,44", "psni" : "0,00", "psa" : "100,00", "psna" : "0,00", "e" : "16283828", "ea" : "4701980", "ena" : "0", "esi" : "4701980", "esni" : "0", "c" : "3640186", "a" : "1061794", "pea" : "100,00", "pena" : "0,00", "pesi" : "28,88", "pesni" : "0,00", "pa" : "22,58", "pc" : "77,42", "munnr" : "461", "munpt" : "342", "munf" : "50", "pmunnr" : "54,04", "pmunpt" : "40,09", "pmunf" : "5,86" }, 
{ "and" : "P", "tpabr" : "UF", "cdabr" : "RO", "dt" : "02/10/2022", "ht" : "19:19:03", "s" : "4198", "st" : "2399", "snt" : "1799", "si" : "2399", "sni" : "0", "sa" : "2399", "sna" : "0", "pst" : "57,15", "psnt" : "42,85", "psi" : "57,15", "psni" : "0,00", "psa" : "100,00", "psna" : "0,00", "e" : "1229998", "ea" : "689765", "ena" : "0", "esi" : "689765", "esni" : "0", "c" : "528771", "a" : "160994", "pea" : "100,00", "pena" : "0,00", "pesi" : "56,08", "pesni" : "0,00", "pa" : "23,34", "pc" : "76,66", "munnr" : "17", "munpt" : "32", "munf" : "3", "pmunnr" : "32,69", "pmunpt" : "61,54", "pmunf" : "5,77" }, 
{ "and" : "P", "tpabr" : "UF", "cdabr" : "CE", "dt" : "02/10/2022", "ht" : "19:19:34", "s" : "22796", "st" : "5726", "snt" : "17070", "si" : "5726", "sni" : "0", "sa" : "5726", "sna" : "0", "pst" : "25,12", "psnt" : "74,88", "psi" : "25,12", "psni" : "0,00", "psa" : "100,00", "psna" : "0,00", "e" : "6818732", "ea" : "1674602", "ena" : "0", "esi" : "1674602", "esni" : "0", "c" : "1364224", "a" : "310378", "pea" : "100,00", "pena" : "0,00", "pesi" : "24,56", "pesni" : "0,00", "pa" : "18,53", "pc" : "81,47", "munnr" : "54", "munpt" : "130", "munf" : "0", "pmunnr" : "29,35", "pmunpt" : "70,65", "pmunf" : "00,00" }, 
{ "and" : "P", "tpabr" : "UF", "cdabr" : "GO", "dt" : "02/10/2022", "ht" : "19:18:47", "s" : "14620", "st" : "8302", "snt" : "6318", "si" : "8302", "sni" : "0", "sa" : "8302", "sna" : "0", "pst" : "56,79", "psnt" : "43,21", "psi" : "56,79", "psni" : "0,00", "psa" : "100,00", "psna" : "0,00", "e" : "4870292", "ea" : "2724517", "ena" : "0", "esi" : "2724517", "esni" : "0", "c" : "2139952", "a" : "584565", "pea" : "100,00", "pena" : "0,00", "pesi" : "55,94", "pesni" : "0,00", "pa" : "21,46", "pc" : "78,54", "munnr" : "119", "munpt" : "108", "munf" : "19", "pmunnr" : "48,37", "pmunpt" : "43,90", "pmunf" : "7,72" }, 
{ "and" : "P", "tpabr" : "UF", "cdabr" : "MS", "dt" : "02/10/2022", "ht" : "19:19:12", "s" : "6912", "st" : "6139", "snt" : "773", "si" : "6139", "sni" : "0", "sa" : "6139", "sna" : "0", "pst" : "88,82", "psnt" : "11,18", "psi" : "88,82", "psni" : "0,00", "psa" : "100,00", "psna" : "0,00", "e" : "1995932", "ea" : "1762293", "ena" : "0", "esi" : "1762293", "esni" : "0", "c" : "1377669", "a" : "384624", "pea" : "100,00", "pena" : "0,00", "pesi" : "88,29", "pesni" : "0,00", "pa" : "21,83", "pc" : "78,17", "munnr" : "3", "munpt" : "48", "munf" : "28", "pmunnr" : "3,80", "pmunpt" : "60,76", "pmunf" : "35,44" }, 
{ "and" : "P", "tpabr" : "UF", "cdabr" : "MT", "dt" : "02/10/2022", "ht" : "19:19:06", "s" : "7652", "st" : "4409", "snt" : "3243", "si" : "4409", "sni" : "0", "sa" : "4409", "sna" : "0", "pst" : "57,62", "psnt" : "42,38", "psi" : "57,62", "psni" : "0,00", "psa" : "100,00", "psna" : "0,00", "e" : "2469604", "ea" : "1375339", "ena" : "0", "esi" : "1375339", "esni" : "0", "c" : "1068159", "a" : "307180", "pea" : "100,00", "pena" : "0,00", "pesi" : "55,69", "pesni" : "0,00", "pa" : "22,33", "pc" : "77,67", "munnr" : "25", "munpt" : "90", "munf" : "26", "pmunnr" : "17,73", "pmunpt" : "63,83", "pmunf" : "18,44" }, 
{ "and" : "P", "tpabr" : "UF", "cdabr" : "SE", "dt" : "02/10/2022", "ht" : "19:19:13", "s" : "5498", "st" : "2770", "snt" : "2728", "si" : "2770", "sni" : "0", "sa" : "2770", "sna" : "0", "pst" : "50,38", "psnt" : "49,62", "psi" : "50,38", "psni" : "0,00", "psa" : "100,00", "psna" : "0,00", "e" : "1671376", "ea" : "814479", "ena" : "0", "esi" : "814479", "esni" : "0", "c" : "669349", "a" : "145130", "pea" : "100,00", "pena" : "0,00", "pesi" : "48,73", "pesni" : "0,00", "pa" : "17,82", "pc" : "82,18", "munnr" : "12", "munpt" : "62", "munf" : "1", "pmunnr" : "16,00", "pmunpt" : "82,67", "pmunf" : "1,33" }, 
{ "and" : "P", "tpabr" : "UF", "cdabr" : "DF", "dt" : "02/10/2022", "ht" : "19:18:39", "s" : "6748", "st" : "6357", "snt" : "391", "si" : "6357", "sni" : "0", "sa" : "6357", "sna" : "0", "pst" : "94,21", "psnt" : "5,79", "psi" : "94,21", "psni" : "0,00", "psa" : "100,00", "psna" : "0,00", "e" : "2206996", "ea" : "2067702", "ena" : "0", "esi" : "2067702", "esni" : "0", "c" : "1707149", "a" : "360553", "pea" : "100,00", "pena" : "0,00", "pesi" : "93,69", "pesni" : "0,00", "pa" : "17,44", "pc" : "82,56", "munnr" : "0", "munpt" : "1", "munf" : "0", "pmunnr" : "00,00", "pmunpt" : "100,00", "pmunf" : "00,00" }, 
{ "and" : "P", "tpabr" : "UF", "cdabr" : "ES", "dt" : "02/10/2022", "ht" : "19:19:16", "s" : "9239", "st" : "8426", "snt" : "813", "si" : "8426", "sni" : "0", "sa" : "8426", "sna" : "0", "pst" : "91,20", "psnt" : "8,80", "psi" : "91,20", "psni" : "0,00", "psa" : "100,00", "psna" : "0,00", "e" : "2922379", "ea" : "2645678", "ena" : "0", "esi" : "2645678", "esni" : "0", "c" : "2100041", "a" : "545637", "pea" : "100,00", "pena" : "0,00", "pesi" : "90,53", "pesni" : "0,00", "pa" : "20,62", "pc" : "79,38", "munnr" : "0", "munpt" : "34", "munf" : "44", "pmunnr" : "00,00", "pmunpt" : "43,59", "pmunf" : "56,41" }, 
{ "and" : "P", "tpabr" : "UF", "cdabr" : "MA", "dt" : "02/10/2022", "ht" : "19:19:20", "s" : "16423", "st" : "2779", "snt" : "13644", "si" : "2779", "sni" : "0", "sa" : "2779", "sna" : "0", "pst" : "16,92", "psnt" : "83,08", "psi" : "16,92", "psni" : "0,00", "psa" : "100,00", "psna" : "0,00", "e" : "5039287", "ea" : "805017", "ena" : "0", "esi" : "805017", "esni" : "0", "c" : "636872", "a" : "168145", "pea" : "100,00", "pena" : "0,00", "pesi" : "15,97", "pesni" : "0,00", "pa" : "20,89", "pc" : "79,11", "munnr" : "104", "munpt" : "113", "munf" : "0", "pmunnr" : "47,93", "pmunpt" : "52,07", "pmunf" : "00,00" }, 
{ "and" : "P", "tpabr" : "UF", "cdabr" : "PA", "dt" : "02/10/2022", "ht" : "19:19:15", "s" : "18235", "st" : "7294", "snt" : "10941", "si" : "7294", "sni" : "0", "sa" : "7294", "sna" : "0", "pst" : "40,00", "psnt" : "60,00", "psi" : "40,00", "psni" : "0,00", "psa" : "100,00", "psna" : "0,00", "e" : "6079280", "ea" : "2335794", "ena" : "0", "esi" : "2335794", "esni" : "0", "c" : "1855274", "a" : "480520", "pea" : "100,00", "pena" : "0,00", "pesi" : "38,42", "pesni" : "0,00", "pa" : "20,57", "pc" : "79,43", "munnr" : "4", "munpt" : "140", "munf" : "0", "pmunnr" : "2,78", "pmunpt" : "97,22", "pmunf" : "00,00" }, 
{ "and" : "P", "tpabr" : "UF", "cdabr" : "PI", "dt" : "02/10/2022", "ht" : "19:18:59", "s" : "8963", "st" : "3878", "snt" : "5085", "si" : "3878", "sni" : "0", "sa" : "3878", "sna" : "0", "pst" : "43,27", "psnt" : "56,73", "psi" : "43,27", "psni" : "0,00", "psa" : "100,00", "psna" : "0,00", "e" : "2570433", "ea" : "1078857", "ena" : "0", "esi" : "1078857", "esni" : "0", "c" : "886828", "a" : "192029", "pea" : "100,00", "pena" : "0,00", "pesi" : "41,97", "pesni" : "0,00", "pa" : "17,80", "pc" : "82,20", "munnr" : "48", "munpt" : "176", "munf" : "0", "pmunnr" : "21,43", "pmunpt" : "78,57", "pmunf" : "00,00" }, 
{ "and" : "P", "tpabr" : "UF", "cdabr" : "RS", "dt" : "02/10/2022", "ht" : "19:19:03", "s" : "27201", "st" : "16070", "snt" : "11131", "si" : "16070", "sni" : "0", "sa" : "16070", "sna" : "0", "pst" : "59,08", "psnt" : "40,92", "psi" : "59,08", "psni" : "0,00", "psa" : "100,00", "psna" : "0,00", "e" : "8589432", "ea" : "5068469", "ena" : "0", "esi" : "5068469", "esni" : "0", "c" : "4059483", "a" : "1008986", "pea" : "100,00", "pena" : "0,00", "pesi" : "59,01", "pesni" : "0,00", "pa" : "19,91", "pc" : "80,09", "munnr" : "206", "munpt" : "216", "munf" : "75", "pmunnr" : "41,45", "pmunpt" : "43,46", "pmunf" : "15,09" }, 
{ "and" : "P", "tpabr" : "UF", "cdabr" : "AC", "dt" : "02/10/2022", "ht" : "19:18:54", "s" : "2124", "st" : "1523", "snt" : "601", "si" : "1523", "sni" : "0", "sa" : "1523", "sna" : "0", "pst" : "71,70", "psnt" : "28,30", "psi" : "71,70", "psni" : "0,00", "psa" : "100,00", "psna" : "0,00", "e" : "587738", "ea" : "424699", "ena" : "0", "esi" : "424699", "esni" : "0", "c" : "328426", "a" : "96273", "pea" : "100,00", "pena" : "0,00", "pesi" : "72,26", "pesni" : "0,00", "pa" : "22,67", "pc" : "77,33", "munnr" : "0", "munpt" : "22", "munf" : "0", "pmunnr" : "00,00", "pmunpt" : "100,00", "pmunf" : "00,00" }, 
{ "and" : "P", "tpabr" : "UF", "cdabr" : "PR", "dt" : "02/10/2022", "ht" : "19:18:52", "s" : "25721", "st" : "17617", "snt" : "8104", "si" : "17617", "sni" : "0", "sa" : "17617", "sna" : "0", "pst" : "68,49", "psnt" : "31,51", "psi" : "68,49", "psni" : "0,00", "psa" : "100,00", "psna" : "0,00", "e" : "8480435", "ea" : "5741424", "ena" : "0", "esi" : "5741424", "esni" : "0", "c" : "4630074", "a" : "1111350", "pea" : "100,00", "pena" : "0,00", "pesi" : "67,70", "pesni" : "0,00", "pa" : "19,36", "pc" : "80,64", "munnr" : "90", "munpt" : "225", "munf" : "84", "pmunnr" : "22,56", "pmunpt" : "56,39", "pmunf" : "21,05" }, 
{ "and" : "P", "tpabr" : "UF", "cdabr" : "SC", "dt" : "02/10/2022", "ht" : "19:16:35", "s" : "16242", "st" : "3998", "snt" : "12244", "si" : "3998", "sni" : "0", "sa" : "3998", "sna" : "0", "pst" : "24,62", "psnt" : "75,38", "psi" : "24,62", "psni" : "0,00", "psa" : "100,00", "psna" : "0,00", "e" : "5501478", "ea" : "1294960", "ena" : "0", "esi" : "1294960", "esni" : "0", "c" : "1067712", "a" : "227248", "pea" : "100,00", "pena" : "0,00", "pesi" : "23,54", "pesni" : "0,00", "pa" : "17,55", "pc" : "82,45", "munnr" : "132", "munpt" : "144", "munf" : "19", "pmunnr" : "44,75", "pmunpt" : "48,81", "pmunf" : "6,44" }, 
{ "and" : "P", "tpabr" : "UF", "cdabr" : "TO", "dt" : "02/10/2022", "ht" : "19:19:09", "s" : "3957", "st" : "3117", "snt" : "840", "si" : "3117", "sni" : "0", "sa" : "3117", "sna" : "0", "pst" : "78,77", "psnt" : "21,23", "psi" : "78,77", "psni" : "0,00", "psa" : "100,00", "psna" : "0,00", "e" : "1094346", "ea" : "845168", "ena" : "0", "esi" : "845168", "esni" : "0", "c" : "688358", "a" : "156810", "pea" : "100,00", "pena" : "0,00", "pesi" : "77,23", "pesni" : "0,00", "pa" : "18,55", "pc" : "81,45", "munnr" : "12", "munpt" : "79", "munf" : "48", "pmunnr" : "8,63", "pmunpt" : "56,83", "pmunf" : "34,53" }, 
{ "and" : "P", "tpabr" : "UF", "cdabr" : "AL", "dt" : "02/10/2022", "ht" : "19:19:18", "s" : "6626", "st" : "496", "snt" : "6130", "si" : "496", "sni" : "0", "sa" : "496", "sna" : "0", "pst" : "7,49", "psnt" : "92,51", "psi" : "7,49", "psni" : "0,00", "psa" : "100,00", "psna" : "0,00", "e" : "2326491", "ea" : "152597", "ena" : "0", "esi" : "152597", "esni" : "0", "c" : "119868", "a" : "32729", "pea" : "100,00", "pena" : "0,00", "pesi" : "6,56", "pesni" : "0,00", "pa" : "21,45", "pc" : "78,55", "munnr" : "75", "munpt" : "27", "munf" : "0", "pmunnr" : "73,53", "pmunpt" : "26,47", "pmunf" : "00,00" }, 
{ "and" : "P", "tpabr" : "UF", "cdabr" : "BA", "dt" : "02/10/2022", "ht" : "19:19:31", "s" : "34424", "st" : "7938", "snt" : "26486", "si" : "7938", "sni" : "0", "sa" : "7938", "sna" : "0", "pst" : "23,06", "psnt" : "76,94", "psi" : "23,06", "psni" : "0,00", "psa" : "100,00", "psna" : "0,00", "e" : "11283405", "ea" : "2419192", "ena" : "0", "esi" : "2419192", "esni" : "0", "c" : "1909552", "a" : "509640", "pea" : "100,00", "pena" : "0,00", "pesi" : "21,44", "pesni" : "0,00", "pa" : "21,07", "pc" : "78,93", "munnr" : "127", "munpt" : "283", "munf" : "7", "pmunnr" : "30,46", "pmunpt" : "67,87", "pmunf" : "1,68" }, 
{ "and" : "P", "tpabr" : "UF", "cdabr" : "PB", "dt" : "02/10/2022", "ht" : "19:18:43", "s" : "9602", "st" : "3968", "snt" : "5634", "si" : "3968", "sni" : "0", "sa" : "3968", "sna" : "0", "pst" : "41,32", "psnt" : "58,68", "psi" : "41,32", "psni" : "0,00", "psa" : "100,00", "psna" : "0,00", "e" : "3092053", "ea" : "1253330", "ena" : "0", "esi" : "1253330", "esni" : "0", "c" : "1045942", "a" : "207388", "pea" : "100,00", "pena" : "0,00", "pesi" : "40,53", "pesni" : "0,00", "pa" : "16,55", "pc" : "83,45", "munnr" : "85", "munpt" : "123", "munf" : "15", "pmunnr" : "38,12", "pmunpt" : "55,16", "pmunf" : "6,73" }, 
{ "and" : "P", "tpabr" : "UF", "cdabr" : "AP", "dt" : "02/10/2022", "ht" : "19:18:09", "s" : "1740", "st" : "858", "snt" : "882", "si" : "858", "sni" : "0", "sa" : "858", "sna" : "0", "pst" : "49,31", "psnt" : "50,69", "psi" : "49,31", "psni" : "0,00", "psa" : "100,00", "psna" : "0,00", "e" : "550165", "ea" : "248764", "ena" : "0", "esi" : "248764", "esni" : "0", "c" : "199688", "a" : "49076", "pea" : "100,00", "pena" : "0,00", "pesi" : "45,22", "pesni" : "0,00", "pa" : "19,73", "pc" : "80,27", "munnr" : "1", "munpt" : "14", "munf" : "1", "pmunnr" : "6,25", "pmunpt" : "87,50", "pmunf" : "6,25" }, 
{ "and" : "P", "tpabr" : "UF", "cdabr" : "RJ", "dt" : "02/10/2022", "ht" : "19:19:24", "s" : "34068", "st" : "6038", "snt" : "28030", "si" : "6038", "sni" : "0", "sa" : "6038", "sna" : "0", "pst" : "17,72", "psnt" : "82,28", "psi" : "17,72", "psni" : "0,00", "psa" : "100,00", "psna" : "0,00", "e" : "12826356", "ea" : "2003120", "ena" : "0", "esi" : "2003120", "esni" : "0", "c" : "1544942", "a" : "458178", "pea" : "100,00", "pena" : "0,00", "pesi" : "15,62", "pesni" : "0,00", "pa" : "22,87", "pc" : "77,13", "munnr" : "17", "munpt" : "75", "munf" : "0", "pmunnr" : "18,48", "pmunpt" : "81,52", "pmunf" : "00,00" }, 
{ "and" : "P", "tpabr" : "UF", "cdabr" : "RR", "dt" : "02/10/2022", "ht" : "19:18:38", "s" : "1268", "st" : "703", "snt" : "565", "si" : "703", "sni" : "0", "sa" : "703", "sna" : "0", "pst" : "55,44", "psnt" : "44,56", "psi" : "55,44", "psni" : "0,00", "psa" : "100,00", "psna" : "0,00", "e" : "366632", "ea" : "194820", "ena" : "0", "esi" : "194820", "esni" : "0", "c" : "162797", "a" : "32023", "pea" : "100,00", "pena" : "0,00", "pesi" : "53,14", "pesni" : "0,00", "pa" : "16,44", "pc" : "83,56", "munnr" : "0", "munpt" : "15", "munf" : "0", "pmunnr" : "00,00", "pmunpt" : "100,00", "pmunf" : "00,00" }, 
{ "and" : "P", "tpabr" : "UF", "cdabr" : "ZZ", "dt" : "02/10/2022", "ht" : "19:19:23", "s" : "1064", "st" : "526", "snt" : "538", "si" : "526", "sni" : "0", "sa" : "526", "sna" : "0", "pst" : "49,44", "psnt" : "50,56", "psi" : "49,44", "psni" : "0,00", "psa" : "100,00", "psna" : "0,00", "e" : "695355", "ea" : "364814", "ena" : "0", "esi" : "364814", "esni" : "0", "c" : "165655", "a" : "199159", "pea" : "100,00", "pena" : "0,00", "pesi" : "52,46", "pesni" : "0,00", "pa" : "54,59", "pc" : "45,41", "munnr" : "105", "munpt" : "14", "munf" : "62", "pmunnr" : "58,01", "pmunpt" : "7,73", "pmunf" : "34,25" }, 
{ "and" : "P", "tpabr" : "UF", "cdabr" : "SP", "dt" : "02/10/2022", "ht" : "19:18:27", "s" : "101073", "st" : "34501", "snt" : "66572", "si" : "34501", "sni" : "0", "sa" : "34501", "sna" : "0", "pst" : "34,13", "psnt" : "65,87", "psi" : "34,13", "psni" : "0,00", "psa" : "100,00", "psna" : "0,00", "e" : "34684927", "ea" : "11320983", "ena" : "0", "esi" : "11320983", "esni" : "0", "c" : "8839375", "a" : "2481608", "pea" : "100,00", "pena" : "0,00", "pesi" : "32,64", "pesni" : "0,00", "pa" : "21,92", "pc" : "78,08", "munnr" : "270", "munpt" : "242", "munf" : "133", "pmunnr" : "41,86", "pmunpt" : "37,52", "pmunf" : "20,62" }, 
{ "and" : "P", "tpabr" : "BR", "cdabr" : "BR", "dt" : "02/10/2022", "ht" : "19:19:37", "s" : "472075", "st" : "182136", "snt" : "289939", "si" : "182136", "sni" : "0", "sa" : "182136", "sna" : "0", "pst" : "38,58", "psnt" : "61,42", "psi" : "38,58", "psni" : "0,00", "psa" : "100,00", "psna" : "0,00", "e" : "156454011", "ea" : "57587324", "ena" : "0", "esi" : "57587324", "esni" : "0", "c" : "45673756", "a" : "11913568", "pea" : "100,00", "pena" : "0,00", "pesi" : "36,80", "pesni" : "0,00", "pa" : "20,69", "pc" : "79,31", "ufsnr" : "0", "ufspt" : "28", "ufsf" : "0", "pufsnr" : "00,00", "pufspt" : "100,00", "pufsf" : "00,00" } ] }