
{ "ele" : "544", "t" : "1", "f" : "O", "dg" : "02/10/2022", "hg" : "21:18:57", "abr" : [ 
{ "and" : "P", "tpabr" : "UF", "cdabr" : "AM", "dt" : "02/10/2022", "ht" : "21:18:03", "s" : "7454", "st" : "7184", "snt" : "270", "si" : "7183", "sni" : "1", "sa" : "7183", "sna" : "0", "pst" : "96,38", "psnt" : "3,62", "psi" : "96,36", "psni" : "3,64", "psa" : "100,00", "psna" : "0,00", "e" : "2646924", "ea" : "2544637", "ena" : "0", "esi" : "2544637", "esni" : "84", "c" : "2035478", "a" : "509159", "pea" : "100,00", "pena" : "0,00", "pesi" : "96,14", "pesni" : "100,00", "pa" : "20,01", "pc" : "79,99", "munnr" : "0", "munpt" : "35", "munf" : "27", "pmunnr" : "00,00", "pmunpt" : "56,45", "pmunf" : "43,55" }, 
{ "and" : "P", "tpabr" : "UF", "cdabr" : "PE", "dt" : "02/10/2022", "ht" : "21:18:23", "s" : "20572", "st" : "19690", "snt" : "882", "si" : "19690", "sni" : "0", "sa" : "19690", "sna" : "0", "pst" : "95,71", "psnt" : "4,29", "psi" : "95,71", "psni" : "0,00", "psa" : "100,00", "psna" : "0,00", "e" : "7015421", "ea" : "6710668", "ena" : "0", "esi" : "6710668", "esni" : "0", "c" : "5498837", "a" : "1211831", "pea" : "100,00", "pena" : "0,00", "pesi" : "95,66", "pesni" : "0,00", "pa" : "18,06", "pc" : "81,94", "munnr" : "4", "munpt" : "50", "munf" : "131", "pmunnr" : "2,16", "pmunpt" : "27,03", "pmunf" : "70,81" }, 
{ "and" : "P", "tpabr" : "UF", "cdabr" : "RN", "dt" : "02/10/2022", "ht" : "21:18:05", "s" : "7674", "st" : "7560", "snt" : "114", "si" : "7560", "sni" : "0", "sa" : "7560", "sna" : "0", "pst" : "98,51", "psnt" : "1,49", "psi" : "98,51", "psni" : "0,00", "psa" : "100,00", "psna" : "0,00", "e" : "2554716", "ea" : "2516407", "ena" : "0", "esi" : "2516407", "esni" : "0", "c" : "2059500", "a" : "456907", "pea" : "100,00", "pena" : "0,00", "pesi" : "98,50", "pesni" : "0,00", "pa" : "18,16", "pc" : "81,84", "munnr" : "0", "munpt" : "23", "munf" : "144", "pmunnr" : "00,00", "pmunpt" : "13,77", "pmunf" : "86,23" }, 
{ "and" : "P", "tpabr" : "UF", "cdabr" : "MG", "dt" : "02/10/2022", "ht" : "21:18:04", "s" : "49981", "st" : "48118", "snt" : "1863", "si" : "48118", "sni" : "0", "sa" : "48118", "sna" : "0", "pst" : "96,27", "psnt" : "3,73", "psi" : "96,27", "psni" : "0,00", "psa" : "100,00", "psna" : "0,00", "e" : "16283828", "ea" : "15679878", "ena" : "0", "esi" : "15679878", "esni" : "0", "c" : "12198895", "a" : "3480983", "pea" : "100,00", "pena" : "0,00", "pesi" : "96,29", "pesni" : "0,00", "pa" : "22,20", "pc" : "77,80", "munnr" : "41", "munpt" : "75", "munf" : "737", "pmunnr" : "4,81", "pmunpt" : "8,79", "pmunf" : "86,40" }, 
{ "and" : "P", "tpabr" : "UF", "cdabr" : "RO", "dt" : "02/10/2022", "ht" : "21:14:45", "s" : "4198", "st" : "4157", "snt" : "41", "si" : "4157", "sni" : "0", "sa" : "4157", "sna" : "0", "pst" : "99,02", "psnt" : "0,98", "psi" : "99,02", "psni" : "0,00", "psa" : "100,00", "psna" : "0,00", "e" : "1229998", "ea" : "1216120", "ena" : "0", "esi" : "1216120", "esni" : "0", "c" : "916655", "a" : "299465", "pea" : "100,00", "pena" : "0,00", "pesi" : "98,87", "pesni" : "0,00", "pa" : "24,62", "pc" : "75,38", "munnr" : "0", "munpt" : "6", "munf" : "46", "pmunnr" : "00,00", "pmunpt" : "11,54", "pmunf" : "88,46" }, 
{ "and" : "P", "tpabr" : "UF", "cdabr" : "CE", "dt" : "02/10/2022", "ht" : "21:18:04", "s" : "22796", "st" : "21303", "snt" : "1493", "si" : "21303", "sni" : "0", "sa" : "21303", "sna" : "0", "pst" : "93,45", "psnt" : "6,55", "psi" : "93,45", "psni" : "0,00", "psa" : "100,00", "psna" : "0,00", "e" : "6818732", "ea" : "6393634", "ena" : "0", "esi" : "6393634", "esni" : "0", "c" : "5279334", "a" : "1114300", "pea" : "100,00", "pena" : "0,00", "pesi" : "93,77", "pesni" : "0,00", "pa" : "17,43", "pc" : "82,57", "munnr" : "6", "munpt" : "80", "munf" : "98", "pmunnr" : "3,26", "pmunpt" : "43,48", "pmunf" : "53,26" }, 
{ "and" : "P", "tpabr" : "UF", "cdabr" : "GO", "dt" : "02/10/2022", "ht" : "21:15:50", "s" : "14620", "st" : "14560", "snt" : "60", "si" : "14560", "sni" : "0", "sa" : "14560", "sna" : "0", "pst" : "99,59", "psnt" : "0,41", "psi" : "99,59", "psni" : "0,00", "psa" : "100,00", "psna" : "0,00", "e" : "4870292", "ea" : "4851893", "ena" : "0", "esi" : "4851893", "esni" : "0", "c" : "3798450", "a" : "1053443", "pea" : "100,00", "pena" : "0,00", "pesi" : "99,62", "pesni" : "0,00", "pa" : "21,71", "pc" : "78,29", "munnr" : "2", "munpt" : "12", "munf" : "232", "pmunnr" : "0,81", "pmunpt" : "4,88", "pmunf" : "94,31" }, 
{ "and" : "P", "tpabr" : "UF", "cdabr" : "MS", "dt" : "02/10/2022", "ht" : "20:54:51", "s" : "6912", "st" : "6910", "snt" : "2", "si" : "6910", "sni" : "0", "sa" : "6910", "sna" : "0", "pst" : "99,97", "psnt" : "0,03", "psi" : "99,97", "psni" : "0,00", "psa" : "100,00", "psna" : "0,00", "e" : "1995932", "ea" : "1995509", "ena" : "0", "esi" : "1995509", "esni" : "0", "c" : "1554759", "a" : "440750", "pea" : "100,00", "pena" : "0,00", "pesi" : "99,98", "pesni" : "0,00", "pa" : "22,09", "pc" : "77,91", "munnr" : "0", "munpt" : "1", "munf" : "78", "pmunnr" : "00,00", "pmunpt" : "1,27", "pmunf" : "98,73" }, 
{ "and" : "P", "tpabr" : "UF", "cdabr" : "MT", "dt" : "02/10/2022", "ht" : "21:18:04", "s" : "7652", "st" : "7587", "snt" : "65", "si" : "7587", "sni" : "0", "sa" : "7587", "sna" : "0", "pst" : "99,15", "psnt" : "0,85", "psi" : "99,15", "psni" : "0,00", "psa" : "100,00", "psna" : "0,00", "e" : "2469604", "ea" : "2448359", "ena" : "0", "esi" : "2448359", "esni" : "0", "c" : "1876416", "a" : "571943", "pea" : "100,00", "pena" : "0,00", "pesi" : "99,14", "pesni" : "0,00", "pa" : "23,36", "pc" : "76,64", "munnr" : "0", "munpt" : "11", "munf" : "130", "pmunnr" : "00,00", "pmunpt" : "7,80", "pmunf" : "92,20" }, 
{ "and" : "P", "tpabr" : "UF", "cdabr" : "SE", "dt" : "02/10/2022", "ht" : "21:18:05", "s" : "5498", "st" : "5469", "snt" : "29", "si" : "5469", "sni" : "0", "sa" : "5469", "sna" : "0", "pst" : "99,47", "psnt" : "0,53", "psi" : "99,47", "psni" : "0,00", "psa" : "100,00", "psna" : "0,00", "e" : "1671376", "ea" : "1661043", "ena" : "0", "esi" : "1661043", "esni" : "0", "c" : "1356214", "a" : "304829", "pea" : "100,00", "pena" : "0,00", "pesi" : "99,38", "pesni" : "0,00", "pa" : "18,35", "pc" : "81,65", "munnr" : "0", "munpt" : "8", "munf" : "67", "pmunnr" : "00,00", "pmunpt" : "10,67", "pmunf" : "89,33" }, 
{ "and" : "F", "tpabr" : "UF", "cdabr" : "DF", "dt" : "02/10/2022", "ht" : "20:36:59", "s" : "6748", "st" : "6748", "snt" : "0", "si" : "6748", "sni" : "0", "sa" : "6748", "sna" : "0", "pst" : "100,00", "psnt" : "0,00", "psi" : "100,00", "psni" : "0,00", "psa" : "100,00", "psna" : "0,00", "e" : "2206996", "ea" : "2206996", "ena" : "0", "esi" : "2206996", "esni" : "0", "c" : "1819900", "a" : "387096", "pea" : "100,00", "pena" : "0,00", "pesi" : "100,00", "pesni" : "0,00", "pa" : "17,54", "pc" : "82,46", "munnr" : "0", "munpt" : "0", "munf" : "1", "pmunnr" : "00,00", "pmunpt" : "00,00", "pmunf" : "100,00" }, 
{ "and" : "F", "tpabr" : "UF", "cdabr" : "ES", "dt" : "02/10/2022", "ht" : "20:41:59", "s" : "9239", "st" : "9239", "snt" : "0", "si" : "9239", "sni" : "0", "sa" : "9239", "sna" : "0", "pst" : "100,00", "psnt" : "0,00", "psi" : "100,00", "psni" : "0,00", "psa" : "100,00", "psna" : "0,00", "e" : "2922379", "ea" : "2922379", "ena" : "0", "esi" : "2922379", "esni" : "0", "c" : "2315889", "a" : "606490", "pea" : "100,00", "pena" : "0,00", "pesi" : "100,00", "pesni" : "0,00", "pa" : "20,75", "pc" : "79,25", "munnr" : "0", "munpt" : "0", "munf" : "78", "pmunnr" : "00,00", "pmunpt" : "00,00", "pmunf" : "100,00" }, 
{ "and" : "P", "tpabr" : "UF", "cdabr" : "MA", "dt" : "02/10/2022", "ht" : "21:18:09", "s" : "16423", "st" : "12887", "snt" : "3536", "si" : "12887", "sni" : "0", "sa" : "12887", "sna" : "0", "pst" : "78,47", "psnt" : "21,53", "psi" : "78,47", "psni" : "0,00", "psa" : "100,00", "psna" : "0,00", "e" : "5039287", "ea" : "3960174", "ena" : "0", "esi" : "3960174", "esni" : "0", "c" : "3097754", "a" : "862420", "pea" : "100,00", "pena" : "0,00", "pesi" : "78,59", "pesni" : "0,00", "pa" : "21,78", "pc" : "78,22", "munnr" : "27", "munpt" : "134", "munf" : "56", "pmunnr" : "12,44", "pmunpt" : "61,75", "pmunf" : "25,81" }, 
{ "and" : "P", "tpabr" : "UF", "cdabr" : "PA", "dt" : "02/10/2022", "ht" : "21:18:09", "s" : "18235", "st" : "17441", "snt" : "794", "si" : "17441", "sni" : "0", "sa" : "17441", "sna" : "0", "pst" : "95,65", "psnt" : "4,35", "psi" : "95,65", "psni" : "0,00", "psa" : "100,00", "psna" : "0,00", "e" : "6079280", "ea" : "5812163", "ena" : "0", "esi" : "5812163", "esni" : "0", "c" : "4576101", "a" : "1236062", "pea" : "100,00", "pena" : "0,00", "pesi" : "95,61", "pesni" : "0,00", "pa" : "21,27", "pc" : "78,73", "munnr" : "0", "munpt" : "84", "munf" : "60", "pmunnr" : "00,00", "pmunpt" : "58,33", "pmunf" : "41,67" }, 
{ "and" : "P", "tpabr" : "UF", "cdabr" : "PI", "dt" : "02/10/2022", "ht" : "21:18:05", "s" : "8963", "st" : "8388", "snt" : "575", "si" : "8388", "sni" : "0", "sa" : "8388", "sna" : "0", "pst" : "93,58", "psnt" : "6,42", "psi" : "93,58", "psni" : "0,00", "psa" : "100,00", "psna" : "0,00", "e" : "2570433", "ea" : "2398556", "ena" : "0", "esi" : "2398556", "esni" : "0", "c" : "1973448", "a" : "425108", "pea" : "100,00", "pena" : "0,00", "pesi" : "93,31", "pesni" : "0,00", "pa" : "17,72", "pc" : "82,28", "munnr" : "6", "munpt" : "96", "munf" : "122", "pmunnr" : "2,68", "pmunpt" : "42,86", "pmunf" : "54,46" }, 
{ "and" : "P", "tpabr" : "UF", "cdabr" : "RS", "dt" : "02/10/2022", "ht" : "21:18:05", "s" : "27201", "st" : "26942", "snt" : "259", "si" : "26942", "sni" : "0", "sa" : "26942", "sna" : "0", "pst" : "99,05", "psnt" : "0,95", "psi" : "99,05", "psni" : "0,00", "psa" : "100,00", "psna" : "0,00", "e" : "8589432", "ea" : "8495351", "ena" : "0", "esi" : "8495351", "esni" : "0", "c" : "6815759", "a" : "1679592", "pea" : "100,00", "pena" : "0,00", "pesi" : "98,90", "pesni" : "0,00", "pa" : "19,77", "pc" : "80,23", "munnr" : "2", "munpt" : "12", "munf" : "483", "pmunnr" : "0,40", "pmunpt" : "2,41", "pmunf" : "97,18" }, 
{ "and" : "P", "tpabr" : "UF", "cdabr" : "AC", "dt" : "02/10/2022", "ht" : "21:13:35", "s" : "2124", "st" : "2091", "snt" : "33", "si" : "2091", "sni" : "0", "sa" : "2091", "sna" : "0", "pst" : "98,45", "psnt" : "1,55", "psi" : "98,45", "psni" : "0,00", "psa" : "100,00", "psna" : "0,00", "e" : "587738", "ea" : "578663", "ena" : "0", "esi" : "578663", "esni" : "0", "c" : "449351", "a" : "129312", "pea" : "100,00", "pena" : "0,00", "pesi" : "98,46", "pesni" : "0,00", "pa" : "22,35", "pc" : "77,65", "munnr" : "0", "munpt" : "4", "munf" : "18", "pmunnr" : "00,00", "pmunpt" : "18,18", "pmunf" : "81,82" }, 
{ "and" : "P", "tpabr" : "UF", "cdabr" : "PR", "dt" : "02/10/2022", "ht" : "21:15:51", "s" : "25721", "st" : "25635", "snt" : "86", "si" : "25635", "sni" : "0", "sa" : "25635", "sna" : "0", "pst" : "99,67", "psnt" : "0,33", "psi" : "99,67", "psni" : "0,00", "psa" : "100,00", "psna" : "0,00", "e" : "8480435", "ea" : "8450123", "ena" : "0", "esi" : "8450123", "esni" : "0", "c" : "6805314", "a" : "1644809", "pea" : "100,00", "pena" : "0,00", "pesi" : "99,64", "pesni" : "0,00", "pa" : "19,46", "pc" : "80,54", "munnr" : "2", "munpt" : "20", "munf" : "377", "pmunnr" : "0,50", "pmunpt" : "5,01", "pmunf" : "94,49" }, 
{ "and" : "P", "tpabr" : "UF", "cdabr" : "SC", "dt" : "02/10/2022", "ht" : "21:18:09", "s" : "16242", "st" : "16185", "snt" : "57", "si" : "16185", "sni" : "0", "sa" : "16185", "sna" : "0", "pst" : "99,65", "psnt" : "0,35", "psi" : "99,65", "psni" : "0,00", "psa" : "100,00", "psna" : "0,00", "e" : "5501478", "ea" : "5481016", "ena" : "0", "esi" : "5481016", "esni" : "0", "c" : "4471034", "a" : "1009982", "pea" : "100,00", "pena" : "0,00", "pesi" : "99,63", "pesni" : "0,00", "pa" : "18,43", "pc" : "81,57", "munnr" : "0", "munpt" : "11", "munf" : "284", "pmunnr" : "00,00", "pmunpt" : "3,73", "pmunf" : "96,27" }, 
{ "and" : "P", "tpabr" : "UF", "cdabr" : "TO", "dt" : "02/10/2022", "ht" : "21:15:53", "s" : "3957", "st" : "3953", "snt" : "4", "si" : "3953", "sni" : "0", "sa" : "3953", "sna" : "0", "pst" : "99,90", "psnt" : "0,10", "psi" : "99,90", "psni" : "0,00", "psa" : "100,00", "psna" : "0,00", "e" : "1094346", "ea" : "1093138", "ena" : "0", "esi" : "1093138", "esni" : "0", "c" : "890512", "a" : "202626", "pea" : "100,00", "pena" : "0,00", "pesi" : "99,89", "pesni" : "0,00", "pa" : "18,54", "pc" : "81,46", "munnr" : "0", "munpt" : "3", "munf" : "136", "pmunnr" : "00,00", "pmunpt" : "2,16", "pmunf" : "97,84" }, 
{ "and" : "P", "tpabr" : "UF", "cdabr" : "AL", "dt" : "02/10/2022", "ht" : "21:18:03", "s" : "6626", "st" : "5566", "snt" : "1060", "si" : "5566", "sni" : "0", "sa" : "5566", "sna" : "0", "pst" : "84,00", "psnt" : "16,00", "psi" : "84,00", "psni" : "0,00", "psa" : "100,00", "psna" : "0,00", "e" : "2326491", "ea" : "1931595", "ena" : "0", "esi" : "1931595", "esni" : "0", "c" : "1502586", "a" : "429009", "pea" : "100,00", "pena" : "0,00", "pesi" : "83,03", "pesni" : "0,00", "pa" : "22,21", "pc" : "77,79", "munnr" : "11", "munpt" : "33", "munf" : "58", "pmunnr" : "10,78", "pmunpt" : "32,35", "pmunf" : "56,86" }, 
{ "and" : "P", "tpabr" : "UF", "cdabr" : "BA", "dt" : "02/10/2022", "ht" : "21:18:08", "s" : "34424", "st" : "31307", "snt" : "3117", "si" : "31307", "sni" : "0", "sa" : "31307", "sna" : "0", "pst" : "90,95", "psnt" : "9,05", "psi" : "90,95", "psni" : "0,00", "psa" : "100,00", "psna" : "0,00", "e" : "11283405", "ea" : "10242756", "ena" : "0", "esi" : "10242756", "esni" : "0", "c" : "8069231", "a" : "2173525", "pea" : "100,00", "pena" : "0,00", "pesi" : "90,78", "pesni" : "0,00", "pa" : "21,22", "pc" : "78,78", "munnr" : "16", "munpt" : "196", "munf" : "205", "pmunnr" : "3,84", "pmunpt" : "47,00", "pmunf" : "49,16" }, 
{ "and" : "P", "tpabr" : "UF", "cdabr" : "PB", "dt" : "02/10/2022", "ht" : "21:16:57", "s" : "9602", "st" : "9574", "snt" : "28", "si" : "9574", "sni" : "0", "sa" : "9574", "sna" : "0", "pst" : "99,71", "psnt" : "0,29", "psi" : "99,71", "psni" : "0,00", "psa" : "100,00", "psna" : "0,00", "e" : "3092053", "ea" : "3083163", "ena" : "0", "esi" : "3083163", "esni" : "0", "c" : "2550093", "a" : "533070", "pea" : "100,00", "pena" : "0,00", "pesi" : "99,71", "pesni" : "0,00", "pa" : "17,29", "pc" : "82,71", "munnr" : "1", "munpt" : "5", "munf" : "217", "pmunnr" : "0,45", "pmunpt" : "2,24", "pmunf" : "97,31" }, 
{ "and" : "P", "tpabr" : "UF", "cdabr" : "AP", "dt" : "02/10/2022", "ht" : "21:14:42", "s" : "1740", "st" : "1732", "snt" : "8", "si" : "1732", "sni" : "0", "sa" : "1732", "sna" : "0", "pst" : "99,54", "psnt" : "0,46", "psi" : "99,54", "psni" : "0,00", "psa" : "100,00", "psna" : "0,00", "e" : "550165", "ea" : "546958", "ena" : "0", "esi" : "546958", "esni" : "0", "c" : "440199", "a" : "106759", "pea" : "100,00", "pena" : "0,00", "pesi" : "99,42", "pesni" : "0,00", "pa" : "19,52", "pc" : "80,48", "munnr" : "0", "munpt" : "5", "munf" : "11", "pmunnr" : "00,00", "pmunpt" : "31,25", "pmunf" : "68,75" }, 
{ "and" : "P", "tpabr" : "UF", "cdabr" : "RJ", "dt" : "02/10/2022", "ht" : "21:18:17", "s" : "34068", "st" : "33052", "snt" : "1016", "si" : "33052", "sni" : "0", "sa" : "33052", "sna" : "0", "pst" : "97,02", "psnt" : "2,98", "psi" : "97,02", "psni" : "0,00", "psa" : "100,00", "psna" : "0,00", "e" : "12826356", "ea" : "12429472", "ena" : "0", "esi" : "12429472", "esni" : "0", "c" : "9604378", "a" : "2825094", "pea" : "100,00", "pena" : "0,00", "pesi" : "96,91", "pesni" : "0,00", "pa" : "22,73", "pc" : "77,27", "munnr" : "1", "munpt" : "34", "munf" : "57", "pmunnr" : "1,09", "pmunpt" : "36,96", "pmunf" : "61,96" }, 
{ "and" : "F", "tpabr" : "UF", "cdabr" : "RR", "dt" : "02/10/2022", "ht" : "21:07:58", "s" : "1268", "st" : "1268", "snt" : "0", "si" : "1268", "sni" : "0", "sa" : "1268", "sna" : "0", "pst" : "100,00", "psnt" : "0,00", "psi" : "100,00", "psni" : "0,00", "psa" : "100,00", "psna" : "0,00", "e" : "366632", "ea" : "366632", "ena" : "0", "esi" : "366632", "esni" : "0", "c" : "305404", "a" : "61228", "pea" : "100,00", "pena" : "0,00", "pesi" : "100,00", "pesni" : "0,00", "pa" : "16,70", "pc" : "83,30", "munnr" : "0", "munpt" : "0", "munf" : "15", "pmunnr" : "00,00", "pmunpt" : "00,00", "pmunf" : "100,00" }, 
{ "and" : "P", "tpabr" : "UF", "cdabr" : "ZZ", "dt" : "02/10/2022", "ht" : "21:18:06", "s" : "1064", "st" : "917", "snt" : "147", "si" : "871", "sni" : "46", "sa" : "871", "sna" : "0", "pst" : "86,18", "psnt" : "13,82", "psi" : "81,86", "psni" : "18,14", "psa" : "100,00", "psna" : "0,00", "e" : "695355", "ea" : "602605", "ena" : "0", "esi" : "602605", "esni" : "573", "c" : "268575", "a" : "334030", "pea" : "100,00", "pena" : "0,00", "pesi" : "86,66", "pesni" : "99,92", "pa" : "55,43", "pc" : "44,57", "munnr" : "22", "munpt" : "26", "munf" : "133", "pmunnr" : "12,15", "pmunpt" : "14,36", "pmunf" : "73,48" }, 
{ "and" : "P", "tpabr" : "UF", "cdabr" : "SP", "dt" : "02/10/2022", "ht" : "21:18:09", "s" : "101073", "st" : "99741", "snt" : "1332", "si" : "99741", "sni" : "0", "sa" : "99741", "sna" : "0", "pst" : "98,68", "psnt" : "1,32", "psi" : "98,68", "psni" : "0,00", "psa" : "100,00", "psna" : "0,00", "e" : "34684927", "ea" : "34214817", "ena" : "0", "esi" : "34214817", "esni" : "0", "c" : "26819358", "a" : "7395459", "pea" : "100,00", "pena" : "0,00", "pesi" : "98,64", "pesni" : "0,00", "pa" : "21,61", "pc" : "78,39", "munnr" : "6", "munpt" : "33", "munf" : "606", "pmunnr" : "0,93", "pmunpt" : "5,12", "pmunf" : "93,95" }, 
{ "and" : "P", "tpabr" : "BR", "cdabr" : "BR", "dt" : "02/10/2022", "ht" : "21:18:23", "s" : "472075", "st" : "455204", "snt" : "16871", "si" : "455157", "sni" : "47", "sa" : "455157", "sna" : "0", "pst" : "96,42", "psnt" : "3,58", "psi" : "96,41", "psni" : "3,59", "psa" : "100,00", "psna" : "0,00", "e" : "156454011", "ea" : "150834705", "ena" : "0", "esi" : "150834705", "esni" : "657", "c" : "119349424", "a" : "31485281", "pea" : "100,00", "pena" : "0,00", "pesi" : "96,40", "pesni" : "100,00", "pa" : "20,88", "pc" : "79,12", "ufsnr" : "0", "ufspt" : "25", "ufsf" : "3", "pufsnr" : "00,00", "pufspt" : "89,29", "pufsf" : "10,71" } ] }