
{ "ele" : "544", "t" : "1", "f" : "O", "dg" : "02/10/2022", "hg" : "18:47:51", "abr" : [ 
{ "and" : "P", "tpabr" : "UF", "cdabr" : "AM", "dt" : "02/10/2022", "ht" : "18:47:01", "s" : "7454", "st" : "2320", "snt" : "5134", "si" : "2320", "sni" : "0", "sa" : "2320", "sna" : "0", "pst" : "31,12", "psnt" : "68,88", "psi" : "31,12", "psni" : "0,00", "psa" : "100,00", "psna" : "0,00", "e" : "2646924", "ea" : "802042", "ena" : "0", "esi" : "802042", "esni" : "0", "c" : "659567", "a" : "142475", "pea" : "100,00", "pena" : "0,00", "pesi" : "30,30", "pesni" : "0,00", "pa" : "17,76", "pc" : "82,24", "munnr" : "7", "munpt" : "55", "munf" : "0", "pmunnr" : "11,29", "pmunpt" : "88,71", "pmunf" : "00,00" }, 
{ "and" : "P", "tpabr" : "UF", "cdabr" : "PE", "dt" : "02/10/2022", "ht" : "18:47:01", "s" : "20572", "st" : "1270", "snt" : "19302", "si" : "1270", "sni" : "0", "sa" : "1270", "sna" : "0", "pst" : "6,17", "psnt" : "93,83", "psi" : "6,17", "psni" : "0,00", "psa" : "100,00", "psna" : "0,00", "e" : "7015421", "ea" : "381053", "ena" : "0", "esi" : "381053", "esni" : "0", "c" : "309361", "a" : "71692", "pea" : "100,00", "pena" : "0,00", "pesi" : "5,43", "pesni" : "0,00", "pa" : "18,81", "pc" : "81,19", "munnr" : "111", "munpt" : "74", "munf" : "0", "pmunnr" : "60,00", "pmunpt" : "40,00", "pmunf" : "00,00" }, 
{ "and" : "P", "tpabr" : "UF", "cdabr" : "RN", "dt" : "02/10/2022", "ht" : "18:47:34", "s" : "7674", "st" : "1774", "snt" : "5900", "si" : "1774", "sni" : "0", "sa" : "1774", "sna" : "0", "pst" : "23,12", "psnt" : "76,88", "psi" : "23,12", "psni" : "0,00", "psa" : "100,00", "psna" : "0,00", "e" : "2554716", "ea" : "528900", "ena" : "0", "esi" : "528900", "esni" : "0", "c" : "435153", "a" : "93747", "pea" : "100,00", "pena" : "0,00", "pesi" : "20,70", "pesni" : "0,00", "pa" : "17,72", "pc" : "82,28", "munnr" : "51", "munpt" : "106", "munf" : "10", "pmunnr" : "30,54", "pmunpt" : "63,47", "pmunf" : "5,99" }, 
{ "and" : "P", "tpabr" : "UF", "cdabr" : "MG", "dt" : "02/10/2022", "ht" : "18:47:14", "s" : "49981", "st" : "5657", "snt" : "44324", "si" : "5657", "sni" : "0", "sa" : "5657", "sna" : "0", "pst" : "11,32", "psnt" : "88,68", "psi" : "11,32", "psni" : "0,00", "psa" : "100,00", "psna" : "0,00", "e" : "16283828", "ea" : "1720237", "ena" : "0", "esi" : "1720237", "esni" : "0", "c" : "1321249", "a" : "398988", "pea" : "100,00", "pena" : "0,00", "pesi" : "10,56", "pesni" : "0,00", "pa" : "23,19", "pc" : "76,81", "munnr" : "600", "munpt" : "245", "munf" : "8", "pmunnr" : "70,34", "pmunpt" : "28,72", "pmunf" : "0,94" }, 
{ "and" : "P", "tpabr" : "UF", "cdabr" : "RO", "dt" : "02/10/2022", "ht" : "18:46:31", "s" : "4198", "st" : "1590", "snt" : "2608", "si" : "1590", "sni" : "0", "sa" : "1590", "sna" : "0", "pst" : "37,88", "psnt" : "62,12", "psi" : "37,88", "psni" : "0,00", "psa" : "100,00", "psna" : "0,00", "e" : "1229998", "ea" : "462457", "ena" : "0", "esi" : "462457", "esni" : "0", "c" : "359250", "a" : "103207", "pea" : "100,00", "pena" : "0,00", "pesi" : "37,60", "pesni" : "0,00", "pa" : "22,32", "pc" : "77,68", "munnr" : "26", "munpt" : "24", "munf" : "2", "pmunnr" : "50,00", "pmunpt" : "46,15", "pmunf" : "3,85" }, 
{ "and" : "P", "tpabr" : "UF", "cdabr" : "CE", "dt" : "02/10/2022", "ht" : "18:47:17", "s" : "22796", "st" : "2446", "snt" : "20350", "si" : "2446", "sni" : "0", "sa" : "2446", "sna" : "0", "pst" : "10,73", "psnt" : "89,27", "psi" : "10,73", "psni" : "0,00", "psa" : "100,00", "psna" : "0,00", "e" : "6818732", "ea" : "705199", "ena" : "0", "esi" : "705199", "esni" : "0", "c" : "568046", "a" : "137153", "pea" : "100,00", "pena" : "0,00", "pesi" : "10,34", "pesni" : "0,00", "pa" : "19,45", "pc" : "80,55", "munnr" : "93", "munpt" : "91", "munf" : "0", "pmunnr" : "50,54", "pmunpt" : "49,46", "pmunf" : "00,00" }, 
{ "and" : "P", "tpabr" : "UF", "cdabr" : "GO", "dt" : "02/10/2022", "ht" : "18:47:29", "s" : "14620", "st" : "4541", "snt" : "10079", "si" : "4541", "sni" : "0", "sa" : "4541", "sna" : "0", "pst" : "31,06", "psnt" : "68,94", "psi" : "31,06", "psni" : "0,00", "psa" : "100,00", "psna" : "0,00", "e" : "4870292", "ea" : "1490638", "ena" : "0", "esi" : "1490638", "esni" : "0", "c" : "1173400", "a" : "317238", "pea" : "100,00", "pena" : "0,00", "pesi" : "30,61", "pesni" : "0,00", "pa" : "21,28", "pc" : "78,72", "munnr" : "157", "munpt" : "85", "munf" : "4", "pmunnr" : "63,82", "pmunpt" : "34,55", "pmunf" : "1,63" }, 
{ "and" : "P", "tpabr" : "UF", "cdabr" : "MS", "dt" : "02/10/2022", "ht" : "18:46:39", "s" : "6912", "st" : "4491", "snt" : "2421", "si" : "4491", "sni" : "0", "sa" : "4491", "sna" : "0", "pst" : "64,97", "psnt" : "35,03", "psi" : "64,97", "psni" : "0,00", "psa" : "100,00", "psna" : "0,00", "e" : "1995932", "ea" : "1272337", "ena" : "0", "esi" : "1272337", "esni" : "0", "c" : "998679", "a" : "273658", "pea" : "100,00", "pena" : "0,00", "pesi" : "63,75", "pesni" : "0,00", "pa" : "21,51", "pc" : "78,49", "munnr" : "8", "munpt" : "60", "munf" : "11", "pmunnr" : "10,13", "pmunpt" : "75,95", "pmunf" : "13,92" }, 
{ "and" : "P", "tpabr" : "UF", "cdabr" : "MT", "dt" : "02/10/2022", "ht" : "18:46:36", "s" : "7652", "st" : "2578", "snt" : "5074", "si" : "2578", "sni" : "0", "sa" : "2578", "sna" : "0", "pst" : "33,69", "psnt" : "66,31", "psi" : "33,69", "psni" : "0,00", "psa" : "100,00", "psna" : "0,00", "e" : "2469604", "ea" : "797234", "ena" : "0", "esi" : "797234", "esni" : "0", "c" : "625214", "a" : "172020", "pea" : "100,00", "pena" : "0,00", "pesi" : "32,28", "pesni" : "0,00", "pa" : "21,58", "pc" : "78,42", "munnr" : "45", "munpt" : "88", "munf" : "8", "pmunnr" : "31,91", "pmunpt" : "62,41", "pmunf" : "5,67" }, 
{ "and" : "P", "tpabr" : "UF", "cdabr" : "SE", "dt" : "02/10/2022", "ht" : "18:47:25", "s" : "5498", "st" : "1144", "snt" : "4354", "si" : "1144", "sni" : "0", "sa" : "1144", "sna" : "0", "pst" : "20,81", "psnt" : "79,19", "psi" : "20,81", "psni" : "0,00", "psa" : "100,00", "psna" : "0,00", "e" : "1671376", "ea" : "328652", "ena" : "0", "esi" : "328652", "esni" : "0", "c" : "272337", "a" : "56315", "pea" : "100,00", "pena" : "0,00", "pesi" : "19,66", "pesni" : "0,00", "pa" : "17,14", "pc" : "82,86", "munnr" : "47", "munpt" : "28", "munf" : "0", "pmunnr" : "62,67", "pmunpt" : "37,33", "pmunf" : "00,00" }, 
{ "and" : "P", "tpabr" : "UF", "cdabr" : "DF", "dt" : "02/10/2022", "ht" : "18:47:25", "s" : "6748", "st" : "5595", "snt" : "1153", "si" : "5595", "sni" : "0", "sa" : "5595", "sna" : "0", "pst" : "82,91", "psnt" : "17,09", "psi" : "82,91", "psni" : "0,00", "psa" : "100,00", "psna" : "0,00", "e" : "2206996", "ea" : "1808914", "ena" : "0", "esi" : "1808914", "esni" : "0", "c" : "1495636", "a" : "313278", "pea" : "100,00", "pena" : "0,00", "pesi" : "81,96", "pesni" : "0,00", "pa" : "17,32", "pc" : "82,68", "munnr" : "0", "munpt" : "1", "munf" : "0", "pmunnr" : "00,00", "pmunpt" : "100,00", "pmunf" : "00,00" }, 
{ "and" : "P", "tpabr" : "UF", "cdabr" : "ES", "dt" : "02/10/2022", "ht" : "18:46:36", "s" : "9239", "st" : "5927", "snt" : "3312", "si" : "5927", "sni" : "0", "sa" : "5927", "sna" : "0", "pst" : "64,15", "psnt" : "35,85", "psi" : "64,15", "psni" : "0,00", "psa" : "100,00", "psna" : "0,00", "e" : "2922379", "ea" : "1852175", "ena" : "0", "esi" : "1852175", "esni" : "0", "c" : "1472753", "a" : "379422", "pea" : "100,00", "pena" : "0,00", "pesi" : "63,38", "pesni" : "0,00", "pa" : "20,49", "pc" : "79,51", "munnr" : "1", "munpt" : "64", "munf" : "13", "pmunnr" : "1,28", "pmunpt" : "82,05", "pmunf" : "16,67" }, 
{ "and" : "P", "tpabr" : "UF", "cdabr" : "MA", "dt" : "02/10/2022", "ht" : "18:46:59", "s" : "16423", "st" : "702", "snt" : "15721", "si" : "702", "sni" : "0", "sa" : "702", "sna" : "0", "pst" : "4,27", "psnt" : "95,73", "psi" : "4,27", "psni" : "0,00", "psa" : "100,00", "psna" : "0,00", "e" : "5039287", "ea" : "195296", "ena" : "0", "esi" : "195296", "esni" : "0", "c" : "151429", "a" : "43867", "pea" : "100,00", "pena" : "0,00", "pesi" : "3,88", "pesni" : "0,00", "pa" : "22,46", "pc" : "77,54", "munnr" : "155", "munpt" : "62", "munf" : "0", "pmunnr" : "71,43", "pmunpt" : "28,57", "pmunf" : "00,00" }, 
{ "and" : "P", "tpabr" : "UF", "cdabr" : "PA", "dt" : "02/10/2022", "ht" : "18:46:44", "s" : "18235", "st" : "4452", "snt" : "13783", "si" : "4452", "sni" : "0", "sa" : "4452", "sna" : "0", "pst" : "24,41", "psnt" : "75,59", "psi" : "24,41", "psni" : "0,00", "psa" : "100,00", "psna" : "0,00", "e" : "6079280", "ea" : "1410568", "ena" : "0", "esi" : "1410568", "esni" : "0", "c" : "1127789", "a" : "282779", "pea" : "100,00", "pena" : "0,00", "pesi" : "23,20", "pesni" : "0,00", "pa" : "20,05", "pc" : "79,95", "munnr" : "12", "munpt" : "132", "munf" : "0", "pmunnr" : "8,33", "pmunpt" : "91,67", "pmunf" : "00,00" }, 
{ "and" : "P", "tpabr" : "UF", "cdabr" : "PI", "dt" : "02/10/2022", "ht" : "18:47:39", "s" : "8963", "st" : "2132", "snt" : "6831", "si" : "2132", "sni" : "0", "sa" : "2132", "sna" : "0", "pst" : "23,79", "psnt" : "76,21", "psi" : "23,79", "psni" : "0,00", "psa" : "100,00", "psna" : "0,00", "e" : "2570433", "ea" : "593128", "ena" : "0", "esi" : "593128", "esni" : "0", "c" : "488407", "a" : "104721", "pea" : "100,00", "pena" : "0,00", "pesi" : "23,08", "pesni" : "0,00", "pa" : "17,66", "pc" : "82,34", "munnr" : "87", "munpt" : "137", "munf" : "0", "pmunnr" : "38,84", "pmunpt" : "61,16", "pmunf" : "00,00" }, 
{ "and" : "P", "tpabr" : "UF", "cdabr" : "RS", "dt" : "02/10/2022", "ht" : "18:46:29", "s" : "27201", "st" : "8467", "snt" : "18734", "si" : "8467", "sni" : "0", "sa" : "8467", "sna" : "0", "pst" : "31,13", "psnt" : "68,87", "psi" : "31,13", "psni" : "0,00", "psa" : "100,00", "psna" : "0,00", "e" : "8589432", "ea" : "2636923", "ena" : "0", "esi" : "2636923", "esni" : "0", "c" : "2122686", "a" : "514237", "pea" : "100,00", "pena" : "0,00", "pesi" : "30,70", "pesni" : "0,00", "pa" : "19,50", "pc" : "80,50", "munnr" : "276", "munpt" : "209", "munf" : "12", "pmunnr" : "55,53", "pmunpt" : "42,05", "pmunf" : "2,41" }, 
{ "and" : "P", "tpabr" : "UF", "cdabr" : "AC", "dt" : "02/10/2022", "ht" : "18:46:58", "s" : "2124", "st" : "940", "snt" : "1184", "si" : "940", "sni" : "0", "sa" : "940", "sna" : "0", "pst" : "44,26", "psnt" : "55,74", "psi" : "44,26", "psni" : "0,00", "psa" : "100,00", "psna" : "0,00", "e" : "587738", "ea" : "261225", "ena" : "0", "esi" : "261225", "esni" : "0", "c" : "201506", "a" : "59719", "pea" : "100,00", "pena" : "0,00", "pesi" : "44,45", "pesni" : "0,00", "pa" : "22,86", "pc" : "77,14", "munnr" : "1", "munpt" : "21", "munf" : "0", "pmunnr" : "4,55", "pmunpt" : "95,45", "pmunf" : "00,00" }, 
{ "and" : "P", "tpabr" : "UF", "cdabr" : "PR", "dt" : "02/10/2022", "ht" : "18:47:29", "s" : "25721", "st" : "5806", "snt" : "19915", "si" : "5806", "sni" : "0", "sa" : "5806", "sna" : "0", "pst" : "22,57", "psnt" : "77,43", "psi" : "22,57", "psni" : "0,00", "psa" : "100,00", "psna" : "0,00", "e" : "8480435", "ea" : "1845867", "ena" : "0", "esi" : "1845867", "esni" : "0", "c" : "1486051", "a" : "359816", "pea" : "100,00", "pena" : "0,00", "pesi" : "21,77", "pesni" : "0,00", "pa" : "19,49", "pc" : "80,51", "munnr" : "221", "munpt" : "169", "munf" : "9", "pmunnr" : "55,39", "pmunpt" : "42,36", "pmunf" : "2,26" }, 
{ "and" : "P", "tpabr" : "UF", "cdabr" : "SC", "dt" : "02/10/2022", "ht" : "18:46:48", "s" : "16242", "st" : "1078", "snt" : "15164", "si" : "1078", "sni" : "0", "sa" : "1078", "sna" : "0", "pst" : "6,64", "psnt" : "93,36", "psi" : "6,64", "psni" : "0,00", "psa" : "100,00", "psna" : "0,00", "e" : "5501478", "ea" : "331603", "ena" : "0", "esi" : "331603", "esni" : "0", "c" : "272433", "a" : "59170", "pea" : "100,00", "pena" : "0,00", "pesi" : "6,03", "pesni" : "0,00", "pa" : "17,84", "pc" : "82,16", "munnr" : "219", "munpt" : "72", "munf" : "4", "pmunnr" : "74,24", "pmunpt" : "24,41", "pmunf" : "1,36" }, 
{ "and" : "P", "tpabr" : "UF", "cdabr" : "TO", "dt" : "02/10/2022", "ht" : "18:46:37", "s" : "3957", "st" : "2299", "snt" : "1658", "si" : "2299", "sni" : "0", "sa" : "2299", "sna" : "0", "pst" : "58,10", "psnt" : "41,90", "psi" : "58,10", "psni" : "0,00", "psa" : "100,00", "psna" : "0,00", "e" : "1094346", "ea" : "619402", "ena" : "0", "esi" : "619402", "esni" : "0", "c" : "505127", "a" : "114275", "pea" : "100,00", "pena" : "0,00", "pesi" : "56,60", "pesni" : "0,00", "pa" : "18,45", "pc" : "81,55", "munnr" : "28", "munpt" : "99", "munf" : "12", "pmunnr" : "20,14", "pmunpt" : "71,22", "pmunf" : "8,63" }, 
{ "and" : "P", "tpabr" : "UF", "cdabr" : "AL", "dt" : "02/10/2022", "ht" : "18:46:58", "s" : "6626", "st" : "82", "snt" : "6544", "si" : "82", "sni" : "0", "sa" : "82", "sna" : "0", "pst" : "1,24", "psnt" : "98,76", "psi" : "1,24", "psni" : "0,00", "psa" : "100,00", "psna" : "0,00", "e" : "2326491", "ea" : "25661", "ena" : "0", "esi" : "25661", "esni" : "0", "c" : "20072", "a" : "5589", "pea" : "100,00", "pena" : "0,00", "pesi" : "1,10", "pesni" : "0,00", "pa" : "21,78", "pc" : "78,22", "munnr" : "95", "munpt" : "7", "munf" : "0", "pmunnr" : "93,14", "pmunpt" : "6,86", "pmunf" : "00,00" }, 
{ "and" : "P", "tpabr" : "UF", "cdabr" : "BA", "dt" : "02/10/2022", "ht" : "18:46:59", "s" : "34424", "st" : "2802", "snt" : "31622", "si" : "2802", "sni" : "0", "sa" : "2802", "sna" : "0", "pst" : "8,14", "psnt" : "91,86", "psi" : "8,14", "psni" : "0,00", "psa" : "100,00", "psna" : "0,00", "e" : "11283405", "ea" : "838745", "ena" : "0", "esi" : "838745", "esni" : "0", "c" : "656766", "a" : "181979", "pea" : "100,00", "pena" : "0,00", "pesi" : "7,43", "pesni" : "0,00", "pa" : "21,70", "pc" : "78,30", "munnr" : "225", "munpt" : "191", "munf" : "1", "pmunnr" : "53,96", "pmunpt" : "45,80", "pmunf" : "0,24" }, 
{ "and" : "P", "tpabr" : "UF", "cdabr" : "PB", "dt" : "02/10/2022", "ht" : "18:47:34", "s" : "9602", "st" : "1888", "snt" : "7714", "si" : "1888", "sni" : "0", "sa" : "1888", "sna" : "0", "pst" : "19,66", "psnt" : "80,34", "psi" : "19,66", "psni" : "0,00", "psa" : "100,00", "psna" : "0,00", "e" : "3092053", "ea" : "593415", "ena" : "0", "esi" : "593415", "esni" : "0", "c" : "495620", "a" : "97795", "pea" : "100,00", "pena" : "0,00", "pesi" : "19,19", "pesni" : "0,00", "pa" : "16,48", "pc" : "83,52", "munnr" : "122", "munpt" : "97", "munf" : "4", "pmunnr" : "54,71", "pmunpt" : "43,50", "pmunf" : "1,79" }, 
{ "and" : "P", "tpabr" : "UF", "cdabr" : "AP", "dt" : "02/10/2022", "ht" : "18:46:58", "s" : "1740", "st" : "432", "snt" : "1308", "si" : "432", "sni" : "0", "sa" : "432", "sna" : "0", "pst" : "24,83", "psnt" : "75,17", "psi" : "24,83", "psni" : "0,00", "psa" : "100,00", "psna" : "0,00", "e" : "550165", "ea" : "122507", "ena" : "0", "esi" : "122507", "esni" : "0", "c" : "97553", "a" : "24954", "pea" : "100,00", "pena" : "0,00", "pesi" : "22,27", "pesni" : "0,00", "pa" : "20,37", "pc" : "79,63", "munnr" : "1", "munpt" : "15", "munf" : "0", "pmunnr" : "6,25", "pmunpt" : "93,75", "pmunf" : "00,00" }, 
{ "and" : "P", "tpabr" : "UF", "cdabr" : "RJ", "dt" : "02/10/2022", "ht" : "18:47:01", "s" : "34068", "st" : "1544", "snt" : "32524", "si" : "1544", "sni" : "0", "sa" : "1544", "sna" : "0", "pst" : "4,53", "psnt" : "95,47", "psi" : "4,53", "psni" : "0,00", "psa" : "100,00", "psna" : "0,00", "e" : "12826356", "ea" : "509802", "ena" : "0", "esi" : "509802", "esni" : "0", "c" : "390501", "a" : "119301", "pea" : "100,00", "pena" : "0,00", "pesi" : "3,97", "pesni" : "0,00", "pa" : "23,40", "pc" : "76,60", "munnr" : "37", "munpt" : "55", "munf" : "0", "pmunnr" : "40,22", "pmunpt" : "59,78", "pmunf" : "00,00" }, 
{ "and" : "P", "tpabr" : "UF", "cdabr" : "RR", "dt" : "02/10/2022", "ht" : "18:47:19", "s" : "1268", "st" : "312", "snt" : "956", "si" : "312", "sni" : "0", "sa" : "312", "sna" : "0", "pst" : "24,61", "psnt" : "75,39", "psi" : "24,61", "psni" : "0,00", "psa" : "100,00", "psna" : "0,00", "e" : "366632", "ea" : "83221", "ena" : "0", "esi" : "83221", "esni" : "0", "c" : "69300", "a" : "13921", "pea" : "100,00", "pena" : "0,00", "pesi" : "22,70", "pesni" : "0,00", "pa" : "16,73", "pc" : "83,27", "munnr" : "1", "munpt" : "14", "munf" : "0", "pmunnr" : "6,67", "pmunpt" : "93,33", "pmunf" : "00,00" }, 
{ "and" : "P", "tpabr" : "UF", "cdabr" : "ZZ", "dt" : "02/10/2022", "ht" : "18:40:25", "s" : "1064", "st" : "465", "snt" : "599", "si" : "465", "sni" : "0", "sa" : "465", "sna" : "0", "pst" : "43,70", "psnt" : "56,30", "psi" : "43,70", "psni" : "0,00", "psa" : "100,00", "psna" : "0,00", "e" : "695355", "ea" : "324395", "ena" : "0", "esi" : "324395", "esni" : "0", "c" : "146575", "a" : "177820", "pea" : "100,00", "pena" : "0,00", "pesi" : "46,65", "pesni" : "0,00", "pa" : "54,82", "pc" : "45,18", "munnr" : "115", "munpt" : "13", "munf" : "53", "pmunnr" : "63,54", "pmunpt" : "7,18", "pmunf" : "29,28" }, 
{ "and" : "P", "tpabr" : "UF", "cdabr" : "SP", "dt" : "02/10/2022", "ht" : "18:47:07", "s" : "101073", "st" : "10671", "snt" : "90402", "si" : "10671", "sni" : "0", "sa" : "10671", "sna" : "0", "pst" : "10,56", "psnt" : "89,44", "psi" : "10,56", "psni" : "0,00", "psa" : "100,00", "psna" : "0,00", "e" : "34684927", "ea" : "3405703", "ena" : "0", "esi" : "3405703", "esni" : "0", "c" : "2650177", "a" : "755526", "pea" : "100,00", "pena" : "0,00", "pesi" : "9,82", "pesni" : "0,00", "pa" : "22,18", "pc" : "77,82", "munnr" : "407", "munpt" : "201", "munf" : "37", "pmunnr" : "63,10", "pmunpt" : "31,16", "pmunf" : "5,74" }, 
{ "and" : "P", "tpabr" : "BR", "cdabr" : "BR", "dt" : "02/10/2022", "ht" : "18:47:39", "s" : "472075", "st" : "83405", "snt" : "388670", "si" : "83405", "sni" : "0", "sa" : "83405", "sna" : "0", "pst" : "17,66", "psnt" : "82,34", "psi" : "17,66", "psni" : "0,00", "psa" : "100,00", "psna" : "0,00", "e" : "156454011", "ea" : "25947299", "ena" : "0", "esi" : "25947299", "esni" : "0", "c" : "20572637", "a" : "5374662", "pea" : "100,00", "pena" : "0,00", "pesi" : "16,58", "pesni" : "0,00", "pa" : "20,72", "pc" : "79,28", "ufsnr" : "0", "ufspt" : "28", "ufsf" : "0", "pufsnr" : "00,00", "pufspt" : "100,00", "pufsf" : "00,00" } ] }