
{ "ele" : "544", "t" : "1", "f" : "O", "dg" : "02/10/2022", "hg" : "20:08:06", "abr" : [ 
{ "and" : "P", "tpabr" : "UF", "cdabr" : "AM", "dt" : "02/10/2022", "ht" : "20:06:42", "s" : "7454", "st" : "5907", "snt" : "1547", "si" : "5907", "sni" : "0", "sa" : "5907", "sna" : "0", "pst" : "79,25", "psnt" : "20,75", "psi" : "79,25", "psni" : "0,00", "psa" : "100,00", "psna" : "0,00", "e" : "2646924", "ea" : "2077839", "ena" : "0", "esi" : "2077839", "esni" : "0", "c" : "1681034", "a" : "396805", "pea" : "100,00", "pena" : "0,00", "pesi" : "78,50", "pesni" : "0,00", "pa" : "19,10", "pc" : "80,90", "munnr" : "2", "munpt" : "56", "munf" : "4", "pmunnr" : "3,23", "pmunpt" : "90,32", "pmunf" : "6,45" }, 
{ "and" : "P", "tpabr" : "UF", "cdabr" : "PE", "dt" : "02/10/2022", "ht" : "20:07:05", "s" : "20572", "st" : "11962", "snt" : "8610", "si" : "11962", "sni" : "0", "sa" : "11962", "sna" : "0", "pst" : "58,15", "psnt" : "41,85", "psi" : "58,15", "psni" : "0,00", "psa" : "100,00", "psna" : "0,00", "e" : "7015421", "ea" : "3972360", "ena" : "0", "esi" : "3972360", "esni" : "0", "c" : "3274946", "a" : "697414", "pea" : "100,00", "pena" : "0,00", "pesi" : "56,62", "pesni" : "0,00", "pa" : "17,56", "pc" : "82,44", "munnr" : "45", "munpt" : "129", "munf" : "11", "pmunnr" : "24,32", "pmunpt" : "69,73", "pmunf" : "5,95" }, 
{ "and" : "P", "tpabr" : "UF", "cdabr" : "RN", "dt" : "02/10/2022", "ht" : "20:07:18", "s" : "7674", "st" : "5785", "snt" : "1889", "si" : "5785", "sni" : "0", "sa" : "5785", "sna" : "0", "pst" : "75,38", "psnt" : "24,62", "psi" : "75,38", "psni" : "0,00", "psa" : "100,00", "psna" : "0,00", "e" : "2554716", "ea" : "1876235", "ena" : "0", "esi" : "1876235", "esni" : "0", "c" : "1539149", "a" : "337086", "pea" : "100,00", "pena" : "0,00", "pesi" : "73,44", "pesni" : "0,00", "pa" : "17,97", "pc" : "82,03", "munnr" : "9", "munpt" : "87", "munf" : "71", "pmunnr" : "5,39", "pmunpt" : "52,10", "pmunf" : "42,51" }, 
{ "and" : "P", "tpabr" : "UF", "cdabr" : "MG", "dt" : "02/10/2022", "ht" : "20:06:48", "s" : "49981", "st" : "33325", "snt" : "16656", "si" : "33325", "sni" : "0", "sa" : "33325", "sna" : "0", "pst" : "66,68", "psnt" : "33,32", "psi" : "66,68", "psni" : "0,00", "psa" : "100,00", "psna" : "0,00", "e" : "16283828", "ea" : "10594971", "ena" : "0", "esi" : "10594971", "esni" : "0", "c" : "8245231", "a" : "2349740", "pea" : "100,00", "pena" : "0,00", "pesi" : "65,06", "pesni" : "0,00", "pa" : "22,18", "pc" : "77,82", "munnr" : "251", "munpt" : "293", "munf" : "309", "pmunnr" : "29,43", "pmunpt" : "34,35", "pmunf" : "36,23" }, 
{ "and" : "P", "tpabr" : "UF", "cdabr" : "RO", "dt" : "02/10/2022", "ht" : "20:06:54", "s" : "4198", "st" : "3686", "snt" : "512", "si" : "3686", "sni" : "0", "sa" : "3686", "sna" : "0", "pst" : "87,80", "psnt" : "12,20", "psi" : "87,80", "psni" : "0,00", "psa" : "100,00", "psna" : "0,00", "e" : "1229998", "ea" : "1063293", "ena" : "0", "esi" : "1063293", "esni" : "0", "c" : "804749", "a" : "258544", "pea" : "100,00", "pena" : "0,00", "pesi" : "86,45", "pesni" : "0,00", "pa" : "24,32", "pc" : "75,68", "munnr" : "1", "munpt" : "36", "munf" : "15", "pmunnr" : "1,92", "pmunpt" : "69,23", "pmunf" : "28,85" }, 
{ "and" : "P", "tpabr" : "UF", "cdabr" : "CE", "dt" : "02/10/2022", "ht" : "20:07:10", "s" : "22796", "st" : "14071", "snt" : "8725", "si" : "14071", "sni" : "0", "sa" : "14071", "sna" : "0", "pst" : "61,73", "psnt" : "38,27", "psi" : "61,73", "psni" : "0,00", "psa" : "100,00", "psna" : "0,00", "e" : "6818732", "ea" : "4226218", "ena" : "0", "esi" : "4226218", "esni" : "0", "c" : "3485660", "a" : "740558", "pea" : "100,00", "pena" : "0,00", "pesi" : "61,98", "pesni" : "0,00", "pa" : "17,52", "pc" : "82,48", "munnr" : "24", "munpt" : "145", "munf" : "15", "pmunnr" : "13,04", "pmunpt" : "78,80", "pmunf" : "8,15" }, 
{ "and" : "P", "tpabr" : "UF", "cdabr" : "GO", "dt" : "02/10/2022", "ht" : "20:06:42", "s" : "14620", "st" : "12767", "snt" : "1853", "si" : "12767", "sni" : "0", "sa" : "12767", "sna" : "0", "pst" : "87,33", "psnt" : "12,67", "psi" : "87,33", "psni" : "0,00", "psa" : "100,00", "psna" : "0,00", "e" : "4870292", "ea" : "4239769", "ena" : "0", "esi" : "4239769", "esni" : "0", "c" : "3321172", "a" : "918597", "pea" : "100,00", "pena" : "0,00", "pesi" : "87,05", "pesni" : "0,00", "pa" : "21,67", "pc" : "78,33", "munnr" : "49", "munpt" : "95", "munf" : "102", "pmunnr" : "19,92", "pmunpt" : "38,62", "pmunf" : "41,46" }, 
{ "and" : "P", "tpabr" : "UF", "cdabr" : "MS", "dt" : "02/10/2022", "ht" : "20:06:30", "s" : "6912", "st" : "6854", "snt" : "58", "si" : "6854", "sni" : "0", "sa" : "6854", "sna" : "0", "pst" : "99,16", "psnt" : "0,84", "psi" : "99,16", "psni" : "0,00", "psa" : "100,00", "psna" : "0,00", "e" : "1995932", "ea" : "1979193", "ena" : "0", "esi" : "1979193", "esni" : "0", "c" : "1542505", "a" : "436688", "pea" : "100,00", "pena" : "0,00", "pesi" : "99,16", "pesni" : "0,00", "pa" : "22,06", "pc" : "77,94", "munnr" : "0", "munpt" : "19", "munf" : "60", "pmunnr" : "00,00", "pmunpt" : "24,05", "pmunf" : "75,95" }, 
{ "and" : "P", "tpabr" : "UF", "cdabr" : "MT", "dt" : "02/10/2022", "ht" : "20:06:55", "s" : "7652", "st" : "6861", "snt" : "791", "si" : "6861", "sni" : "0", "sa" : "6861", "sna" : "0", "pst" : "89,66", "psnt" : "10,34", "psi" : "89,66", "psni" : "0,00", "psa" : "100,00", "psna" : "0,00", "e" : "2469604", "ea" : "2200191", "ena" : "0", "esi" : "2200191", "esni" : "0", "c" : "1691094", "a" : "509097", "pea" : "100,00", "pena" : "0,00", "pesi" : "89,09", "pesni" : "0,00", "pa" : "23,14", "pc" : "76,86", "munnr" : "6", "munpt" : "57", "munf" : "78", "pmunnr" : "4,26", "pmunpt" : "40,43", "pmunf" : "55,32" }, 
{ "and" : "P", "tpabr" : "UF", "cdabr" : "SE", "dt" : "02/10/2022", "ht" : "20:07:43", "s" : "5498", "st" : "4852", "snt" : "646", "si" : "4852", "sni" : "0", "sa" : "4852", "sna" : "0", "pst" : "88,25", "psnt" : "11,75", "psi" : "88,25", "psni" : "0,00", "psa" : "100,00", "psna" : "0,00", "e" : "1671376", "ea" : "1457006", "ena" : "0", "esi" : "1457006", "esni" : "0", "c" : "1192045", "a" : "264961", "pea" : "100,00", "pena" : "0,00", "pesi" : "87,17", "pesni" : "0,00", "pa" : "18,19", "pc" : "81,81", "munnr" : "2", "munpt" : "46", "munf" : "27", "pmunnr" : "2,67", "pmunpt" : "61,33", "pmunf" : "36,00" }, 
{ "and" : "P", "tpabr" : "UF", "cdabr" : "DF", "dt" : "02/10/2022", "ht" : "20:07:49", "s" : "6748", "st" : "6719", "snt" : "29", "si" : "6719", "sni" : "0", "sa" : "6719", "sna" : "0", "pst" : "99,57", "psnt" : "0,43", "psi" : "99,57", "psni" : "0,00", "psa" : "100,00", "psna" : "0,00", "e" : "2206996", "ea" : "2197856", "ena" : "0", "esi" : "2197856", "esni" : "0", "c" : "1812709", "a" : "385147", "pea" : "100,00", "pena" : "0,00", "pesi" : "99,59", "pesni" : "0,00", "pa" : "17,52", "pc" : "82,48", "munnr" : "0", "munpt" : "1", "munf" : "0", "pmunnr" : "00,00", "pmunpt" : "100,00", "pmunf" : "00,00" }, 
{ "and" : "P", "tpabr" : "UF", "cdabr" : "ES", "dt" : "02/10/2022", "ht" : "20:07:49", "s" : "9239", "st" : "9177", "snt" : "62", "si" : "9177", "sni" : "0", "sa" : "9177", "sna" : "0", "pst" : "99,33", "psnt" : "0,67", "psi" : "99,33", "psni" : "0,00", "psa" : "100,00", "psna" : "0,00", "e" : "2922379", "ea" : "2902149", "ena" : "0", "esi" : "2902149", "esni" : "0", "c" : "2300300", "a" : "601849", "pea" : "100,00", "pena" : "0,00", "pesi" : "99,31", "pesni" : "0,00", "pa" : "20,74", "pc" : "79,26", "munnr" : "0", "munpt" : "7", "munf" : "71", "pmunnr" : "00,00", "pmunpt" : "8,97", "pmunf" : "91,03" }, 
{ "and" : "P", "tpabr" : "UF", "cdabr" : "MA", "dt" : "02/10/2022", "ht" : "20:07:07", "s" : "16423", "st" : "7270", "snt" : "9153", "si" : "7270", "sni" : "0", "sa" : "7270", "sna" : "0", "pst" : "44,27", "psnt" : "55,73", "psi" : "44,27", "psni" : "0,00", "psa" : "100,00", "psna" : "0,00", "e" : "5039287", "ea" : "2212790", "ena" : "0", "esi" : "2212790", "esni" : "0", "c" : "1750164", "a" : "462626", "pea" : "100,00", "pena" : "0,00", "pesi" : "43,91", "pesni" : "0,00", "pa" : "20,91", "pc" : "79,09", "munnr" : "61", "munpt" : "153", "munf" : "3", "pmunnr" : "28,11", "pmunpt" : "70,51", "pmunf" : "1,38" }, 
{ "and" : "P", "tpabr" : "UF", "cdabr" : "PA", "dt" : "02/10/2022", "ht" : "20:07:43", "s" : "18235", "st" : "13440", "snt" : "4795", "si" : "13440", "sni" : "0", "sa" : "13440", "sna" : "0", "pst" : "73,70", "psnt" : "26,30", "psi" : "73,70", "psni" : "0,00", "psa" : "100,00", "psna" : "0,00", "e" : "6079280", "ea" : "4434980", "ena" : "0", "esi" : "4434980", "esni" : "0", "c" : "3502042", "a" : "932938", "pea" : "100,00", "pena" : "0,00", "pesi" : "72,95", "pesni" : "0,00", "pa" : "21,04", "pc" : "78,96", "munnr" : "0", "munpt" : "138", "munf" : "6", "pmunnr" : "00,00", "pmunpt" : "95,83", "pmunf" : "4,17" }, 
{ "and" : "P", "tpabr" : "UF", "cdabr" : "PI", "dt" : "02/10/2022", "ht" : "20:06:55", "s" : "8963", "st" : "6343", "snt" : "2620", "si" : "6343", "sni" : "0", "sa" : "6343", "sna" : "0", "pst" : "70,77", "psnt" : "29,23", "psi" : "70,77", "psni" : "0,00", "psa" : "100,00", "psna" : "0,00", "e" : "2570433", "ea" : "1784513", "ena" : "0", "esi" : "1784513", "esni" : "0", "c" : "1467994", "a" : "316519", "pea" : "100,00", "pena" : "0,00", "pesi" : "69,42", "pesni" : "0,00", "pa" : "17,74", "pc" : "82,26", "munnr" : "21", "munpt" : "180", "munf" : "23", "pmunnr" : "9,38", "pmunpt" : "80,36", "pmunf" : "10,27" }, 
{ "and" : "P", "tpabr" : "UF", "cdabr" : "RS", "dt" : "02/10/2022", "ht" : "20:06:30", "s" : "27201", "st" : "24626", "snt" : "2575", "si" : "24626", "sni" : "0", "sa" : "24626", "sna" : "0", "pst" : "90,53", "psnt" : "9,47", "psi" : "90,53", "psni" : "0,00", "psa" : "100,00", "psna" : "0,00", "e" : "8589432", "ea" : "7805656", "ena" : "0", "esi" : "7805656", "esni" : "0", "c" : "6254251", "a" : "1551405", "pea" : "100,00", "pena" : "0,00", "pesi" : "90,88", "pesni" : "0,00", "pa" : "19,88", "pc" : "80,12", "munnr" : "54", "munpt" : "123", "munf" : "320", "pmunnr" : "10,87", "pmunpt" : "24,75", "pmunf" : "64,39" }, 
{ "and" : "P", "tpabr" : "UF", "cdabr" : "AC", "dt" : "02/10/2022", "ht" : "20:07:48", "s" : "2124", "st" : "1989", "snt" : "135", "si" : "1989", "sni" : "0", "sa" : "1989", "sna" : "0", "pst" : "93,64", "psnt" : "6,36", "psi" : "93,64", "psni" : "0,00", "psa" : "100,00", "psna" : "0,00", "e" : "587738", "ea" : "550593", "ena" : "0", "esi" : "550593", "esni" : "0", "c" : "427202", "a" : "123391", "pea" : "100,00", "pena" : "0,00", "pesi" : "93,68", "pesni" : "0,00", "pa" : "22,41", "pc" : "77,59", "munnr" : "0", "munpt" : "17", "munf" : "5", "pmunnr" : "00,00", "pmunpt" : "77,27", "pmunf" : "22,73" }, 
{ "and" : "P", "tpabr" : "UF", "cdabr" : "PR", "dt" : "02/10/2022", "ht" : "20:07:53", "s" : "25721", "st" : "24619", "snt" : "1102", "si" : "24619", "sni" : "0", "sa" : "24619", "sna" : "0", "pst" : "95,72", "psnt" : "4,28", "psi" : "95,72", "psni" : "0,00", "psa" : "100,00", "psna" : "0,00", "e" : "8480435", "ea" : "8105654", "ena" : "0", "esi" : "8105654", "esni" : "0", "c" : "6529378", "a" : "1576276", "pea" : "100,00", "pena" : "0,00", "pesi" : "95,58", "pesni" : "0,00", "pa" : "19,45", "pc" : "80,55", "munnr" : "15", "munpt" : "120", "munf" : "264", "pmunnr" : "3,76", "pmunpt" : "30,08", "pmunf" : "66,17" }, 
{ "and" : "P", "tpabr" : "UF", "cdabr" : "SC", "dt" : "02/10/2022", "ht" : "20:07:38", "s" : "16242", "st" : "12973", "snt" : "3269", "si" : "12973", "sni" : "0", "sa" : "12973", "sna" : "0", "pst" : "79,87", "psnt" : "20,13", "psi" : "79,87", "psni" : "0,00", "psa" : "100,00", "psna" : "0,00", "e" : "5501478", "ea" : "4354540", "ena" : "0", "esi" : "4354540", "esni" : "0", "c" : "3565955", "a" : "788585", "pea" : "100,00", "pena" : "0,00", "pesi" : "79,15", "pesni" : "0,00", "pa" : "18,11", "pc" : "81,89", "munnr" : "27", "munpt" : "129", "munf" : "139", "pmunnr" : "9,15", "pmunpt" : "43,73", "pmunf" : "47,12" }, 
{ "and" : "P", "tpabr" : "UF", "cdabr" : "TO", "dt" : "02/10/2022", "ht" : "20:06:34", "s" : "3957", "st" : "3766", "snt" : "191", "si" : "3766", "sni" : "0", "sa" : "3766", "sna" : "0", "pst" : "95,17", "psnt" : "4,83", "psi" : "95,17", "psni" : "0,00", "psa" : "100,00", "psna" : "0,00", "e" : "1094346", "ea" : "1038757", "ena" : "0", "esi" : "1038757", "esni" : "0", "c" : "846575", "a" : "192182", "pea" : "100,00", "pena" : "0,00", "pesi" : "94,92", "pesni" : "0,00", "pa" : "18,50", "pc" : "81,50", "munnr" : "2", "munpt" : "37", "munf" : "100", "pmunnr" : "1,44", "pmunpt" : "26,62", "pmunf" : "71,94" }, 
{ "and" : "P", "tpabr" : "UF", "cdabr" : "AL", "dt" : "02/10/2022", "ht" : "20:07:16", "s" : "6626", "st" : "2110", "snt" : "4516", "si" : "2110", "sni" : "0", "sa" : "2110", "sna" : "0", "pst" : "31,84", "psnt" : "68,16", "psi" : "31,84", "psni" : "0,00", "psa" : "100,00", "psna" : "0,00", "e" : "2326491", "ea" : "681242", "ena" : "0", "esi" : "681242", "esni" : "0", "c" : "532629", "a" : "148613", "pea" : "100,00", "pena" : "0,00", "pesi" : "29,28", "pesni" : "0,00", "pa" : "21,82", "pc" : "78,18", "munnr" : "49", "munpt" : "48", "munf" : "5", "pmunnr" : "48,04", "pmunpt" : "47,06", "pmunf" : "4,90" }, 
{ "and" : "P", "tpabr" : "UF", "cdabr" : "BA", "dt" : "02/10/2022", "ht" : "20:07:04", "s" : "34424", "st" : "18716", "snt" : "15708", "si" : "18716", "sni" : "0", "sa" : "18716", "sna" : "0", "pst" : "54,37", "psnt" : "45,63", "psi" : "54,37", "psni" : "0,00", "psa" : "100,00", "psna" : "0,00", "e" : "11283405", "ea" : "5905758", "ena" : "0", "esi" : "5905758", "esni" : "0", "c" : "4648185", "a" : "1257573", "pea" : "100,00", "pena" : "0,00", "pesi" : "52,34", "pesni" : "0,00", "pa" : "21,29", "pc" : "78,71", "munnr" : "48", "munpt" : "335", "munf" : "34", "pmunnr" : "11,51", "pmunpt" : "80,34", "pmunf" : "8,15" }, 
{ "and" : "P", "tpabr" : "UF", "cdabr" : "PB", "dt" : "02/10/2022", "ht" : "20:06:54", "s" : "9602", "st" : "7869", "snt" : "1733", "si" : "7869", "sni" : "0", "sa" : "7869", "sna" : "0", "pst" : "81,95", "psnt" : "18,05", "psi" : "81,95", "psni" : "0,00", "psa" : "100,00", "psna" : "0,00", "e" : "3092053", "ea" : "2512433", "ena" : "0", "esi" : "2512433", "esni" : "0", "c" : "2085583", "a" : "426850", "pea" : "100,00", "pena" : "0,00", "pesi" : "81,25", "pesni" : "0,00", "pa" : "16,99", "pc" : "83,01", "munnr" : "30", "munpt" : "97", "munf" : "96", "pmunnr" : "13,45", "pmunpt" : "43,50", "pmunf" : "43,05" }, 
{ "and" : "P", "tpabr" : "UF", "cdabr" : "AP", "dt" : "02/10/2022", "ht" : "20:07:48", "s" : "1740", "st" : "1520", "snt" : "220", "si" : "1520", "sni" : "0", "sa" : "1520", "sna" : "0", "pst" : "87,36", "psnt" : "12,64", "psi" : "87,36", "psni" : "0,00", "psa" : "100,00", "psna" : "0,00", "e" : "550165", "ea" : "472529", "ena" : "0", "esi" : "472529", "esni" : "0", "c" : "379764", "a" : "92765", "pea" : "100,00", "pena" : "0,00", "pesi" : "85,89", "pesni" : "0,00", "pa" : "19,63", "pc" : "80,37", "munnr" : "1", "munpt" : "11", "munf" : "4", "pmunnr" : "6,25", "pmunpt" : "68,75", "pmunf" : "25,00" }, 
{ "and" : "P", "tpabr" : "UF", "cdabr" : "RJ", "dt" : "02/10/2022", "ht" : "20:06:35", "s" : "34068", "st" : "19522", "snt" : "14546", "si" : "19522", "sni" : "0", "sa" : "19522", "sna" : "0", "pst" : "57,30", "psnt" : "42,70", "psi" : "57,30", "psni" : "0,00", "psa" : "100,00", "psna" : "0,00", "e" : "12826356", "ea" : "7040261", "ena" : "0", "esi" : "7040261", "esni" : "0", "c" : "5431449", "a" : "1608812", "pea" : "100,00", "pena" : "0,00", "pesi" : "54,89", "pesni" : "0,00", "pa" : "22,85", "pc" : "77,15", "munnr" : "5", "munpt" : "79", "munf" : "8", "pmunnr" : "5,43", "pmunpt" : "85,87", "pmunf" : "8,70" }, 
{ "and" : "P", "tpabr" : "UF", "cdabr" : "RR", "dt" : "02/10/2022", "ht" : "20:07:51", "s" : "1268", "st" : "1194", "snt" : "74", "si" : "1194", "sni" : "0", "sa" : "1194", "sna" : "0", "pst" : "94,16", "psnt" : "5,84", "psi" : "94,16", "psni" : "0,00", "psa" : "100,00", "psna" : "0,00", "e" : "366632", "ea" : "342720", "ena" : "0", "esi" : "342720", "esni" : "0", "c" : "285808", "a" : "56912", "pea" : "100,00", "pena" : "0,00", "pesi" : "93,48", "pesni" : "0,00", "pa" : "16,61", "pc" : "83,39", "munnr" : "0", "munpt" : "10", "munf" : "5", "pmunnr" : "00,00", "pmunpt" : "66,67", "pmunf" : "33,33" }, 
{ "and" : "P", "tpabr" : "UF", "cdabr" : "ZZ", "dt" : "02/10/2022", "ht" : "20:07:52", "s" : "1064", "st" : "598", "snt" : "466", "si" : "591", "sni" : "7", "sa" : "591", "sna" : "0", "pst" : "56,20", "psnt" : "43,80", "psi" : "55,55", "psni" : "44,45", "psa" : "100,00", "psna" : "0,00", "e" : "695355", "ea" : "413775", "ena" : "0", "esi" : "413775", "esni" : "41", "c" : "187561", "a" : "226214", "pea" : "100,00", "pena" : "0,00", "pesi" : "59,51", "pesni" : "99,99", "pa" : "54,67", "pc" : "45,33", "munnr" : "90", "munpt" : "20", "munf" : "71", "pmunnr" : "49,72", "pmunpt" : "11,05", "pmunf" : "39,23" }, 
{ "and" : "P", "tpabr" : "UF", "cdabr" : "SP", "dt" : "02/10/2022", "ht" : "20:06:32", "s" : "101073", "st" : "78264", "snt" : "22809", "si" : "78264", "sni" : "0", "sa" : "78264", "sna" : "0", "pst" : "77,43", "psnt" : "22,57", "psi" : "77,43", "psni" : "0,00", "psa" : "100,00", "psna" : "0,00", "e" : "34684927", "ea" : "26561397", "ena" : "0", "esi" : "26561397", "esni" : "0", "c" : "20782598", "a" : "5778799", "pea" : "100,00", "pena" : "0,00", "pesi" : "76,58", "pesni" : "0,00", "pa" : "21,76", "pc" : "78,24", "munnr" : "75", "munpt" : "155", "munf" : "415", "pmunnr" : "11,63", "pmunpt" : "24,03", "pmunf" : "64,34" }, 
{ "and" : "P", "tpabr" : "BR", "cdabr" : "BR", "dt" : "02/10/2022", "ht" : "20:07:53", "s" : "472075", "st" : "346785", "snt" : "125290", "si" : "346778", "sni" : "7", "sa" : "346778", "sna" : "0", "pst" : "73,45", "psnt" : "26,55", "psi" : "73,45", "psni" : "26,55", "psa" : "100,00", "psna" : "0,00", "e" : "156454011", "ea" : "113004678", "ena" : "0", "esi" : "113004678", "esni" : "41", "c" : "89567732", "a" : "23436946", "pea" : "100,00", "pena" : "0,00", "pesi" : "72,22", "pesni" : "100,00", "pa" : "20,74", "pc" : "79,26", "ufsnr" : "0", "ufspt" : "28", "ufsf" : "0", "pufsnr" : "00,00", "pufspt" : "100,00", "pufsf" : "00,00" } ] }