
{ "ele" : "544", "t" : "1", "f" : "O", "dg" : "02/10/2022", "hg" : "20:43:43", "abr" : [ 
{ "and" : "P", "tpabr" : "UF", "cdabr" : "AM", "dt" : "02/10/2022", "ht" : "20:43:07", "s" : "7454", "st" : "7005", "snt" : "449", "si" : "7005", "sni" : "0", "sa" : "7005", "sna" : "0", "pst" : "93,98", "psnt" : "6,02", "psi" : "93,98", "psni" : "0,00", "psa" : "100,00", "psna" : "0,00", "e" : "2646924", "ea" : "2477192", "ena" : "0", "esi" : "2477192", "esni" : "0", "c" : "1984133", "a" : "493059", "pea" : "100,00", "pena" : "0,00", "pesi" : "93,59", "pesni" : "0,00", "pa" : "19,90", "pc" : "80,10", "munnr" : "0", "munpt" : "42", "munf" : "20", "pmunnr" : "00,00", "pmunpt" : "67,74", "pmunf" : "32,26" }, 
{ "and" : "P", "tpabr" : "UF", "cdabr" : "PE", "dt" : "02/10/2022", "ht" : "20:42:19", "s" : "20572", "st" : "18139", "snt" : "2433", "si" : "18139", "sni" : "0", "sa" : "18139", "sna" : "0", "pst" : "88,17", "psnt" : "11,83", "psi" : "88,17", "psni" : "0,00", "psa" : "100,00", "psna" : "0,00", "e" : "7015421", "ea" : "6168633", "ena" : "0", "esi" : "6168633", "esni" : "0", "c" : "5066093", "a" : "1102540", "pea" : "100,00", "pena" : "0,00", "pesi" : "87,93", "pesni" : "0,00", "pa" : "17,87", "pc" : "82,13", "munnr" : "15", "munpt" : "98", "munf" : "72", "pmunnr" : "8,11", "pmunpt" : "52,97", "pmunf" : "38,92" }, 
{ "and" : "P", "tpabr" : "UF", "cdabr" : "RN", "dt" : "02/10/2022", "ht" : "20:42:17", "s" : "7674", "st" : "7319", "snt" : "355", "si" : "7319", "sni" : "0", "sa" : "7319", "sna" : "0", "pst" : "95,37", "psnt" : "4,63", "psi" : "95,37", "psni" : "0,00", "psa" : "100,00", "psna" : "0,00", "e" : "2554716", "ea" : "2431164", "ena" : "0", "esi" : "2431164", "esni" : "0", "c" : "1990168", "a" : "440996", "pea" : "100,00", "pena" : "0,00", "pesi" : "95,16", "pesni" : "0,00", "pa" : "18,14", "pc" : "81,86", "munnr" : "1", "munpt" : "44", "munf" : "122", "pmunnr" : "0,60", "pmunpt" : "26,35", "pmunf" : "73,05" }, 
{ "and" : "P", "tpabr" : "UF", "cdabr" : "MG", "dt" : "02/10/2022", "ht" : "20:43:12", "s" : "49981", "st" : "45817", "snt" : "4164", "si" : "45817", "sni" : "0", "sa" : "45817", "sna" : "0", "pst" : "91,67", "psnt" : "8,33", "psi" : "91,67", "psni" : "0,00", "psa" : "100,00", "psna" : "0,00", "e" : "16283828", "ea" : "14861155", "ena" : "0", "esi" : "14861155", "esni" : "0", "c" : "11561251", "a" : "3299904", "pea" : "100,00", "pena" : "0,00", "pesi" : "91,26", "pesni" : "0,00", "pa" : "22,20", "pc" : "77,80", "munnr" : "77", "munpt" : "132", "munf" : "644", "pmunnr" : "9,03", "pmunpt" : "15,47", "pmunf" : "75,50" }, 
{ "and" : "P", "tpabr" : "UF", "cdabr" : "RO", "dt" : "02/10/2022", "ht" : "20:43:11", "s" : "4198", "st" : "4134", "snt" : "64", "si" : "4134", "sni" : "0", "sa" : "4134", "sna" : "0", "pst" : "98,48", "psnt" : "1,52", "psi" : "98,48", "psni" : "0,00", "psa" : "100,00", "psna" : "0,00", "e" : "1229998", "ea" : "1207533", "ena" : "0", "esi" : "1207533", "esni" : "0", "c" : "910602", "a" : "296931", "pea" : "100,00", "pena" : "0,00", "pesi" : "98,17", "pesni" : "0,00", "pa" : "24,59", "pc" : "75,41", "munnr" : "0", "munpt" : "13", "munf" : "39", "pmunnr" : "00,00", "pmunpt" : "25,00", "pmunf" : "75,00" }, 
{ "and" : "P", "tpabr" : "UF", "cdabr" : "CE", "dt" : "02/10/2022", "ht" : "20:43:07", "s" : "22796", "st" : "20086", "snt" : "2710", "si" : "20086", "sni" : "0", "sa" : "20086", "sna" : "0", "pst" : "88,11", "psnt" : "11,89", "psi" : "88,11", "psni" : "0,00", "psa" : "100,00", "psna" : "0,00", "e" : "6818732", "ea" : "6039304", "ena" : "0", "esi" : "6039304", "esni" : "0", "c" : "4984223", "a" : "1055081", "pea" : "100,00", "pena" : "0,00", "pesi" : "88,57", "pesni" : "0,00", "pa" : "17,47", "pc" : "82,53", "munnr" : "10", "munpt" : "110", "munf" : "64", "pmunnr" : "5,43", "pmunpt" : "59,78", "pmunf" : "34,78" }, 
{ "and" : "P", "tpabr" : "UF", "cdabr" : "GO", "dt" : "02/10/2022", "ht" : "20:43:08", "s" : "14620", "st" : "14374", "snt" : "246", "si" : "14374", "sni" : "0", "sa" : "14374", "sna" : "0", "pst" : "98,32", "psnt" : "1,68", "psi" : "98,32", "psni" : "0,00", "psa" : "100,00", "psna" : "0,00", "e" : "4870292", "ea" : "4786334", "ena" : "0", "esi" : "4786334", "esni" : "0", "c" : "3748447", "a" : "1037887", "pea" : "100,00", "pena" : "0,00", "pesi" : "98,28", "pesni" : "0,00", "pa" : "21,68", "pc" : "78,32", "munnr" : "6", "munpt" : "28", "munf" : "212", "pmunnr" : "2,44", "pmunpt" : "11,38", "pmunf" : "86,18" }, 
{ "and" : "P", "tpabr" : "UF", "cdabr" : "MS", "dt" : "02/10/2022", "ht" : "20:35:53", "s" : "6912", "st" : "6906", "snt" : "6", "si" : "6906", "sni" : "0", "sa" : "6906", "sna" : "0", "pst" : "99,91", "psnt" : "0,09", "psi" : "99,91", "psni" : "0,00", "psa" : "100,00", "psna" : "0,00", "e" : "1995932", "ea" : "1994312", "ena" : "0", "esi" : "1994312", "esni" : "0", "c" : "1553779", "a" : "440533", "pea" : "100,00", "pena" : "0,00", "pesi" : "99,92", "pesni" : "0,00", "pa" : "22,09", "pc" : "77,91", "munnr" : "0", "munpt" : "4", "munf" : "75", "pmunnr" : "00,00", "pmunpt" : "5,06", "pmunf" : "94,94" }, 
{ "and" : "P", "tpabr" : "UF", "cdabr" : "MT", "dt" : "02/10/2022", "ht" : "20:43:08", "s" : "7652", "st" : "7515", "snt" : "137", "si" : "7515", "sni" : "0", "sa" : "7515", "sna" : "0", "pst" : "98,21", "psnt" : "1,79", "psi" : "98,21", "psni" : "0,00", "psa" : "100,00", "psna" : "0,00", "e" : "2469604", "ea" : "2424532", "ena" : "0", "esi" : "2424532", "esni" : "0", "c" : "1858782", "a" : "565750", "pea" : "100,00", "pena" : "0,00", "pesi" : "98,17", "pesni" : "0,00", "pa" : "23,33", "pc" : "76,67", "munnr" : "2", "munpt" : "20", "munf" : "119", "pmunnr" : "1,42", "pmunpt" : "14,18", "pmunf" : "84,40" }, 
{ "and" : "P", "tpabr" : "UF", "cdabr" : "SE", "dt" : "02/10/2022", "ht" : "20:43:12", "s" : "5498", "st" : "5403", "snt" : "95", "si" : "5403", "sni" : "0", "sa" : "5403", "sna" : "0", "pst" : "98,27", "psnt" : "1,73", "psi" : "98,27", "psni" : "0,00", "psa" : "100,00", "psna" : "0,00", "e" : "1671376", "ea" : "1638247", "ena" : "0", "esi" : "1638247", "esni" : "0", "c" : "1337721", "a" : "300526", "pea" : "100,00", "pena" : "0,00", "pesi" : "98,02", "pesni" : "0,00", "pa" : "18,34", "pc" : "81,66", "munnr" : "0", "munpt" : "14", "munf" : "61", "pmunnr" : "00,00", "pmunpt" : "18,67", "pmunf" : "81,33" }, 
{ "and" : "F", "tpabr" : "UF", "cdabr" : "DF", "dt" : "02/10/2022", "ht" : "20:36:59", "s" : "6748", "st" : "6748", "snt" : "0", "si" : "6748", "sni" : "0", "sa" : "6748", "sna" : "0", "pst" : "100,00", "psnt" : "0,00", "psi" : "100,00", "psni" : "0,00", "psa" : "100,00", "psna" : "0,00", "e" : "2206996", "ea" : "2206996", "ena" : "0", "esi" : "2206996", "esni" : "0", "c" : "1819900", "a" : "387096", "pea" : "100,00", "pena" : "0,00", "pesi" : "100,00", "pesni" : "0,00", "pa" : "17,54", "pc" : "82,46", "munnr" : "0", "munpt" : "0", "munf" : "1", "pmunnr" : "00,00", "pmunpt" : "00,00", "pmunf" : "100,00" }, 
{ "and" : "F", "tpabr" : "UF", "cdabr" : "ES", "dt" : "02/10/2022", "ht" : "20:41:59", "s" : "9239", "st" : "9239", "snt" : "0", "si" : "9239", "sni" : "0", "sa" : "9239", "sna" : "0", "pst" : "100,00", "psnt" : "0,00", "psi" : "100,00", "psni" : "0,00", "psa" : "100,00", "psna" : "0,00", "e" : "2922379", "ea" : "2922379", "ena" : "0", "esi" : "2922379", "esni" : "0", "c" : "2315889", "a" : "606490", "pea" : "100,00", "pena" : "0,00", "pesi" : "100,00", "pesni" : "0,00", "pa" : "20,75", "pc" : "79,25", "munnr" : "0", "munpt" : "0", "munf" : "78", "pmunnr" : "00,00", "pmunpt" : "00,00", "pmunf" : "100,00" }, 
{ "and" : "P", "tpabr" : "UF", "cdabr" : "MA", "dt" : "02/10/2022", "ht" : "20:42:30", "s" : "16423", "st" : "11394", "snt" : "5029", "si" : "11394", "sni" : "0", "sa" : "11394", "sna" : "0", "pst" : "69,38", "psnt" : "30,62", "psi" : "69,38", "psni" : "0,00", "psa" : "100,00", "psna" : "0,00", "e" : "5039287", "ea" : "3510059", "ena" : "0", "esi" : "3510059", "esni" : "0", "c" : "2755612", "a" : "754447", "pea" : "100,00", "pena" : "0,00", "pesi" : "69,65", "pesni" : "0,00", "pa" : "21,49", "pc" : "78,51", "munnr" : "38", "munpt" : "147", "munf" : "32", "pmunnr" : "17,51", "pmunpt" : "67,74", "pmunf" : "14,75" }, 
{ "and" : "P", "tpabr" : "UF", "cdabr" : "PA", "dt" : "02/10/2022", "ht" : "20:42:29", "s" : "18235", "st" : "16739", "snt" : "1496", "si" : "16739", "sni" : "0", "sa" : "16739", "sna" : "0", "pst" : "91,80", "psnt" : "8,20", "psi" : "91,80", "psni" : "0,00", "psa" : "100,00", "psna" : "0,00", "e" : "6079280", "ea" : "5570701", "ena" : "0", "esi" : "5570701", "esni" : "0", "c" : "4386949", "a" : "1183752", "pea" : "100,00", "pena" : "0,00", "pesi" : "91,63", "pesni" : "0,00", "pa" : "21,25", "pc" : "78,75", "munnr" : "0", "munpt" : "113", "munf" : "31", "pmunnr" : "00,00", "pmunpt" : "78,47", "pmunf" : "21,53" }, 
{ "and" : "P", "tpabr" : "UF", "cdabr" : "PI", "dt" : "02/10/2022", "ht" : "20:43:09", "s" : "8963", "st" : "7997", "snt" : "966", "si" : "7997", "sni" : "0", "sa" : "7997", "sna" : "0", "pst" : "89,22", "psnt" : "10,78", "psi" : "89,22", "psni" : "0,00", "psa" : "100,00", "psna" : "0,00", "e" : "2570433", "ea" : "2286464", "ena" : "0", "esi" : "2286464", "esni" : "0", "c" : "1881095", "a" : "405369", "pea" : "100,00", "pena" : "0,00", "pesi" : "88,95", "pesni" : "0,00", "pa" : "17,73", "pc" : "82,27", "munnr" : "9", "munpt" : "131", "munf" : "84", "pmunnr" : "4,02", "pmunpt" : "58,48", "pmunf" : "37,50" }, 
{ "and" : "P", "tpabr" : "UF", "cdabr" : "RS", "dt" : "02/10/2022", "ht" : "20:43:10", "s" : "27201", "st" : "26739", "snt" : "462", "si" : "26739", "sni" : "0", "sa" : "26739", "sna" : "0", "pst" : "98,30", "psnt" : "1,70", "psi" : "98,30", "psni" : "0,00", "psa" : "100,00", "psna" : "0,00", "e" : "8589432", "ea" : "8434073", "ena" : "0", "esi" : "8434073", "esni" : "0", "c" : "6766064", "a" : "1668009", "pea" : "100,00", "pena" : "0,00", "pesi" : "98,19", "pesni" : "0,00", "pa" : "19,78", "pc" : "80,22", "munnr" : "6", "munpt" : "28", "munf" : "463", "pmunnr" : "1,21", "pmunpt" : "5,63", "pmunf" : "93,16" }, 
{ "and" : "P", "tpabr" : "UF", "cdabr" : "AC", "dt" : "02/10/2022", "ht" : "20:41:59", "s" : "2124", "st" : "2070", "snt" : "54", "si" : "2070", "sni" : "0", "sa" : "2070", "sna" : "0", "pst" : "97,46", "psnt" : "2,54", "psi" : "97,46", "psni" : "0,00", "psa" : "100,00", "psna" : "0,00", "e" : "587738", "ea" : "572513", "ena" : "0", "esi" : "572513", "esni" : "0", "c" : "444446", "a" : "128067", "pea" : "100,00", "pena" : "0,00", "pesi" : "97,41", "pesni" : "0,00", "pa" : "22,37", "pc" : "77,63", "munnr" : "0", "munpt" : "8", "munf" : "14", "pmunnr" : "00,00", "pmunpt" : "36,36", "pmunf" : "63,64" }, 
{ "and" : "P", "tpabr" : "UF", "cdabr" : "PR", "dt" : "02/10/2022", "ht" : "20:43:09", "s" : "25721", "st" : "25515", "snt" : "206", "si" : "25515", "sni" : "0", "sa" : "25515", "sna" : "0", "pst" : "99,20", "psnt" : "0,80", "psi" : "99,20", "psni" : "0,00", "psa" : "100,00", "psna" : "0,00", "e" : "8480435", "ea" : "8411501", "ena" : "0", "esi" : "8411501", "esni" : "0", "c" : "6775000", "a" : "1636501", "pea" : "100,00", "pena" : "0,00", "pesi" : "99,19", "pesni" : "0,00", "pa" : "19,46", "pc" : "80,54", "munnr" : "2", "munpt" : "38", "munf" : "359", "pmunnr" : "0,50", "pmunpt" : "9,52", "pmunf" : "89,97" }, 
{ "and" : "P", "tpabr" : "UF", "cdabr" : "SC", "dt" : "02/10/2022", "ht" : "20:43:12", "s" : "16242", "st" : "15893", "snt" : "349", "si" : "15893", "sni" : "0", "sa" : "15893", "sna" : "0", "pst" : "97,85", "psnt" : "2,15", "psi" : "97,85", "psni" : "0,00", "psa" : "100,00", "psna" : "0,00", "e" : "5501478", "ea" : "5377378", "ena" : "0", "esi" : "5377378", "esni" : "0", "c" : "4386186", "a" : "991192", "pea" : "100,00", "pena" : "0,00", "pesi" : "97,74", "pesni" : "0,00", "pa" : "18,43", "pc" : "81,57", "munnr" : "2", "munpt" : "29", "munf" : "264", "pmunnr" : "0,68", "pmunpt" : "9,83", "pmunf" : "89,49" }, 
{ "and" : "P", "tpabr" : "UF", "cdabr" : "TO", "dt" : "02/10/2022", "ht" : "20:43:12", "s" : "3957", "st" : "3932", "snt" : "25", "si" : "3932", "sni" : "0", "sa" : "3932", "sna" : "0", "pst" : "99,37", "psnt" : "0,63", "psi" : "99,37", "psni" : "0,00", "psa" : "100,00", "psna" : "0,00", "e" : "1094346", "ea" : "1086828", "ena" : "0", "esi" : "1086828", "esni" : "0", "c" : "885406", "a" : "201422", "pea" : "100,00", "pena" : "0,00", "pesi" : "99,31", "pesni" : "0,00", "pa" : "18,53", "pc" : "81,47", "munnr" : "0", "munpt" : "8", "munf" : "131", "pmunnr" : "00,00", "pmunpt" : "5,76", "pmunf" : "94,24" }, 
{ "and" : "P", "tpabr" : "UF", "cdabr" : "AL", "dt" : "02/10/2022", "ht" : "20:42:30", "s" : "6626", "st" : "4229", "snt" : "2397", "si" : "4229", "sni" : "0", "sa" : "4229", "sna" : "0", "pst" : "63,82", "psnt" : "36,18", "psi" : "63,82", "psni" : "0,00", "psa" : "100,00", "psna" : "0,00", "e" : "2326491", "ea" : "1428168", "ena" : "0", "esi" : "1428168", "esni" : "0", "c" : "1113426", "a" : "314742", "pea" : "100,00", "pena" : "0,00", "pesi" : "61,39", "pesni" : "0,00", "pa" : "22,04", "pc" : "77,96", "munnr" : "28", "munpt" : "44", "munf" : "30", "pmunnr" : "27,45", "pmunpt" : "43,14", "pmunf" : "29,41" }, 
{ "and" : "P", "tpabr" : "UF", "cdabr" : "BA", "dt" : "02/10/2022", "ht" : "20:42:20", "s" : "34424", "st" : "28921", "snt" : "5503", "si" : "28921", "sni" : "0", "sa" : "28921", "sna" : "0", "pst" : "84,01", "psnt" : "15,99", "psi" : "84,01", "psni" : "0,00", "psa" : "100,00", "psna" : "0,00", "e" : "11283405", "ea" : "9432112", "ena" : "0", "esi" : "9432112", "esni" : "0", "c" : "7438408", "a" : "1993704", "pea" : "100,00", "pena" : "0,00", "pesi" : "83,59", "pesni" : "0,00", "pa" : "21,14", "pc" : "78,86", "munnr" : "20", "munpt" : "257", "munf" : "140", "pmunnr" : "4,80", "pmunpt" : "61,63", "pmunf" : "33,57" }, 
{ "and" : "P", "tpabr" : "UF", "cdabr" : "PB", "dt" : "02/10/2022", "ht" : "20:43:09", "s" : "9602", "st" : "9411", "snt" : "191", "si" : "9411", "sni" : "0", "sa" : "9411", "sna" : "0", "pst" : "98,01", "psnt" : "1,99", "psi" : "98,01", "psni" : "0,00", "psa" : "100,00", "psna" : "0,00", "e" : "3092053", "ea" : "3028104", "ena" : "0", "esi" : "3028104", "esni" : "0", "c" : "2505684", "a" : "522420", "pea" : "100,00", "pena" : "0,00", "pesi" : "97,93", "pesni" : "0,00", "pa" : "17,25", "pc" : "82,75", "munnr" : "2", "munpt" : "27", "munf" : "194", "pmunnr" : "0,90", "pmunpt" : "12,11", "pmunf" : "87,00" }, 
{ "and" : "P", "tpabr" : "UF", "cdabr" : "AP", "dt" : "02/10/2022", "ht" : "20:43:07", "s" : "1740", "st" : "1706", "snt" : "34", "si" : "1706", "sni" : "0", "sa" : "1706", "sna" : "0", "pst" : "98,05", "psnt" : "1,95", "psi" : "98,05", "psni" : "0,00", "psa" : "100,00", "psna" : "0,00", "e" : "550165", "ea" : "538765", "ena" : "0", "esi" : "538765", "esni" : "0", "c" : "433383", "a" : "105382", "pea" : "100,00", "pena" : "0,00", "pesi" : "97,93", "pesni" : "0,00", "pa" : "19,56", "pc" : "80,44", "munnr" : "0", "munpt" : "7", "munf" : "9", "pmunnr" : "00,00", "pmunpt" : "43,75", "pmunf" : "56,25" }, 
{ "and" : "P", "tpabr" : "UF", "cdabr" : "RJ", "dt" : "02/10/2022", "ht" : "20:42:01", "s" : "34068", "st" : "31109", "snt" : "2959", "si" : "31109", "sni" : "0", "sa" : "31109", "sna" : "0", "pst" : "91,31", "psnt" : "8,69", "psi" : "91,31", "psni" : "0,00", "psa" : "100,00", "psna" : "0,00", "e" : "12826356", "ea" : "11648524", "ena" : "0", "esi" : "11648524", "esni" : "0", "c" : "9003273", "a" : "2645251", "pea" : "100,00", "pena" : "0,00", "pesi" : "90,82", "pesni" : "0,00", "pa" : "22,71", "pc" : "77,29", "munnr" : "3", "munpt" : "48", "munf" : "41", "pmunnr" : "3,26", "pmunpt" : "52,17", "pmunf" : "44,57" }, 
{ "and" : "P", "tpabr" : "UF", "cdabr" : "RR", "dt" : "02/10/2022", "ht" : "20:38:31", "s" : "1268", "st" : "1262", "snt" : "6", "si" : "1262", "sni" : "0", "sa" : "1262", "sna" : "0", "pst" : "99,53", "psnt" : "0,47", "psi" : "99,53", "psni" : "0,00", "psa" : "100,00", "psna" : "0,00", "e" : "366632", "ea" : "364763", "ena" : "0", "esi" : "364763", "esni" : "0", "c" : "303796", "a" : "60967", "pea" : "100,00", "pena" : "0,00", "pesi" : "99,49", "pesni" : "0,00", "pa" : "16,71", "pc" : "83,29", "munnr" : "0", "munpt" : "4", "munf" : "11", "pmunnr" : "00,00", "pmunpt" : "26,67", "pmunf" : "73,33" }, 
{ "and" : "P", "tpabr" : "UF", "cdabr" : "ZZ", "dt" : "02/10/2022", "ht" : "20:38:33", "s" : "1064", "st" : "815", "snt" : "249", "si" : "772", "sni" : "43", "sa" : "772", "sna" : "0", "pst" : "76,60", "psnt" : "23,40", "psi" : "72,56", "psni" : "27,44", "psa" : "100,00", "psna" : "0,00", "e" : "695355", "ea" : "539129", "ena" : "0", "esi" : "539129", "esni" : "557", "c" : "238661", "a" : "300468", "pea" : "100,00", "pena" : "0,00", "pesi" : "77,53", "pesni" : "99,92", "pa" : "55,73", "pc" : "44,27", "munnr" : "44", "munpt" : "24", "munf" : "113", "pmunnr" : "24,31", "pmunpt" : "13,26", "pmunf" : "62,43" }, 
{ "and" : "P", "tpabr" : "UF", "cdabr" : "SP", "dt" : "02/10/2022", "ht" : "20:42:06", "s" : "101073", "st" : "97179", "snt" : "3894", "si" : "97179", "sni" : "0", "sa" : "97179", "sna" : "0", "pst" : "96,15", "psnt" : "3,85", "psi" : "96,15", "psni" : "0,00", "psa" : "100,00", "psna" : "0,00", "e" : "34684927", "ea" : "33303450", "ena" : "0", "esi" : "33303450", "esni" : "0", "c" : "26092217", "a" : "7211233", "pea" : "100,00", "pena" : "0,00", "pesi" : "96,02", "pesni" : "0,00", "pa" : "21,65", "pc" : "78,35", "munnr" : "16", "munpt" : "60", "munf" : "569", "pmunnr" : "2,48", "pmunpt" : "9,30", "pmunf" : "88,22" }, 
{ "and" : "P", "tpabr" : "BR", "cdabr" : "BR", "dt" : "02/10/2022", "ht" : "20:43:12", "s" : "472075", "st" : "437596", "snt" : "34479", "si" : "437553", "sni" : "43", "sa" : "437553", "sna" : "0", "pst" : "92,69", "psnt" : "7,31", "psi" : "92,68", "psni" : "7,32", "psa" : "100,00", "psna" : "0,00", "e" : "156454011", "ea" : "144690313", "ena" : "0", "esi" : "144690313", "esni" : "557", "c" : "114540594", "a" : "30149719", "pea" : "100,00", "pena" : "0,00", "pesi" : "92,48", "pesni" : "100,00", "pa" : "20,84", "pc" : "79,16", "ufsnr" : "0", "ufspt" : "26", "ufsf" : "2", "pufsnr" : "00,00", "pufspt" : "92,86", "pufsf" : "7,14" } ] }