
{ "ele" : "544", "t" : "1", "f" : "O", "dg" : "02/10/2022", "hg" : "21:03:56", "abr" : [ 
{ "and" : "P", "tpabr" : "UF", "cdabr" : "AM", "dt" : "02/10/2022", "ht" : "21:02:49", "s" : "7454", "st" : "7112", "snt" : "342", "si" : "7111", "sni" : "1", "sa" : "7111", "sna" : "0", "pst" : "95,41", "psnt" : "4,59", "psi" : "95,40", "psni" : "4,60", "psa" : "100,00", "psna" : "0,00", "e" : "2646924", "ea" : "2517676", "ena" : "0", "esi" : "2517676", "esni" : "84", "c" : "2014976", "a" : "502700", "pea" : "100,00", "pena" : "0,00", "pesi" : "95,12", "pesni" : "100,00", "pa" : "19,97", "pc" : "80,03", "munnr" : "0", "munpt" : "37", "munf" : "25", "pmunnr" : "00,00", "pmunpt" : "59,68", "pmunf" : "40,32" }, 
{ "and" : "P", "tpabr" : "UF", "cdabr" : "PE", "dt" : "02/10/2022", "ht" : "21:03:00", "s" : "20572", "st" : "19269", "snt" : "1303", "si" : "19269", "sni" : "0", "sa" : "19269", "sna" : "0", "pst" : "93,67", "psnt" : "6,33", "psi" : "93,67", "psni" : "0,00", "psa" : "100,00", "psna" : "0,00", "e" : "7015421", "ea" : "6566195", "ena" : "0", "esi" : "6566195", "esni" : "0", "c" : "5382651", "a" : "1183544", "pea" : "100,00", "pena" : "0,00", "pesi" : "93,60", "pesni" : "0,00", "pa" : "18,02", "pc" : "81,98", "munnr" : "8", "munpt" : "74", "munf" : "103", "pmunnr" : "4,32", "pmunpt" : "40,00", "pmunf" : "55,68" }, 
{ "and" : "P", "tpabr" : "UF", "cdabr" : "RN", "dt" : "02/10/2022", "ht" : "21:02:53", "s" : "7674", "st" : "7506", "snt" : "168", "si" : "7506", "sni" : "0", "sa" : "7506", "sna" : "0", "pst" : "97,81", "psnt" : "2,19", "psi" : "97,81", "psni" : "0,00", "psa" : "100,00", "psna" : "0,00", "e" : "2554716", "ea" : "2497333", "ena" : "0", "esi" : "2497333", "esni" : "0", "c" : "2044130", "a" : "453203", "pea" : "100,00", "pena" : "0,00", "pesi" : "97,75", "pesni" : "0,00", "pa" : "18,15", "pc" : "81,85", "munnr" : "0", "munpt" : "32", "munf" : "135", "pmunnr" : "00,00", "pmunpt" : "19,16", "pmunf" : "80,84" }, 
{ "and" : "P", "tpabr" : "UF", "cdabr" : "MG", "dt" : "02/10/2022", "ht" : "21:02:53", "s" : "49981", "st" : "47419", "snt" : "2562", "si" : "47419", "sni" : "0", "sa" : "47419", "sna" : "0", "pst" : "94,87", "psnt" : "5,13", "psi" : "94,87", "psni" : "0,00", "psa" : "100,00", "psna" : "0,00", "e" : "16283828", "ea" : "15418900", "ena" : "0", "esi" : "15418900", "esni" : "0", "c" : "11994764", "a" : "3424136", "pea" : "100,00", "pena" : "0,00", "pesi" : "94,69", "pesni" : "0,00", "pa" : "22,21", "pc" : "77,79", "munnr" : "48", "munpt" : "101", "munf" : "704", "pmunnr" : "5,63", "pmunpt" : "11,84", "pmunf" : "82,53" }, 
{ "and" : "P", "tpabr" : "UF", "cdabr" : "RO", "dt" : "02/10/2022", "ht" : "21:01:44", "s" : "4198", "st" : "4154", "snt" : "44", "si" : "4154", "sni" : "0", "sa" : "4154", "sna" : "0", "pst" : "98,95", "psnt" : "1,05", "psi" : "98,95", "psni" : "0,00", "psa" : "100,00", "psna" : "0,00", "e" : "1229998", "ea" : "1214893", "ena" : "0", "esi" : "1214893", "esni" : "0", "c" : "915774", "a" : "299119", "pea" : "100,00", "pena" : "0,00", "pesi" : "98,77", "pesni" : "0,00", "pa" : "24,62", "pc" : "75,38", "munnr" : "0", "munpt" : "8", "munf" : "44", "pmunnr" : "00,00", "pmunpt" : "15,38", "pmunf" : "84,62" }, 
{ "and" : "P", "tpabr" : "UF", "cdabr" : "CE", "dt" : "02/10/2022", "ht" : "21:02:50", "s" : "22796", "st" : "20820", "snt" : "1976", "si" : "20820", "sni" : "0", "sa" : "20820", "sna" : "0", "pst" : "91,33", "psnt" : "8,67", "psi" : "91,33", "psni" : "0,00", "psa" : "100,00", "psna" : "0,00", "e" : "6818732", "ea" : "6251844", "ena" : "0", "esi" : "6251844", "esni" : "0", "c" : "5160497", "a" : "1091347", "pea" : "100,00", "pena" : "0,00", "pesi" : "91,69", "pesni" : "0,00", "pa" : "17,46", "pc" : "82,54", "munnr" : "9", "munpt" : "87", "munf" : "88", "pmunnr" : "4,89", "pmunpt" : "47,28", "pmunf" : "47,83" }, 
{ "and" : "P", "tpabr" : "UF", "cdabr" : "GO", "dt" : "02/10/2022", "ht" : "21:02:49", "s" : "14620", "st" : "14514", "snt" : "106", "si" : "14514", "sni" : "0", "sa" : "14514", "sna" : "0", "pst" : "99,27", "psnt" : "0,73", "psi" : "99,27", "psni" : "0,00", "psa" : "100,00", "psna" : "0,00", "e" : "4870292", "ea" : "4835090", "ena" : "0", "esi" : "4835090", "esni" : "0", "c" : "3785978", "a" : "1049112", "pea" : "100,00", "pena" : "0,00", "pesi" : "99,28", "pesni" : "0,00", "pa" : "21,70", "pc" : "78,30", "munnr" : "2", "munpt" : "18", "munf" : "226", "pmunnr" : "0,81", "pmunpt" : "7,32", "pmunf" : "91,87" }, 
{ "and" : "P", "tpabr" : "UF", "cdabr" : "MS", "dt" : "02/10/2022", "ht" : "20:54:51", "s" : "6912", "st" : "6910", "snt" : "2", "si" : "6910", "sni" : "0", "sa" : "6910", "sna" : "0", "pst" : "99,97", "psnt" : "0,03", "psi" : "99,97", "psni" : "0,00", "psa" : "100,00", "psna" : "0,00", "e" : "1995932", "ea" : "1995509", "ena" : "0", "esi" : "1995509", "esni" : "0", "c" : "1554759", "a" : "440750", "pea" : "100,00", "pena" : "0,00", "pesi" : "99,98", "pesni" : "0,00", "pa" : "22,09", "pc" : "77,91", "munnr" : "0", "munpt" : "1", "munf" : "78", "pmunnr" : "00,00", "pmunpt" : "1,27", "pmunf" : "98,73" }, 
{ "and" : "P", "tpabr" : "UF", "cdabr" : "MT", "dt" : "02/10/2022", "ht" : "20:59:20", "s" : "7652", "st" : "7555", "snt" : "97", "si" : "7555", "sni" : "0", "sa" : "7555", "sna" : "0", "pst" : "98,73", "psnt" : "1,27", "psi" : "98,73", "psni" : "0,00", "psa" : "100,00", "psna" : "0,00", "e" : "2469604", "ea" : "2437991", "ena" : "0", "esi" : "2437991", "esni" : "0", "c" : "1868644", "a" : "569347", "pea" : "100,00", "pena" : "0,00", "pesi" : "98,72", "pesni" : "0,00", "pa" : "23,35", "pc" : "76,65", "munnr" : "1", "munpt" : "13", "munf" : "127", "pmunnr" : "0,71", "pmunpt" : "9,22", "pmunf" : "90,07" }, 
{ "and" : "P", "tpabr" : "UF", "cdabr" : "SE", "dt" : "02/10/2022", "ht" : "20:56:03", "s" : "5498", "st" : "5413", "snt" : "85", "si" : "5413", "sni" : "0", "sa" : "5413", "sna" : "0", "pst" : "98,45", "psnt" : "1,55", "psi" : "98,45", "psni" : "0,00", "psa" : "100,00", "psna" : "0,00", "e" : "1671376", "ea" : "1641437", "ena" : "0", "esi" : "1641437", "esni" : "0", "c" : "1340151", "a" : "301286", "pea" : "100,00", "pena" : "0,00", "pesi" : "98,21", "pesni" : "0,00", "pa" : "18,36", "pc" : "81,64", "munnr" : "0", "munpt" : "12", "munf" : "63", "pmunnr" : "00,00", "pmunpt" : "16,00", "pmunf" : "84,00" }, 
{ "and" : "F", "tpabr" : "UF", "cdabr" : "DF", "dt" : "02/10/2022", "ht" : "20:36:59", "s" : "6748", "st" : "6748", "snt" : "0", "si" : "6748", "sni" : "0", "sa" : "6748", "sna" : "0", "pst" : "100,00", "psnt" : "0,00", "psi" : "100,00", "psni" : "0,00", "psa" : "100,00", "psna" : "0,00", "e" : "2206996", "ea" : "2206996", "ena" : "0", "esi" : "2206996", "esni" : "0", "c" : "1819900", "a" : "387096", "pea" : "100,00", "pena" : "0,00", "pesi" : "100,00", "pesni" : "0,00", "pa" : "17,54", "pc" : "82,46", "munnr" : "0", "munpt" : "0", "munf" : "1", "pmunnr" : "00,00", "pmunpt" : "00,00", "pmunf" : "100,00" }, 
{ "and" : "F", "tpabr" : "UF", "cdabr" : "ES", "dt" : "02/10/2022", "ht" : "20:41:59", "s" : "9239", "st" : "9239", "snt" : "0", "si" : "9239", "sni" : "0", "sa" : "9239", "sna" : "0", "pst" : "100,00", "psnt" : "0,00", "psi" : "100,00", "psni" : "0,00", "psa" : "100,00", "psna" : "0,00", "e" : "2922379", "ea" : "2922379", "ena" : "0", "esi" : "2922379", "esni" : "0", "c" : "2315889", "a" : "606490", "pea" : "100,00", "pena" : "0,00", "pesi" : "100,00", "pesni" : "0,00", "pa" : "20,75", "pc" : "79,25", "munnr" : "0", "munpt" : "0", "munf" : "78", "pmunnr" : "00,00", "pmunpt" : "00,00", "pmunf" : "100,00" }, 
{ "and" : "P", "tpabr" : "UF", "cdabr" : "MA", "dt" : "02/10/2022", "ht" : "21:02:51", "s" : "16423", "st" : "12226", "snt" : "4197", "si" : "12226", "sni" : "0", "sa" : "12226", "sna" : "0", "pst" : "74,44", "psnt" : "25,56", "psi" : "74,44", "psni" : "0,00", "psa" : "100,00", "psna" : "0,00", "e" : "5039287", "ea" : "3761909", "ena" : "0", "esi" : "3761909", "esni" : "0", "c" : "2946256", "a" : "815653", "pea" : "100,00", "pena" : "0,00", "pesi" : "74,65", "pesni" : "0,00", "pa" : "21,68", "pc" : "78,32", "munnr" : "32", "munpt" : "138", "munf" : "47", "pmunnr" : "14,75", "pmunpt" : "63,59", "pmunf" : "21,66" }, 
{ "and" : "P", "tpabr" : "UF", "cdabr" : "PA", "dt" : "02/10/2022", "ht" : "21:03:10", "s" : "18235", "st" : "17222", "snt" : "1013", "si" : "17222", "sni" : "0", "sa" : "17222", "sna" : "0", "pst" : "94,44", "psnt" : "5,56", "psi" : "94,44", "psni" : "0,00", "psa" : "100,00", "psna" : "0,00", "e" : "6079280", "ea" : "5737118", "ena" : "0", "esi" : "5737118", "esni" : "0", "c" : "4516914", "a" : "1220204", "pea" : "100,00", "pena" : "0,00", "pesi" : "94,37", "pesni" : "0,00", "pa" : "21,27", "pc" : "78,73", "munnr" : "0", "munpt" : "97", "munf" : "47", "pmunnr" : "00,00", "pmunpt" : "67,36", "pmunf" : "32,64" }, 
{ "and" : "P", "tpabr" : "UF", "cdabr" : "PI", "dt" : "02/10/2022", "ht" : "21:03:00", "s" : "8963", "st" : "8270", "snt" : "693", "si" : "8270", "sni" : "0", "sa" : "8270", "sna" : "0", "pst" : "92,27", "psnt" : "7,73", "psi" : "92,27", "psni" : "0,00", "psa" : "100,00", "psna" : "0,00", "e" : "2570433", "ea" : "2362974", "ena" : "0", "esi" : "2362974", "esni" : "0", "c" : "1944219", "a" : "418755", "pea" : "100,00", "pena" : "0,00", "pesi" : "91,93", "pesni" : "0,00", "pa" : "17,72", "pc" : "82,28", "munnr" : "7", "munpt" : "114", "munf" : "103", "pmunnr" : "3,13", "pmunpt" : "50,89", "pmunf" : "45,98" }, 
{ "and" : "P", "tpabr" : "UF", "cdabr" : "RS", "dt" : "02/10/2022", "ht" : "21:01:47", "s" : "27201", "st" : "26882", "snt" : "319", "si" : "26882", "sni" : "0", "sa" : "26882", "sna" : "0", "pst" : "98,83", "psnt" : "1,17", "psi" : "98,83", "psni" : "0,00", "psa" : "100,00", "psna" : "0,00", "e" : "8589432", "ea" : "8478046", "ena" : "0", "esi" : "8478046", "esni" : "0", "c" : "6801818", "a" : "1676228", "pea" : "100,00", "pena" : "0,00", "pesi" : "98,70", "pesni" : "0,00", "pa" : "19,77", "pc" : "80,23", "munnr" : "4", "munpt" : "20", "munf" : "473", "pmunnr" : "0,80", "pmunpt" : "4,02", "pmunf" : "95,17" }, 
{ "and" : "P", "tpabr" : "UF", "cdabr" : "AC", "dt" : "02/10/2022", "ht" : "20:57:06", "s" : "2124", "st" : "2089", "snt" : "35", "si" : "2089", "sni" : "0", "sa" : "2089", "sna" : "0", "pst" : "98,35", "psnt" : "1,65", "psi" : "98,35", "psni" : "0,00", "psa" : "100,00", "psna" : "0,00", "e" : "587738", "ea" : "578124", "ena" : "0", "esi" : "578124", "esni" : "0", "c" : "448898", "a" : "129226", "pea" : "100,00", "pena" : "0,00", "pesi" : "98,36", "pesni" : "0,00", "pa" : "22,35", "pc" : "77,65", "munnr" : "0", "munpt" : "5", "munf" : "17", "pmunnr" : "00,00", "pmunpt" : "22,73", "pmunf" : "77,27" }, 
{ "and" : "P", "tpabr" : "UF", "cdabr" : "PR", "dt" : "02/10/2022", "ht" : "21:02:51", "s" : "25721", "st" : "25601", "snt" : "120", "si" : "25601", "sni" : "0", "sa" : "25601", "sna" : "0", "pst" : "99,53", "psnt" : "0,47", "psi" : "99,53", "psni" : "0,00", "psa" : "100,00", "psna" : "0,00", "e" : "8480435", "ea" : "8440008", "ena" : "0", "esi" : "8440008", "esni" : "0", "c" : "6797443", "a" : "1642565", "pea" : "100,00", "pena" : "0,00", "pesi" : "99,52", "pesni" : "0,00", "pa" : "19,46", "pc" : "80,54", "munnr" : "2", "munpt" : "28", "munf" : "369", "pmunnr" : "0,50", "pmunpt" : "7,02", "pmunf" : "92,48" }, 
{ "and" : "P", "tpabr" : "UF", "cdabr" : "SC", "dt" : "02/10/2022", "ht" : "21:02:51", "s" : "16242", "st" : "16099", "snt" : "143", "si" : "16099", "sni" : "0", "sa" : "16099", "sna" : "0", "pst" : "99,12", "psnt" : "0,88", "psi" : "99,12", "psni" : "0,00", "psa" : "100,00", "psna" : "0,00", "e" : "5501478", "ea" : "5450461", "ena" : "0", "esi" : "5450461", "esni" : "0", "c" : "4446505", "a" : "1003956", "pea" : "100,00", "pena" : "0,00", "pesi" : "99,07", "pesni" : "0,00", "pa" : "18,42", "pc" : "81,58", "munnr" : "1", "munpt" : "14", "munf" : "280", "pmunnr" : "0,34", "pmunpt" : "4,75", "pmunf" : "94,92" }, 
{ "and" : "P", "tpabr" : "UF", "cdabr" : "TO", "dt" : "02/10/2022", "ht" : "21:02:52", "s" : "3957", "st" : "3946", "snt" : "11", "si" : "3946", "sni" : "0", "sa" : "3946", "sna" : "0", "pst" : "99,72", "psnt" : "0,28", "psi" : "99,72", "psni" : "0,00", "psa" : "100,00", "psna" : "0,00", "e" : "1094346", "ea" : "1091252", "ena" : "0", "esi" : "1091252", "esni" : "0", "c" : "888988", "a" : "202264", "pea" : "100,00", "pena" : "0,00", "pesi" : "99,72", "pesni" : "0,00", "pa" : "18,54", "pc" : "81,46", "munnr" : "0", "munpt" : "5", "munf" : "134", "pmunnr" : "00,00", "pmunpt" : "3,60", "pmunf" : "96,40" }, 
{ "and" : "P", "tpabr" : "UF", "cdabr" : "AL", "dt" : "02/10/2022", "ht" : "21:03:11", "s" : "6626", "st" : "5077", "snt" : "1549", "si" : "5077", "sni" : "0", "sa" : "5077", "sna" : "0", "pst" : "76,62", "psnt" : "23,38", "psi" : "76,62", "psni" : "0,00", "psa" : "100,00", "psna" : "0,00", "e" : "2326491", "ea" : "1747867", "ena" : "0", "esi" : "1747867", "esni" : "0", "c" : "1361249", "a" : "386618", "pea" : "100,00", "pena" : "0,00", "pesi" : "75,13", "pesni" : "0,00", "pa" : "22,12", "pc" : "77,88", "munnr" : "16", "munpt" : "37", "munf" : "49", "pmunnr" : "15,69", "pmunpt" : "36,27", "pmunf" : "48,04" }, 
{ "and" : "P", "tpabr" : "UF", "cdabr" : "BA", "dt" : "02/10/2022", "ht" : "21:02:50", "s" : "34424", "st" : "30397", "snt" : "4027", "si" : "30397", "sni" : "0", "sa" : "30397", "sna" : "0", "pst" : "88,30", "psnt" : "11,70", "psi" : "88,30", "psni" : "0,00", "psa" : "100,00", "psna" : "0,00", "e" : "11283405", "ea" : "9938215", "ena" : "0", "esi" : "9938215", "esni" : "0", "c" : "7830715", "a" : "2107500", "pea" : "100,00", "pena" : "0,00", "pesi" : "88,08", "pesni" : "0,00", "pa" : "21,21", "pc" : "78,79", "munnr" : "18", "munpt" : "224", "munf" : "175", "pmunnr" : "4,32", "pmunpt" : "53,72", "pmunf" : "41,97" }, 
{ "and" : "P", "tpabr" : "UF", "cdabr" : "PB", "dt" : "02/10/2022", "ht" : "21:02:53", "s" : "9602", "st" : "9541", "snt" : "61", "si" : "9541", "sni" : "0", "sa" : "9541", "sna" : "0", "pst" : "99,36", "psnt" : "0,64", "psi" : "99,36", "psni" : "0,00", "psa" : "100,00", "psna" : "0,00", "e" : "3092053", "ea" : "3072860", "ena" : "0", "esi" : "3072860", "esni" : "0", "c" : "2541825", "a" : "531035", "pea" : "100,00", "pena" : "0,00", "pesi" : "99,38", "pesni" : "0,00", "pa" : "17,28", "pc" : "82,72", "munnr" : "1", "munpt" : "13", "munf" : "209", "pmunnr" : "0,45", "pmunpt" : "5,83", "pmunf" : "93,72" }, 
{ "and" : "P", "tpabr" : "UF", "cdabr" : "AP", "dt" : "02/10/2022", "ht" : "21:01:41", "s" : "1740", "st" : "1725", "snt" : "15", "si" : "1725", "sni" : "0", "sa" : "1725", "sna" : "0", "pst" : "99,14", "psnt" : "0,86", "psi" : "99,14", "psni" : "0,00", "psa" : "100,00", "psna" : "0,00", "e" : "550165", "ea" : "544758", "ena" : "0", "esi" : "544758", "esni" : "0", "c" : "438404", "a" : "106354", "pea" : "100,00", "pena" : "0,00", "pesi" : "99,02", "pesni" : "0,00", "pa" : "19,52", "pc" : "80,48", "munnr" : "0", "munpt" : "7", "munf" : "9", "pmunnr" : "00,00", "pmunpt" : "43,75", "pmunf" : "56,25" }, 
{ "and" : "P", "tpabr" : "UF", "cdabr" : "RJ", "dt" : "02/10/2022", "ht" : "21:02:51", "s" : "34068", "st" : "32529", "snt" : "1539", "si" : "32529", "sni" : "0", "sa" : "32529", "sna" : "0", "pst" : "95,48", "psnt" : "4,52", "psi" : "95,48", "psni" : "0,00", "psa" : "100,00", "psna" : "0,00", "e" : "12826356", "ea" : "12219843", "ena" : "0", "esi" : "12219843", "esni" : "0", "c" : "9443183", "a" : "2776660", "pea" : "100,00", "pena" : "0,00", "pesi" : "95,27", "pesni" : "0,00", "pa" : "22,72", "pc" : "77,28", "munnr" : "2", "munpt" : "41", "munf" : "49", "pmunnr" : "2,17", "pmunpt" : "44,57", "pmunf" : "53,26" }, 
{ "and" : "P", "tpabr" : "UF", "cdabr" : "RR", "dt" : "02/10/2022", "ht" : "20:59:21", "s" : "1268", "st" : "1266", "snt" : "2", "si" : "1266", "sni" : "0", "sa" : "1266", "sna" : "0", "pst" : "99,84", "psnt" : "0,16", "psi" : "99,84", "psni" : "0,00", "psa" : "100,00", "psna" : "0,00", "e" : "366632", "ea" : "366033", "ena" : "0", "esi" : "366033", "esni" : "0", "c" : "304909", "a" : "61124", "pea" : "100,00", "pena" : "0,00", "pesi" : "99,84", "pesni" : "0,00", "pa" : "16,70", "pc" : "83,30", "munnr" : "0", "munpt" : "2", "munf" : "13", "pmunnr" : "00,00", "pmunpt" : "13,33", "pmunf" : "86,67" }, 
{ "and" : "P", "tpabr" : "UF", "cdabr" : "ZZ", "dt" : "02/10/2022", "ht" : "21:02:52", "s" : "1064", "st" : "844", "snt" : "220", "si" : "798", "sni" : "46", "sa" : "798", "sna" : "0", "pst" : "79,32", "psnt" : "20,68", "psi" : "75,00", "psni" : "25,00", "psa" : "100,00", "psna" : "0,00", "e" : "695355", "ea" : "552109", "ena" : "0", "esi" : "552109", "esni" : "573", "c" : "246238", "a" : "305871", "pea" : "100,00", "pena" : "0,00", "pesi" : "79,40", "pesni" : "99,92", "pa" : "55,40", "pc" : "44,60", "munnr" : "30", "munpt" : "24", "munf" : "127", "pmunnr" : "16,57", "pmunpt" : "13,26", "pmunf" : "70,17" }, 
{ "and" : "P", "tpabr" : "UF", "cdabr" : "SP", "dt" : "02/10/2022", "ht" : "21:02:53", "s" : "101073", "st" : "99220", "snt" : "1853", "si" : "99220", "sni" : "0", "sa" : "99220", "sna" : "0", "pst" : "98,17", "psnt" : "1,83", "psi" : "98,17", "psni" : "0,00", "psa" : "100,00", "psna" : "0,00", "e" : "34684927", "ea" : "34029335", "ena" : "0", "esi" : "34029335", "esni" : "0", "c" : "26673747", "a" : "7355588", "pea" : "100,00", "pena" : "0,00", "pesi" : "98,11", "pesni" : "0,00", "pa" : "21,62", "pc" : "78,38", "munnr" : "9", "munpt" : "48", "munf" : "588", "pmunnr" : "1,40", "pmunpt" : "7,44", "pmunf" : "91,16" }, 
{ "and" : "P", "tpabr" : "BR", "cdabr" : "BR", "dt" : "02/10/2022", "ht" : "21:03:11", "s" : "472075", "st" : "449593", "snt" : "22482", "si" : "449546", "sni" : "47", "sa" : "449546", "sna" : "0", "pst" : "95,23", "psnt" : "4,77", "psi" : "95,22", "psni" : "4,78", "psa" : "100,00", "psna" : "0,00", "e" : "156454011", "ea" : "148877155", "ena" : "0", "esi" : "148877155", "esni" : "657", "c" : "117829424", "a" : "31047731", "pea" : "100,00", "pena" : "0,00", "pesi" : "95,15", "pesni" : "100,00", "pa" : "20,86", "pc" : "79,14", "ufsnr" : "0", "ufspt" : "26", "ufsf" : "2", "pufsnr" : "00,00", "pufspt" : "92,86", "pufsf" : "7,14" } ] }