
{ "ele" : "544", "t" : "1", "f" : "O", "dg" : "02/10/2022", "hg" : "18:53:10", "abr" : [ 
{ "and" : "P", "tpabr" : "UF", "cdabr" : "AM", "dt" : "02/10/2022", "ht" : "18:51:50", "s" : "7454", "st" : "2527", "snt" : "4927", "si" : "2527", "sni" : "0", "sa" : "2527", "sna" : "0", "pst" : "33,90", "psnt" : "66,10", "psi" : "33,90", "psni" : "0,00", "psa" : "100,00", "psna" : "0,00", "e" : "2646924", "ea" : "874386", "ena" : "0", "esi" : "874386", "esni" : "0", "c" : "718699", "a" : "155687", "pea" : "100,00", "pena" : "0,00", "pesi" : "33,03", "pesni" : "0,00", "pa" : "17,81", "pc" : "82,19", "munnr" : "7", "munpt" : "55", "munf" : "0", "pmunnr" : "11,29", "pmunpt" : "88,71", "pmunf" : "00,00" }, 
{ "and" : "P", "tpabr" : "UF", "cdabr" : "PE", "dt" : "02/10/2022", "ht" : "18:52:31", "s" : "20572", "st" : "1569", "snt" : "19003", "si" : "1569", "sni" : "0", "sa" : "1569", "sna" : "0", "pst" : "7,63", "psnt" : "92,37", "psi" : "7,63", "psni" : "0,00", "psa" : "100,00", "psna" : "0,00", "e" : "7015421", "ea" : "471369", "ena" : "0", "esi" : "471369", "esni" : "0", "c" : "383119", "a" : "88250", "pea" : "100,00", "pena" : "0,00", "pesi" : "6,72", "pesni" : "0,00", "pa" : "18,72", "pc" : "81,28", "munnr" : "106", "munpt" : "79", "munf" : "0", "pmunnr" : "57,30", "pmunpt" : "42,70", "pmunf" : "00,00" }, 
{ "and" : "P", "tpabr" : "UF", "cdabr" : "RN", "dt" : "02/10/2022", "ht" : "18:52:56", "s" : "7674", "st" : "1953", "snt" : "5721", "si" : "1953", "sni" : "0", "sa" : "1953", "sna" : "0", "pst" : "25,45", "psnt" : "74,55", "psi" : "25,45", "psni" : "0,00", "psa" : "100,00", "psna" : "0,00", "e" : "2554716", "ea" : "584661", "ena" : "0", "esi" : "584661", "esni" : "0", "c" : "480791", "a" : "103870", "pea" : "100,00", "pena" : "0,00", "pesi" : "22,89", "pesni" : "0,00", "pa" : "17,77", "pc" : "82,23", "munnr" : "45", "munpt" : "111", "munf" : "11", "pmunnr" : "26,95", "pmunpt" : "66,47", "pmunf" : "6,59" }, 
{ "and" : "P", "tpabr" : "UF", "cdabr" : "MG", "dt" : "02/10/2022", "ht" : "18:52:42", "s" : "49981", "st" : "6829", "snt" : "43152", "si" : "6829", "sni" : "0", "sa" : "6829", "sna" : "0", "pst" : "13,66", "psnt" : "86,34", "psi" : "13,66", "psni" : "0,00", "psa" : "100,00", "psna" : "0,00", "e" : "16283828", "ea" : "2080384", "ena" : "0", "esi" : "2080384", "esni" : "0", "c" : "1603524", "a" : "476860", "pea" : "100,00", "pena" : "0,00", "pesi" : "12,78", "pesni" : "0,00", "pa" : "22,92", "pc" : "77,08", "munnr" : "580", "munpt" : "263", "munf" : "10", "pmunnr" : "68,00", "pmunpt" : "30,83", "pmunf" : "1,17" }, 
{ "and" : "P", "tpabr" : "UF", "cdabr" : "RO", "dt" : "02/10/2022", "ht" : "18:52:06", "s" : "4198", "st" : "1765", "snt" : "2433", "si" : "1765", "sni" : "0", "sa" : "1765", "sna" : "0", "pst" : "42,04", "psnt" : "57,96", "psi" : "42,04", "psni" : "0,00", "psa" : "100,00", "psna" : "0,00", "e" : "1229998", "ea" : "513713", "ena" : "0", "esi" : "513713", "esni" : "0", "c" : "397691", "a" : "116022", "pea" : "100,00", "pena" : "0,00", "pesi" : "41,77", "pesni" : "0,00", "pa" : "22,58", "pc" : "77,42", "munnr" : "24", "munpt" : "25", "munf" : "3", "pmunnr" : "46,15", "pmunpt" : "48,08", "pmunf" : "5,77" }, 
{ "and" : "P", "tpabr" : "UF", "cdabr" : "CE", "dt" : "02/10/2022", "ht" : "18:52:40", "s" : "22796", "st" : "2827", "snt" : "19969", "si" : "2827", "sni" : "0", "sa" : "2827", "sna" : "0", "pst" : "12,40", "psnt" : "87,60", "psi" : "12,40", "psni" : "0,00", "psa" : "100,00", "psna" : "0,00", "e" : "6818732", "ea" : "815827", "ena" : "0", "esi" : "815827", "esni" : "0", "c" : "658305", "a" : "157522", "pea" : "100,00", "pena" : "0,00", "pesi" : "11,96", "pesni" : "0,00", "pa" : "19,31", "pc" : "80,69", "munnr" : "87", "munpt" : "97", "munf" : "0", "pmunnr" : "47,28", "pmunpt" : "52,72", "pmunf" : "00,00" }, 
{ "and" : "P", "tpabr" : "UF", "cdabr" : "GO", "dt" : "02/10/2022", "ht" : "18:52:56", "s" : "14620", "st" : "5146", "snt" : "9474", "si" : "5146", "sni" : "0", "sa" : "5146", "sna" : "0", "pst" : "35,20", "psnt" : "64,80", "psi" : "35,20", "psni" : "0,00", "psa" : "100,00", "psna" : "0,00", "e" : "4870292", "ea" : "1688974", "ena" : "0", "esi" : "1688974", "esni" : "0", "c" : "1328348", "a" : "360626", "pea" : "100,00", "pena" : "0,00", "pesi" : "34,68", "pesni" : "0,00", "pa" : "21,35", "pc" : "78,65", "munnr" : "149", "munpt" : "91", "munf" : "6", "pmunnr" : "60,57", "pmunpt" : "36,99", "pmunf" : "2,44" }, 
{ "and" : "P", "tpabr" : "UF", "cdabr" : "MS", "dt" : "02/10/2022", "ht" : "18:52:10", "s" : "6912", "st" : "4876", "snt" : "2036", "si" : "4876", "sni" : "0", "sa" : "4876", "sna" : "0", "pst" : "70,54", "psnt" : "29,46", "psi" : "70,54", "psni" : "0,00", "psa" : "100,00", "psna" : "0,00", "e" : "1995932", "ea" : "1388721", "ena" : "0", "esi" : "1388721", "esni" : "0", "c" : "1089645", "a" : "299076", "pea" : "100,00", "pena" : "0,00", "pesi" : "69,58", "pesni" : "0,00", "pa" : "21,54", "pc" : "78,46", "munnr" : "7", "munpt" : "58", "munf" : "14", "pmunnr" : "8,86", "pmunpt" : "73,42", "pmunf" : "17,72" }, 
{ "and" : "P", "tpabr" : "UF", "cdabr" : "MT", "dt" : "02/10/2022", "ht" : "18:52:07", "s" : "7652", "st" : "2840", "snt" : "4812", "si" : "2840", "sni" : "0", "sa" : "2840", "sna" : "0", "pst" : "37,11", "psnt" : "62,89", "psi" : "37,11", "psni" : "0,00", "psa" : "100,00", "psna" : "0,00", "e" : "2469604", "ea" : "879851", "ena" : "0", "esi" : "879851", "esni" : "0", "c" : "689030", "a" : "190821", "pea" : "100,00", "pena" : "0,00", "pesi" : "35,63", "pesni" : "0,00", "pa" : "21,69", "pc" : "78,31", "munnr" : "42", "munpt" : "90", "munf" : "9", "pmunnr" : "29,79", "pmunpt" : "63,83", "pmunf" : "6,38" }, 
{ "and" : "P", "tpabr" : "UF", "cdabr" : "SE", "dt" : "02/10/2022", "ht" : "18:52:52", "s" : "5498", "st" : "1388", "snt" : "4110", "si" : "1388", "sni" : "0", "sa" : "1388", "sna" : "0", "pst" : "25,25", "psnt" : "74,75", "psi" : "25,25", "psni" : "0,00", "psa" : "100,00", "psna" : "0,00", "e" : "1671376", "ea" : "401724", "ena" : "0", "esi" : "401724", "esni" : "0", "c" : "332472", "a" : "69252", "pea" : "100,00", "pena" : "0,00", "pesi" : "24,04", "pesni" : "0,00", "pa" : "17,24", "pc" : "82,76", "munnr" : "43", "munpt" : "32", "munf" : "0", "pmunnr" : "57,33", "pmunpt" : "42,67", "pmunf" : "00,00" }, 
{ "and" : "P", "tpabr" : "UF", "cdabr" : "DF", "dt" : "02/10/2022", "ht" : "18:52:51", "s" : "6748", "st" : "5744", "snt" : "1004", "si" : "5744", "sni" : "0", "sa" : "5744", "sna" : "0", "pst" : "85,12", "psnt" : "14,88", "psi" : "85,12", "psni" : "0,00", "psa" : "100,00", "psna" : "0,00", "e" : "2206996", "ea" : "1855995", "ena" : "0", "esi" : "1855995", "esni" : "0", "c" : "1533870", "a" : "322125", "pea" : "100,00", "pena" : "0,00", "pesi" : "84,10", "pesni" : "0,00", "pa" : "17,36", "pc" : "82,64", "munnr" : "0", "munpt" : "1", "munf" : "0", "pmunnr" : "00,00", "pmunpt" : "100,00", "pmunf" : "00,00" }, 
{ "and" : "P", "tpabr" : "UF", "cdabr" : "ES", "dt" : "02/10/2022", "ht" : "18:52:08", "s" : "9239", "st" : "6478", "snt" : "2761", "si" : "6478", "sni" : "0", "sa" : "6478", "sna" : "0", "pst" : "70,12", "psnt" : "29,88", "psi" : "70,12", "psni" : "0,00", "psa" : "100,00", "psna" : "0,00", "e" : "2922379", "ea" : "2023129", "ena" : "0", "esi" : "2023129", "esni" : "0", "c" : "1607554", "a" : "415575", "pea" : "100,00", "pena" : "0,00", "pesi" : "69,23", "pesni" : "0,00", "pa" : "20,54", "pc" : "79,46", "munnr" : "0", "munpt" : "61", "munf" : "17", "pmunnr" : "00,00", "pmunpt" : "78,21", "pmunf" : "21,79" }, 
{ "and" : "P", "tpabr" : "UF", "cdabr" : "MA", "dt" : "02/10/2022", "ht" : "18:52:30", "s" : "16423", "st" : "926", "snt" : "15497", "si" : "926", "sni" : "0", "sa" : "926", "sna" : "0", "pst" : "5,64", "psnt" : "94,36", "psi" : "5,64", "psni" : "0,00", "psa" : "100,00", "psna" : "0,00", "e" : "5039287", "ea" : "260873", "ena" : "0", "esi" : "260873", "esni" : "0", "c" : "202572", "a" : "58301", "pea" : "100,00", "pena" : "0,00", "pesi" : "5,18", "pesni" : "0,00", "pa" : "22,35", "pc" : "77,65", "munnr" : "149", "munpt" : "68", "munf" : "0", "pmunnr" : "68,66", "pmunpt" : "31,34", "pmunf" : "00,00" }, 
{ "and" : "P", "tpabr" : "UF", "cdabr" : "PA", "dt" : "02/10/2022", "ht" : "18:52:14", "s" : "18235", "st" : "4836", "snt" : "13399", "si" : "4836", "sni" : "0", "sa" : "4836", "sna" : "0", "pst" : "26,52", "psnt" : "73,48", "psi" : "26,52", "psni" : "0,00", "psa" : "100,00", "psna" : "0,00", "e" : "6079280", "ea" : "1534224", "ena" : "0", "esi" : "1534224", "esni" : "0", "c" : "1223988", "a" : "310236", "pea" : "100,00", "pena" : "0,00", "pesi" : "25,24", "pesni" : "0,00", "pa" : "20,22", "pc" : "79,78", "munnr" : "11", "munpt" : "133", "munf" : "0", "pmunnr" : "7,64", "pmunpt" : "92,36", "pmunf" : "00,00" }, 
{ "and" : "P", "tpabr" : "UF", "cdabr" : "PI", "dt" : "02/10/2022", "ht" : "18:51:54", "s" : "8963", "st" : "2357", "snt" : "6606", "si" : "2357", "sni" : "0", "sa" : "2357", "sna" : "0", "pst" : "26,30", "psnt" : "73,70", "psi" : "26,30", "psni" : "0,00", "psa" : "100,00", "psna" : "0,00", "e" : "2570433", "ea" : "653422", "ena" : "0", "esi" : "653422", "esni" : "0", "c" : "538078", "a" : "115344", "pea" : "100,00", "pena" : "0,00", "pesi" : "25,42", "pesni" : "0,00", "pa" : "17,65", "pc" : "82,35", "munnr" : "76", "munpt" : "148", "munf" : "0", "pmunnr" : "33,93", "pmunpt" : "66,07", "pmunf" : "00,00" }, 
{ "and" : "P", "tpabr" : "UF", "cdabr" : "RS", "dt" : "02/10/2022", "ht" : "18:51:55", "s" : "27201", "st" : "9326", "snt" : "17875", "si" : "9326", "sni" : "0", "sa" : "9326", "sna" : "0", "pst" : "34,29", "psnt" : "65,71", "psi" : "34,29", "psni" : "0,00", "psa" : "100,00", "psna" : "0,00", "e" : "8589432", "ea" : "2907782", "ena" : "0", "esi" : "2907782", "esni" : "0", "c" : "2338301", "a" : "569481", "pea" : "100,00", "pena" : "0,00", "pesi" : "33,85", "pesni" : "0,00", "pa" : "19,58", "pc" : "80,42", "munnr" : "269", "munpt" : "211", "munf" : "17", "pmunnr" : "54,12", "pmunpt" : "42,45", "pmunf" : "3,42" }, 
{ "and" : "P", "tpabr" : "UF", "cdabr" : "AC", "dt" : "02/10/2022", "ht" : "18:52:06", "s" : "2124", "st" : "1067", "snt" : "1057", "si" : "1067", "sni" : "0", "sa" : "1067", "sna" : "0", "pst" : "50,24", "psnt" : "49,76", "psi" : "50,24", "psni" : "0,00", "psa" : "100,00", "psna" : "0,00", "e" : "587738", "ea" : "296319", "ena" : "0", "esi" : "296319", "esni" : "0", "c" : "228714", "a" : "67605", "pea" : "100,00", "pena" : "0,00", "pesi" : "50,42", "pesni" : "0,00", "pa" : "22,81", "pc" : "77,19", "munnr" : "1", "munpt" : "21", "munf" : "0", "pmunnr" : "4,55", "pmunpt" : "95,45", "pmunf" : "00,00" }, 
{ "and" : "P", "tpabr" : "UF", "cdabr" : "PR", "dt" : "02/10/2022", "ht" : "18:52:49", "s" : "25721", "st" : "8569", "snt" : "17152", "si" : "8569", "sni" : "0", "sa" : "8569", "sna" : "0", "pst" : "33,32", "psnt" : "66,68", "psi" : "33,32", "psni" : "0,00", "psa" : "100,00", "psna" : "0,00", "e" : "8480435", "ea" : "2764784", "ena" : "0", "esi" : "2764784", "esni" : "0", "c" : "2228325", "a" : "536459", "pea" : "100,00", "pena" : "0,00", "pesi" : "32,60", "pesni" : "0,00", "pa" : "19,40", "pc" : "80,60", "munnr" : "179", "munpt" : "204", "munf" : "16", "pmunnr" : "44,86", "pmunpt" : "51,13", "pmunf" : "4,01" }, 
{ "and" : "P", "tpabr" : "UF", "cdabr" : "SC", "dt" : "02/10/2022", "ht" : "18:52:19", "s" : "16242", "st" : "1423", "snt" : "14819", "si" : "1423", "sni" : "0", "sa" : "1423", "sna" : "0", "pst" : "8,76", "psnt" : "91,24", "psi" : "8,76", "psni" : "0,00", "psa" : "100,00", "psna" : "0,00", "e" : "5501478", "ea" : "444146", "ena" : "0", "esi" : "444146", "esni" : "0", "c" : "365401", "a" : "78745", "pea" : "100,00", "pena" : "0,00", "pesi" : "8,07", "pesni" : "0,00", "pa" : "17,73", "pc" : "82,27", "munnr" : "204", "munpt" : "87", "munf" : "4", "pmunnr" : "69,15", "pmunpt" : "29,49", "pmunf" : "1,36" }, 
{ "and" : "P", "tpabr" : "UF", "cdabr" : "TO", "dt" : "02/10/2022", "ht" : "18:52:09", "s" : "3957", "st" : "2437", "snt" : "1520", "si" : "2437", "sni" : "0", "sa" : "2437", "sna" : "0", "pst" : "61,59", "psnt" : "38,41", "psi" : "61,59", "psni" : "0,00", "psa" : "100,00", "psna" : "0,00", "e" : "1094346", "ea" : "656483", "ena" : "0", "esi" : "656483", "esni" : "0", "c" : "535122", "a" : "121361", "pea" : "100,00", "pena" : "0,00", "pesi" : "59,99", "pesni" : "0,00", "pa" : "18,49", "pc" : "81,51", "munnr" : "26", "munpt" : "95", "munf" : "18", "pmunnr" : "18,71", "pmunpt" : "68,35", "pmunf" : "12,95" }, 
{ "and" : "P", "tpabr" : "UF", "cdabr" : "AL", "dt" : "02/10/2022", "ht" : "18:52:29", "s" : "6626", "st" : "100", "snt" : "6526", "si" : "100", "sni" : "0", "sa" : "100", "sna" : "0", "pst" : "1,51", "psnt" : "98,49", "psi" : "1,51", "psni" : "0,00", "psa" : "100,00", "psna" : "0,00", "e" : "2326491", "ea" : "30811", "ena" : "0", "esi" : "30811", "esni" : "0", "c" : "24226", "a" : "6585", "pea" : "100,00", "pena" : "0,00", "pesi" : "1,32", "pesni" : "0,00", "pa" : "21,37", "pc" : "78,63", "munnr" : "92", "munpt" : "10", "munf" : "0", "pmunnr" : "90,20", "pmunpt" : "9,80", "pmunf" : "00,00" }, 
{ "and" : "P", "tpabr" : "UF", "cdabr" : "BA", "dt" : "02/10/2022", "ht" : "18:52:30", "s" : "34424", "st" : "3488", "snt" : "30936", "si" : "3488", "sni" : "0", "sa" : "3488", "sna" : "0", "pst" : "10,13", "psnt" : "89,87", "psi" : "10,13", "psni" : "0,00", "psa" : "100,00", "psna" : "0,00", "e" : "11283405", "ea" : "1052488", "ena" : "0", "esi" : "1052488", "esni" : "0", "c" : "827688", "a" : "224800", "pea" : "100,00", "pena" : "0,00", "pesi" : "9,33", "pesni" : "0,00", "pa" : "21,36", "pc" : "78,64", "munnr" : "210", "munpt" : "206", "munf" : "1", "pmunnr" : "50,36", "pmunpt" : "49,40", "pmunf" : "0,24" }, 
{ "and" : "P", "tpabr" : "UF", "cdabr" : "PB", "dt" : "02/10/2022", "ht" : "18:52:56", "s" : "9602", "st" : "2193", "snt" : "7409", "si" : "2193", "sni" : "0", "sa" : "2193", "sna" : "0", "pst" : "22,84", "psnt" : "77,16", "psi" : "22,84", "psni" : "0,00", "psa" : "100,00", "psna" : "0,00", "e" : "3092053", "ea" : "689092", "ena" : "0", "esi" : "689092", "esni" : "0", "c" : "575856", "a" : "113236", "pea" : "100,00", "pena" : "0,00", "pesi" : "22,29", "pesni" : "0,00", "pa" : "16,43", "pc" : "83,57", "munnr" : "113", "munpt" : "106", "munf" : "4", "pmunnr" : "50,67", "pmunpt" : "47,53", "pmunf" : "1,79" }, 
{ "and" : "P", "tpabr" : "UF", "cdabr" : "AP", "dt" : "02/10/2022", "ht" : "18:52:52", "s" : "1740", "st" : "483", "snt" : "1257", "si" : "483", "sni" : "0", "sa" : "483", "sna" : "0", "pst" : "27,76", "psnt" : "72,24", "psi" : "27,76", "psni" : "0,00", "psa" : "100,00", "psna" : "0,00", "e" : "550165", "ea" : "137109", "ena" : "0", "esi" : "137109", "esni" : "0", "c" : "108706", "a" : "28403", "pea" : "100,00", "pena" : "0,00", "pesi" : "24,92", "pesni" : "0,00", "pa" : "20,72", "pc" : "79,28", "munnr" : "1", "munpt" : "15", "munf" : "0", "pmunnr" : "6,25", "pmunpt" : "93,75", "pmunf" : "00,00" }, 
{ "and" : "P", "tpabr" : "UF", "cdabr" : "RJ", "dt" : "02/10/2022", "ht" : "18:52:31", "s" : "34068", "st" : "1975", "snt" : "32093", "si" : "1975", "sni" : "0", "sa" : "1975", "sna" : "0", "pst" : "5,80", "psnt" : "94,20", "psi" : "5,80", "psni" : "0,00", "psa" : "100,00", "psna" : "0,00", "e" : "12826356", "ea" : "646518", "ena" : "0", "esi" : "646518", "esni" : "0", "c" : "498395", "a" : "148123", "pea" : "100,00", "pena" : "0,00", "pesi" : "5,04", "pesni" : "0,00", "pa" : "22,91", "pc" : "77,09", "munnr" : "33", "munpt" : "59", "munf" : "0", "pmunnr" : "35,87", "pmunpt" : "64,13", "pmunf" : "00,00" }, 
{ "and" : "P", "tpabr" : "UF", "cdabr" : "RR", "dt" : "02/10/2022", "ht" : "18:52:45", "s" : "1268", "st" : "369", "snt" : "899", "si" : "369", "sni" : "0", "sa" : "369", "sna" : "0", "pst" : "29,10", "psnt" : "70,90", "psi" : "29,10", "psni" : "0,00", "psa" : "100,00", "psna" : "0,00", "e" : "366632", "ea" : "98557", "ena" : "0", "esi" : "98557", "esni" : "0", "c" : "82187", "a" : "16370", "pea" : "100,00", "pena" : "0,00", "pesi" : "26,88", "pesni" : "0,00", "pa" : "16,61", "pc" : "83,39", "munnr" : "0", "munpt" : "15", "munf" : "0", "pmunnr" : "00,00", "pmunpt" : "100,00", "pmunf" : "00,00" }, 
{ "and" : "P", "tpabr" : "UF", "cdabr" : "ZZ", "dt" : "02/10/2022", "ht" : "18:51:24", "s" : "1064", "st" : "466", "snt" : "598", "si" : "466", "sni" : "0", "sa" : "466", "sna" : "0", "pst" : "43,80", "psnt" : "56,20", "psi" : "43,80", "psni" : "0,00", "psa" : "100,00", "psna" : "0,00", "e" : "695355", "ea" : "325172", "ena" : "0", "esi" : "325172", "esni" : "0", "c" : "147154", "a" : "178018", "pea" : "100,00", "pena" : "0,00", "pesi" : "46,76", "pesni" : "0,00", "pa" : "54,75", "pc" : "45,25", "munnr" : "114", "munpt" : "13", "munf" : "54", "pmunnr" : "62,98", "pmunpt" : "7,18", "pmunf" : "29,83" }, 
{ "and" : "P", "tpabr" : "UF", "cdabr" : "SP", "dt" : "02/10/2022", "ht" : "18:52:38", "s" : "101073", "st" : "13914", "snt" : "87159", "si" : "13914", "sni" : "0", "sa" : "13914", "sna" : "0", "pst" : "13,77", "psnt" : "86,23", "psi" : "13,77", "psni" : "0,00", "psa" : "100,00", "psna" : "0,00", "e" : "34684927", "ea" : "4459226", "ena" : "0", "esi" : "4459226", "esni" : "0", "c" : "3473314", "a" : "985912", "pea" : "100,00", "pena" : "0,00", "pesi" : "12,86", "pesni" : "0,00", "pa" : "22,11", "pc" : "77,89", "munnr" : "384", "munpt" : "210", "munf" : "51", "pmunnr" : "59,53", "pmunpt" : "32,56", "pmunf" : "7,91" }, 
{ "and" : "P", "tpabr" : "BR", "cdabr" : "BR", "dt" : "02/10/2022", "ht" : "18:52:56", "s" : "472075", "st" : "97871", "snt" : "374204", "si" : "97871", "sni" : "0", "sa" : "97871", "sna" : "0", "pst" : "20,73", "psnt" : "79,27", "psi" : "20,73", "psni" : "0,00", "psa" : "100,00", "psna" : "0,00", "e" : "156454011", "ea" : "30535740", "ena" : "0", "esi" : "30535740", "esni" : "0", "c" : "24221075", "a" : "6314665", "pea" : "100,00", "pena" : "0,00", "pesi" : "19,51", "pesni" : "0,00", "pa" : "20,68", "pc" : "79,32", "ufsnr" : "0", "ufspt" : "28", "ufsf" : "0", "pufsnr" : "00,00", "pufspt" : "100,00", "pufsf" : "00,00" } ] }