
{ "ele" : "544", "t" : "1", "f" : "O", "dg" : "02/10/2022", "hg" : "20:12:20", "abr" : [ 
{ "and" : "P", "tpabr" : "UF", "cdabr" : "AM", "dt" : "02/10/2022", "ht" : "20:11:34", "s" : "7454", "st" : "6129", "snt" : "1325", "si" : "6129", "sni" : "0", "sa" : "6129", "sna" : "0", "pst" : "82,22", "psnt" : "17,78", "psi" : "82,22", "psni" : "0,00", "psa" : "100,00", "psna" : "0,00", "e" : "2646924", "ea" : "2153715", "ena" : "0", "esi" : "2153715", "esni" : "0", "c" : "1740105", "a" : "413610", "pea" : "100,00", "pena" : "0,00", "pesi" : "81,37", "pesni" : "0,00", "pa" : "19,20", "pc" : "80,80", "munnr" : "1", "munpt" : "55", "munf" : "6", "pmunnr" : "1,61", "pmunpt" : "88,71", "pmunf" : "9,68" }, 
{ "and" : "P", "tpabr" : "UF", "cdabr" : "PE", "dt" : "02/10/2022", "ht" : "20:12:03", "s" : "20572", "st" : "13119", "snt" : "7453", "si" : "13119", "sni" : "0", "sa" : "13119", "sna" : "0", "pst" : "63,77", "psnt" : "36,23", "psi" : "63,77", "psni" : "0,00", "psa" : "100,00", "psna" : "0,00", "e" : "7015421", "ea" : "4382267", "ena" : "0", "esi" : "4382267", "esni" : "0", "c" : "3615781", "a" : "766486", "pea" : "100,00", "pena" : "0,00", "pesi" : "62,47", "pesni" : "0,00", "pa" : "17,49", "pc" : "82,51", "munnr" : "40", "munpt" : "128", "munf" : "17", "pmunnr" : "21,62", "pmunpt" : "69,19", "pmunf" : "9,19" }, 
{ "and" : "P", "tpabr" : "UF", "cdabr" : "RN", "dt" : "02/10/2022", "ht" : "20:11:57", "s" : "7674", "st" : "6040", "snt" : "1634", "si" : "6040", "sni" : "0", "sa" : "6040", "sna" : "0", "pst" : "78,71", "psnt" : "21,29", "psi" : "78,71", "psni" : "0,00", "psa" : "100,00", "psna" : "0,00", "e" : "2554716", "ea" : "1966164", "ena" : "0", "esi" : "1966164", "esni" : "0", "c" : "1612296", "a" : "353868", "pea" : "100,00", "pena" : "0,00", "pesi" : "76,96", "pesni" : "0,00", "pa" : "18,00", "pc" : "82,00", "munnr" : "7", "munpt" : "77", "munf" : "83", "pmunnr" : "4,19", "pmunpt" : "46,11", "pmunf" : "49,70" }, 
{ "and" : "P", "tpabr" : "UF", "cdabr" : "MG", "dt" : "02/10/2022", "ht" : "20:11:42", "s" : "49981", "st" : "35580", "snt" : "14401", "si" : "35580", "sni" : "0", "sa" : "35580", "sna" : "0", "pst" : "71,19", "psnt" : "28,81", "psi" : "71,19", "psni" : "0,00", "psa" : "100,00", "psna" : "0,00", "e" : "16283828", "ea" : "11352697", "ena" : "0", "esi" : "11352697", "esni" : "0", "c" : "8838749", "a" : "2513948", "pea" : "100,00", "pena" : "0,00", "pesi" : "69,72", "pesni" : "0,00", "pa" : "22,14", "pc" : "77,86", "munnr" : "222", "munpt" : "279", "munf" : "352", "pmunnr" : "26,03", "pmunpt" : "32,71", "pmunf" : "41,27" }, 
{ "and" : "P", "tpabr" : "UF", "cdabr" : "RO", "dt" : "02/10/2022", "ht" : "20:11:42", "s" : "4198", "st" : "3753", "snt" : "445", "si" : "3753", "sni" : "0", "sa" : "3753", "sna" : "0", "pst" : "89,40", "psnt" : "10,60", "psi" : "89,40", "psni" : "0,00", "psa" : "100,00", "psna" : "0,00", "e" : "1229998", "ea" : "1084552", "ena" : "0", "esi" : "1084552", "esni" : "0", "c" : "820457", "a" : "264095", "pea" : "100,00", "pena" : "0,00", "pesi" : "88,18", "pesni" : "0,00", "pa" : "24,35", "pc" : "75,65", "munnr" : "1", "munpt" : "33", "munf" : "18", "pmunnr" : "1,92", "pmunpt" : "63,46", "pmunf" : "34,62" }, 
{ "and" : "P", "tpabr" : "UF", "cdabr" : "CE", "dt" : "02/10/2022", "ht" : "20:12:00", "s" : "22796", "st" : "15353", "snt" : "7443", "si" : "15353", "sni" : "0", "sa" : "15353", "sna" : "0", "pst" : "67,35", "psnt" : "32,65", "psi" : "67,35", "psni" : "0,00", "psa" : "100,00", "psna" : "0,00", "e" : "6818732", "ea" : "4630607", "ena" : "0", "esi" : "4630607", "esni" : "0", "c" : "3821317", "a" : "809290", "pea" : "100,00", "pena" : "0,00", "pesi" : "67,91", "pesni" : "0,00", "pa" : "17,48", "pc" : "82,52", "munnr" : "23", "munpt" : "143", "munf" : "18", "pmunnr" : "12,50", "pmunpt" : "77,72", "pmunf" : "9,78" }, 
{ "and" : "P", "tpabr" : "UF", "cdabr" : "GO", "dt" : "02/10/2022", "ht" : "20:11:19", "s" : "14620", "st" : "13120", "snt" : "1500", "si" : "13120", "sni" : "0", "sa" : "13120", "sna" : "0", "pst" : "89,74", "psnt" : "10,26", "psi" : "89,74", "psni" : "0,00", "psa" : "100,00", "psna" : "0,00", "e" : "4870292", "ea" : "4361642", "ena" : "0", "esi" : "4361642", "esni" : "0", "c" : "3417118", "a" : "944524", "pea" : "100,00", "pena" : "0,00", "pesi" : "89,56", "pesni" : "0,00", "pa" : "21,66", "pc" : "78,34", "munnr" : "45", "munpt" : "85", "munf" : "116", "pmunnr" : "18,29", "pmunpt" : "34,55", "pmunf" : "47,15" }, 
{ "and" : "P", "tpabr" : "UF", "cdabr" : "MS", "dt" : "02/10/2022", "ht" : "20:10:08", "s" : "6912", "st" : "6858", "snt" : "54", "si" : "6858", "sni" : "0", "sa" : "6858", "sna" : "0", "pst" : "99,22", "psnt" : "0,78", "psi" : "99,22", "psni" : "0,00", "psa" : "100,00", "psna" : "0,00", "e" : "1995932", "ea" : "1980326", "ena" : "0", "esi" : "1980326", "esni" : "0", "c" : "1543421", "a" : "436905", "pea" : "100,00", "pena" : "0,00", "pesi" : "99,22", "pesni" : "0,00", "pa" : "22,06", "pc" : "77,94", "munnr" : "0", "munpt" : "16", "munf" : "63", "pmunnr" : "00,00", "pmunpt" : "20,25", "pmunf" : "79,75" }, 
{ "and" : "P", "tpabr" : "UF", "cdabr" : "MT", "dt" : "02/10/2022", "ht" : "20:11:38", "s" : "7652", "st" : "6978", "snt" : "674", "si" : "6978", "sni" : "0", "sa" : "6978", "sna" : "0", "pst" : "91,19", "psnt" : "8,81", "psi" : "91,19", "psni" : "0,00", "psa" : "100,00", "psna" : "0,00", "e" : "2469604", "ea" : "2240398", "ena" : "0", "esi" : "2240398", "esni" : "0", "c" : "1721826", "a" : "518572", "pea" : "100,00", "pena" : "0,00", "pesi" : "90,72", "pesni" : "0,00", "pa" : "23,15", "pc" : "76,85", "munnr" : "6", "munpt" : "51", "munf" : "84", "pmunnr" : "4,26", "pmunpt" : "36,17", "pmunf" : "59,57" }, 
{ "and" : "P", "tpabr" : "UF", "cdabr" : "SE", "dt" : "02/10/2022", "ht" : "20:12:02", "s" : "5498", "st" : "4932", "snt" : "566", "si" : "4932", "sni" : "0", "sa" : "4932", "sna" : "0", "pst" : "89,71", "psnt" : "10,29", "psi" : "89,71", "psni" : "0,00", "psa" : "100,00", "psna" : "0,00", "e" : "1671376", "ea" : "1483005", "ena" : "0", "esi" : "1483005", "esni" : "0", "c" : "1213056", "a" : "269949", "pea" : "100,00", "pena" : "0,00", "pesi" : "88,73", "pesni" : "0,00", "pa" : "18,20", "pc" : "81,80", "munnr" : "2", "munpt" : "42", "munf" : "31", "pmunnr" : "2,67", "pmunpt" : "56,00", "pmunf" : "41,33" }, 
{ "and" : "P", "tpabr" : "UF", "cdabr" : "DF", "dt" : "02/10/2022", "ht" : "20:11:15", "s" : "6748", "st" : "6729", "snt" : "19", "si" : "6729", "sni" : "0", "sa" : "6729", "sna" : "0", "pst" : "99,72", "psnt" : "0,28", "psi" : "99,72", "psni" : "0,00", "psa" : "100,00", "psna" : "0,00", "e" : "2206996", "ea" : "2199887", "ena" : "0", "esi" : "2199887", "esni" : "0", "c" : "1814206", "a" : "385681", "pea" : "100,00", "pena" : "0,00", "pesi" : "99,68", "pesni" : "0,00", "pa" : "17,53", "pc" : "82,47", "munnr" : "0", "munpt" : "1", "munf" : "0", "pmunnr" : "00,00", "pmunpt" : "100,00", "pmunf" : "00,00" }, 
{ "and" : "P", "tpabr" : "UF", "cdabr" : "ES", "dt" : "02/10/2022", "ht" : "20:08:57", "s" : "9239", "st" : "9183", "snt" : "56", "si" : "9183", "sni" : "0", "sa" : "9183", "sna" : "0", "pst" : "99,39", "psnt" : "0,61", "psi" : "99,39", "psni" : "0,00", "psa" : "100,00", "psna" : "0,00", "e" : "2922379", "ea" : "2903616", "ena" : "0", "esi" : "2903616", "esni" : "0", "c" : "2301422", "a" : "602194", "pea" : "100,00", "pena" : "0,00", "pesi" : "99,36", "pesni" : "0,00", "pa" : "20,74", "pc" : "79,26", "munnr" : "0", "munpt" : "6", "munf" : "72", "pmunnr" : "00,00", "pmunpt" : "7,69", "pmunf" : "92,31" }, 
{ "and" : "P", "tpabr" : "UF", "cdabr" : "MA", "dt" : "02/10/2022", "ht" : "20:11:57", "s" : "16423", "st" : "7856", "snt" : "8567", "si" : "7856", "sni" : "0", "sa" : "7856", "sna" : "0", "pst" : "47,84", "psnt" : "52,16", "psi" : "47,84", "psni" : "0,00", "psa" : "100,00", "psna" : "0,00", "e" : "5039287", "ea" : "2399221", "ena" : "0", "esi" : "2399221", "esni" : "0", "c" : "1895715", "a" : "503506", "pea" : "100,00", "pena" : "0,00", "pesi" : "47,61", "pesni" : "0,00", "pa" : "20,99", "pc" : "79,01", "munnr" : "59", "munpt" : "153", "munf" : "5", "pmunnr" : "27,19", "pmunpt" : "70,51", "pmunf" : "2,30" }, 
{ "and" : "P", "tpabr" : "UF", "cdabr" : "PA", "dt" : "02/10/2022", "ht" : "20:11:59", "s" : "18235", "st" : "13911", "snt" : "4324", "si" : "13911", "sni" : "0", "sa" : "13911", "sna" : "0", "pst" : "76,29", "psnt" : "23,71", "psi" : "76,29", "psni" : "0,00", "psa" : "100,00", "psna" : "0,00", "e" : "6079280", "ea" : "4598980", "ena" : "0", "esi" : "4598980", "esni" : "0", "c" : "3628158", "a" : "970822", "pea" : "100,00", "pena" : "0,00", "pesi" : "75,65", "pesni" : "0,00", "pa" : "21,11", "pc" : "78,89", "munnr" : "0", "munpt" : "136", "munf" : "8", "pmunnr" : "00,00", "pmunpt" : "94,44", "pmunf" : "5,56" }, 
{ "and" : "P", "tpabr" : "UF", "cdabr" : "PI", "dt" : "02/10/2022", "ht" : "20:11:41", "s" : "8963", "st" : "6610", "snt" : "2353", "si" : "6610", "sni" : "0", "sa" : "6610", "sna" : "0", "pst" : "73,75", "psnt" : "26,25", "psi" : "73,75", "psni" : "0,00", "psa" : "100,00", "psna" : "0,00", "e" : "2570433", "ea" : "1865945", "ena" : "0", "esi" : "1865945", "esni" : "0", "c" : "1534980", "a" : "330965", "pea" : "100,00", "pena" : "0,00", "pesi" : "72,59", "pesni" : "0,00", "pa" : "17,74", "pc" : "82,26", "munnr" : "20", "munpt" : "175", "munf" : "29", "pmunnr" : "8,93", "pmunpt" : "78,13", "pmunf" : "12,95" }, 
{ "and" : "P", "tpabr" : "UF", "cdabr" : "RS", "dt" : "02/10/2022", "ht" : "20:11:27", "s" : "27201", "st" : "25200", "snt" : "2001", "si" : "25200", "sni" : "0", "sa" : "25200", "sna" : "0", "pst" : "92,64", "psnt" : "7,36", "psi" : "92,64", "psni" : "0,00", "psa" : "100,00", "psna" : "0,00", "e" : "8589432", "ea" : "7973733", "ena" : "0", "esi" : "7973733", "esni" : "0", "c" : "6392233", "a" : "1581500", "pea" : "100,00", "pena" : "0,00", "pesi" : "92,83", "pesni" : "0,00", "pa" : "19,83", "pc" : "80,17", "munnr" : "45", "munpt" : "97", "munf" : "355", "pmunnr" : "9,05", "pmunpt" : "19,52", "pmunf" : "71,43" }, 
{ "and" : "P", "tpabr" : "UF", "cdabr" : "AC", "dt" : "02/10/2022", "ht" : "20:11:15", "s" : "2124", "st" : "2009", "snt" : "115", "si" : "2009", "sni" : "0", "sa" : "2009", "sna" : "0", "pst" : "94,59", "psnt" : "5,41", "psi" : "94,59", "psni" : "0,00", "psa" : "100,00", "psna" : "0,00", "e" : "587738", "ea" : "556148", "ena" : "0", "esi" : "556148", "esni" : "0", "c" : "431630", "a" : "124518", "pea" : "100,00", "pena" : "0,00", "pesi" : "94,63", "pesni" : "0,00", "pa" : "22,39", "pc" : "77,61", "munnr" : "0", "munpt" : "16", "munf" : "6", "pmunnr" : "00,00", "pmunpt" : "72,73", "pmunf" : "27,27" }, 
{ "and" : "P", "tpabr" : "UF", "cdabr" : "PR", "dt" : "02/10/2022", "ht" : "20:11:21", "s" : "25721", "st" : "24814", "snt" : "907", "si" : "24814", "sni" : "0", "sa" : "24814", "sna" : "0", "pst" : "96,47", "psnt" : "3,53", "psi" : "96,47", "psni" : "0,00", "psa" : "100,00", "psna" : "0,00", "e" : "8480435", "ea" : "8172509", "ena" : "0", "esi" : "8172509", "esni" : "0", "c" : "6583065", "a" : "1589444", "pea" : "100,00", "pena" : "0,00", "pesi" : "96,37", "pesni" : "0,00", "pa" : "19,45", "pc" : "80,55", "munnr" : "9", "munpt" : "113", "munf" : "277", "pmunnr" : "2,26", "pmunpt" : "28,32", "pmunf" : "69,42" }, 
{ "and" : "P", "tpabr" : "UF", "cdabr" : "SC", "dt" : "02/10/2022", "ht" : "20:12:03", "s" : "16242", "st" : "13527", "snt" : "2715", "si" : "13527", "sni" : "0", "sa" : "13527", "sna" : "0", "pst" : "83,28", "psnt" : "16,72", "psi" : "83,28", "psni" : "0,00", "psa" : "100,00", "psna" : "0,00", "e" : "5501478", "ea" : "4546817", "ena" : "0", "esi" : "4546817", "esni" : "0", "c" : "3721582", "a" : "825235", "pea" : "100,00", "pena" : "0,00", "pesi" : "82,65", "pesni" : "0,00", "pa" : "18,15", "pc" : "81,85", "munnr" : "23", "munpt" : "110", "munf" : "162", "pmunnr" : "7,80", "pmunpt" : "37,29", "pmunf" : "54,92" }, 
{ "and" : "P", "tpabr" : "UF", "cdabr" : "TO", "dt" : "02/10/2022", "ht" : "20:11:29", "s" : "3957", "st" : "3801", "snt" : "156", "si" : "3801", "sni" : "0", "sa" : "3801", "sna" : "0", "pst" : "96,06", "psnt" : "3,94", "psi" : "96,06", "psni" : "0,00", "psa" : "100,00", "psna" : "0,00", "e" : "1094346", "ea" : "1048636", "ena" : "0", "esi" : "1048636", "esni" : "0", "c" : "854548", "a" : "194088", "pea" : "100,00", "pena" : "0,00", "pesi" : "95,82", "pesni" : "0,00", "pa" : "18,51", "pc" : "81,49", "munnr" : "2", "munpt" : "30", "munf" : "107", "pmunnr" : "1,44", "pmunpt" : "21,58", "pmunf" : "76,98" }, 
{ "and" : "P", "tpabr" : "UF", "cdabr" : "AL", "dt" : "02/10/2022", "ht" : "20:11:03", "s" : "6626", "st" : "2328", "snt" : "4298", "si" : "2328", "sni" : "0", "sa" : "2328", "sna" : "0", "pst" : "35,13", "psnt" : "64,87", "psi" : "35,13", "psni" : "0,00", "psa" : "100,00", "psna" : "0,00", "e" : "2326491", "ea" : "753908", "ena" : "0", "esi" : "753908", "esni" : "0", "c" : "590667", "a" : "163241", "pea" : "100,00", "pena" : "0,00", "pesi" : "32,41", "pesni" : "0,00", "pa" : "21,65", "pc" : "78,35", "munnr" : "47", "munpt" : "46", "munf" : "9", "pmunnr" : "46,08", "pmunpt" : "45,10", "pmunf" : "8,82" }, 
{ "and" : "P", "tpabr" : "UF", "cdabr" : "BA", "dt" : "02/10/2022", "ht" : "20:11:45", "s" : "34424", "st" : "19846", "snt" : "14578", "si" : "19846", "sni" : "0", "sa" : "19846", "sna" : "0", "pst" : "57,65", "psnt" : "42,35", "psi" : "57,65", "psni" : "0,00", "psa" : "100,00", "psna" : "0,00", "e" : "11283405", "ea" : "6285830", "ena" : "0", "esi" : "6285830", "esni" : "0", "c" : "4949955", "a" : "1335875", "pea" : "100,00", "pena" : "0,00", "pesi" : "55,71", "pesni" : "0,00", "pa" : "21,25", "pc" : "78,75", "munnr" : "45", "munpt" : "333", "munf" : "39", "pmunnr" : "10,79", "pmunpt" : "79,86", "pmunf" : "9,35" }, 
{ "and" : "P", "tpabr" : "UF", "cdabr" : "PB", "dt" : "02/10/2022", "ht" : "20:11:42", "s" : "9602", "st" : "8135", "snt" : "1467", "si" : "8135", "sni" : "0", "sa" : "8135", "sna" : "0", "pst" : "84,72", "psnt" : "15,28", "psi" : "84,72", "psni" : "0,00", "psa" : "100,00", "psna" : "0,00", "e" : "3092053", "ea" : "2603216", "ena" : "0", "esi" : "2603216", "esni" : "0", "c" : "2160079", "a" : "443137", "pea" : "100,00", "pena" : "0,00", "pesi" : "84,19", "pesni" : "0,00", "pa" : "17,02", "pc" : "82,98", "munnr" : "28", "munpt" : "85", "munf" : "110", "pmunnr" : "12,56", "pmunpt" : "38,12", "pmunf" : "49,33" }, 
{ "and" : "P", "tpabr" : "UF", "cdabr" : "AP", "dt" : "02/10/2022", "ht" : "20:11:15", "s" : "1740", "st" : "1537", "snt" : "203", "si" : "1537", "sni" : "0", "sa" : "1537", "sna" : "0", "pst" : "88,33", "psnt" : "11,67", "psi" : "88,33", "psni" : "0,00", "psa" : "100,00", "psna" : "0,00", "e" : "550165", "ea" : "478809", "ena" : "0", "esi" : "478809", "esni" : "0", "c" : "384806", "a" : "94003", "pea" : "100,00", "pena" : "0,00", "pesi" : "87,03", "pesni" : "0,00", "pa" : "19,63", "pc" : "80,37", "munnr" : "1", "munpt" : "10", "munf" : "5", "pmunnr" : "6,25", "pmunpt" : "62,50", "pmunf" : "31,25" }, 
{ "and" : "P", "tpabr" : "UF", "cdabr" : "RJ", "dt" : "02/10/2022", "ht" : "20:11:33", "s" : "34068", "st" : "21341", "snt" : "12727", "si" : "21341", "sni" : "0", "sa" : "21341", "sna" : "0", "pst" : "62,64", "psnt" : "37,36", "psi" : "62,64", "psni" : "0,00", "psa" : "100,00", "psna" : "0,00", "e" : "12826356", "ea" : "7743292", "ena" : "0", "esi" : "7743292", "esni" : "0", "c" : "5974982", "a" : "1768310", "pea" : "100,00", "pena" : "0,00", "pesi" : "60,37", "pesni" : "0,00", "pa" : "22,84", "pc" : "77,16", "munnr" : "4", "munpt" : "79", "munf" : "9", "pmunnr" : "4,35", "pmunpt" : "85,87", "pmunf" : "9,78" }, 
{ "and" : "P", "tpabr" : "UF", "cdabr" : "RR", "dt" : "02/10/2022", "ht" : "20:10:10", "s" : "1268", "st" : "1213", "snt" : "55", "si" : "1213", "sni" : "0", "sa" : "1213", "sna" : "0", "pst" : "95,66", "psnt" : "4,34", "psi" : "95,66", "psni" : "0,00", "psa" : "100,00", "psna" : "0,00", "e" : "366632", "ea" : "348686", "ena" : "0", "esi" : "348686", "esni" : "0", "c" : "290638", "a" : "58048", "pea" : "100,00", "pena" : "0,00", "pesi" : "95,11", "pesni" : "0,00", "pa" : "16,65", "pc" : "83,35", "munnr" : "0", "munpt" : "10", "munf" : "5", "pmunnr" : "00,00", "pmunpt" : "66,67", "pmunf" : "33,33" }, 
{ "and" : "P", "tpabr" : "UF", "cdabr" : "ZZ", "dt" : "02/10/2022", "ht" : "20:11:19", "s" : "1064", "st" : "626", "snt" : "438", "si" : "615", "sni" : "11", "sa" : "615", "sna" : "0", "pst" : "58,83", "psnt" : "41,17", "psi" : "57,80", "psni" : "42,20", "psa" : "100,00", "psna" : "0,00", "e" : "695355", "ea" : "430218", "ena" : "0", "esi" : "430218", "esni" : "55", "c" : "194341", "a" : "235877", "pea" : "100,00", "pena" : "0,00", "pesi" : "61,87", "pesni" : "99,99", "pa" : "54,83", "pc" : "45,17", "munnr" : "85", "munpt" : "21", "munf" : "75", "pmunnr" : "46,96", "pmunpt" : "11,60", "pmunf" : "41,44" }, 
{ "and" : "P", "tpabr" : "UF", "cdabr" : "SP", "dt" : "02/10/2022", "ht" : "20:11:27", "s" : "101073", "st" : "82757", "snt" : "18316", "si" : "82757", "sni" : "0", "sa" : "82757", "sna" : "0", "pst" : "81,88", "psnt" : "18,12", "psi" : "81,88", "psni" : "0,00", "psa" : "100,00", "psna" : "0,00", "e" : "34684927", "ea" : "28156434", "ena" : "0", "esi" : "28156434", "esni" : "0", "c" : "22038442", "a" : "6117992", "pea" : "100,00", "pena" : "0,00", "pesi" : "81,18", "pesni" : "0,00", "pa" : "21,73", "pc" : "78,27", "munnr" : "56", "munpt" : "149", "munf" : "440", "pmunnr" : "8,68", "pmunpt" : "23,10", "pmunf" : "68,22" }, 
{ "and" : "P", "tpabr" : "BR", "cdabr" : "BR", "dt" : "02/10/2022", "ht" : "20:12:03", "s" : "472075", "st" : "363285", "snt" : "108790", "si" : "363274", "sni" : "11", "sa" : "363274", "sna" : "0", "pst" : "76,95", "psnt" : "23,05", "psi" : "76,95", "psni" : "23,05", "psa" : "100,00", "psna" : "0,00", "e" : "156454011", "ea" : "118701258", "ena" : "0", "esi" : "118701258", "esni" : "55", "c" : "94085575", "a" : "24615683", "pea" : "100,00", "pena" : "0,00", "pesi" : "75,86", "pesni" : "100,00", "pa" : "20,74", "pc" : "79,26", "ufsnr" : "0", "ufspt" : "28", "ufsf" : "0", "pufsnr" : "00,00", "pufspt" : "100,00", "pufsf" : "00,00" } ] }