
{ "ele" : "544", "t" : "1", "f" : "O", "dg" : "02/10/2022", "hg" : "20:37:33", "abr" : [ 
{ "and" : "P", "tpabr" : "UF", "cdabr" : "AM", "dt" : "02/10/2022", "ht" : "20:37:05", "s" : "7454", "st" : "6973", "snt" : "481", "si" : "6973", "sni" : "0", "sa" : "6973", "sna" : "0", "pst" : "93,55", "psnt" : "6,45", "psi" : "93,55", "psni" : "0,00", "psa" : "100,00", "psna" : "0,00", "e" : "2646924", "ea" : "2465727", "ena" : "0", "esi" : "2465727", "esni" : "0", "c" : "1975143", "a" : "490584", "pea" : "100,00", "pena" : "0,00", "pesi" : "93,15", "pesni" : "0,00", "pa" : "19,90", "pc" : "80,10", "munnr" : "0", "munpt" : "43", "munf" : "19", "pmunnr" : "00,00", "pmunpt" : "69,35", "pmunf" : "30,65" }, 
{ "and" : "P", "tpabr" : "UF", "cdabr" : "PE", "dt" : "02/10/2022", "ht" : "20:36:53", "s" : "20572", "st" : "17700", "snt" : "2872", "si" : "17700", "sni" : "0", "sa" : "17700", "sna" : "0", "pst" : "86,04", "psnt" : "13,96", "psi" : "86,04", "psni" : "0,00", "psa" : "100,00", "psna" : "0,00", "e" : "7015421", "ea" : "6010926", "ena" : "0", "esi" : "6010926", "esni" : "0", "c" : "4940261", "a" : "1070665", "pea" : "100,00", "pena" : "0,00", "pesi" : "85,68", "pesni" : "0,00", "pa" : "17,81", "pc" : "82,19", "munnr" : "17", "munpt" : "106", "munf" : "62", "pmunnr" : "9,19", "pmunpt" : "57,30", "pmunf" : "33,51" }, 
{ "and" : "P", "tpabr" : "UF", "cdabr" : "RN", "dt" : "02/10/2022", "ht" : "20:37:15", "s" : "7674", "st" : "7264", "snt" : "410", "si" : "7264", "sni" : "0", "sa" : "7264", "sna" : "0", "pst" : "94,66", "psnt" : "5,34", "psi" : "94,66", "psni" : "0,00", "psa" : "100,00", "psna" : "0,00", "e" : "2554716", "ea" : "2410030", "ena" : "0", "esi" : "2410030", "esni" : "0", "c" : "1973060", "a" : "436970", "pea" : "100,00", "pena" : "0,00", "pesi" : "94,34", "pesni" : "0,00", "pa" : "18,13", "pc" : "81,87", "munnr" : "1", "munpt" : "46", "munf" : "120", "pmunnr" : "0,60", "pmunpt" : "27,54", "pmunf" : "71,86" }, 
{ "and" : "P", "tpabr" : "UF", "cdabr" : "MG", "dt" : "02/10/2022", "ht" : "20:37:05", "s" : "49981", "st" : "45296", "snt" : "4685", "si" : "45296", "sni" : "0", "sa" : "45296", "sna" : "0", "pst" : "90,63", "psnt" : "9,37", "psi" : "90,63", "psni" : "0,00", "psa" : "100,00", "psna" : "0,00", "e" : "16283828", "ea" : "14674571", "ena" : "0", "esi" : "14674571", "esni" : "0", "c" : "11417911", "a" : "3256660", "pea" : "100,00", "pena" : "0,00", "pesi" : "90,12", "pesni" : "0,00", "pa" : "22,19", "pc" : "77,81", "munnr" : "82", "munpt" : "149", "munf" : "622", "pmunnr" : "9,61", "pmunpt" : "17,47", "pmunf" : "72,92" }, 
{ "and" : "P", "tpabr" : "UF", "cdabr" : "RO", "dt" : "02/10/2022", "ht" : "20:37:05", "s" : "4198", "st" : "4130", "snt" : "68", "si" : "4130", "sni" : "0", "sa" : "4130", "sna" : "0", "pst" : "98,38", "psnt" : "1,62", "psi" : "98,38", "psni" : "0,00", "psa" : "100,00", "psna" : "0,00", "e" : "1229998", "ea" : "1205895", "ena" : "0", "esi" : "1205895", "esni" : "0", "c" : "909430", "a" : "296465", "pea" : "100,00", "pena" : "0,00", "pesi" : "98,04", "pesni" : "0,00", "pa" : "24,58", "pc" : "75,42", "munnr" : "0", "munpt" : "14", "munf" : "38", "pmunnr" : "00,00", "pmunpt" : "26,92", "pmunf" : "73,08" }, 
{ "and" : "P", "tpabr" : "UF", "cdabr" : "CE", "dt" : "02/10/2022", "ht" : "20:37:20", "s" : "22796", "st" : "19799", "snt" : "2997", "si" : "19799", "sni" : "0", "sa" : "19799", "sna" : "0", "pst" : "86,85", "psnt" : "13,15", "psi" : "86,85", "psni" : "0,00", "psa" : "100,00", "psna" : "0,00", "e" : "6818732", "ea" : "5953046", "ena" : "0", "esi" : "5953046", "esni" : "0", "c" : "4912749", "a" : "1040297", "pea" : "100,00", "pena" : "0,00", "pesi" : "87,30", "pesni" : "0,00", "pa" : "17,48", "pc" : "82,52", "munnr" : "12", "munpt" : "111", "munf" : "61", "pmunnr" : "6,52", "pmunpt" : "60,33", "pmunf" : "33,15" }, 
{ "and" : "P", "tpabr" : "UF", "cdabr" : "GO", "dt" : "02/10/2022", "ht" : "20:37:00", "s" : "14620", "st" : "14313", "snt" : "307", "si" : "14313", "sni" : "0", "sa" : "14313", "sna" : "0", "pst" : "97,90", "psnt" : "2,10", "psi" : "97,90", "psni" : "0,00", "psa" : "100,00", "psna" : "0,00", "e" : "4870292", "ea" : "4766405", "ena" : "0", "esi" : "4766405", "esni" : "0", "c" : "3733232", "a" : "1033173", "pea" : "100,00", "pena" : "0,00", "pesi" : "97,87", "pesni" : "0,00", "pa" : "21,68", "pc" : "78,32", "munnr" : "8", "munpt" : "33", "munf" : "205", "pmunnr" : "3,25", "pmunpt" : "13,41", "pmunf" : "83,33" }, 
{ "and" : "P", "tpabr" : "UF", "cdabr" : "MS", "dt" : "02/10/2022", "ht" : "20:35:53", "s" : "6912", "st" : "6906", "snt" : "6", "si" : "6906", "sni" : "0", "sa" : "6906", "sna" : "0", "pst" : "99,91", "psnt" : "0,09", "psi" : "99,91", "psni" : "0,00", "psa" : "100,00", "psna" : "0,00", "e" : "1995932", "ea" : "1994312", "ena" : "0", "esi" : "1994312", "esni" : "0", "c" : "1553779", "a" : "440533", "pea" : "100,00", "pena" : "0,00", "pesi" : "99,92", "pesni" : "0,00", "pa" : "22,09", "pc" : "77,91", "munnr" : "0", "munpt" : "4", "munf" : "75", "pmunnr" : "00,00", "pmunpt" : "5,06", "pmunf" : "94,94" }, 
{ "and" : "P", "tpabr" : "UF", "cdabr" : "MT", "dt" : "02/10/2022", "ht" : "20:37:04", "s" : "7652", "st" : "7494", "snt" : "158", "si" : "7494", "sni" : "0", "sa" : "7494", "sna" : "0", "pst" : "97,94", "psnt" : "2,06", "psi" : "97,94", "psni" : "0,00", "psa" : "100,00", "psna" : "0,00", "e" : "2469604", "ea" : "2416791", "ena" : "0", "esi" : "2416791", "esni" : "0", "c" : "1853014", "a" : "563777", "pea" : "100,00", "pena" : "0,00", "pesi" : "97,86", "pesni" : "0,00", "pa" : "23,33", "pc" : "76,67", "munnr" : "2", "munpt" : "21", "munf" : "118", "pmunnr" : "1,42", "pmunpt" : "14,89", "pmunf" : "83,69" }, 
{ "and" : "P", "tpabr" : "UF", "cdabr" : "SE", "dt" : "02/10/2022", "ht" : "20:37:06", "s" : "5498", "st" : "5387", "snt" : "111", "si" : "5387", "sni" : "0", "sa" : "5387", "sna" : "0", "pst" : "97,98", "psnt" : "2,02", "psi" : "97,98", "psni" : "0,00", "psa" : "100,00", "psna" : "0,00", "e" : "1671376", "ea" : "1632790", "ena" : "0", "esi" : "1632790", "esni" : "0", "c" : "1333458", "a" : "299332", "pea" : "100,00", "pena" : "0,00", "pesi" : "97,69", "pesni" : "0,00", "pa" : "18,33", "pc" : "81,67", "munnr" : "0", "munpt" : "17", "munf" : "58", "pmunnr" : "00,00", "pmunpt" : "22,67", "pmunf" : "77,33" }, 
{ "and" : "F", "tpabr" : "UF", "cdabr" : "DF", "dt" : "02/10/2022", "ht" : "20:36:59", "s" : "6748", "st" : "6748", "snt" : "0", "si" : "6748", "sni" : "0", "sa" : "6748", "sna" : "0", "pst" : "100,00", "psnt" : "0,00", "psi" : "100,00", "psni" : "0,00", "psa" : "100,00", "psna" : "0,00", "e" : "2206996", "ea" : "2206996", "ena" : "0", "esi" : "2206996", "esni" : "0", "c" : "1819900", "a" : "387096", "pea" : "100,00", "pena" : "0,00", "pesi" : "100,00", "pesni" : "0,00", "pa" : "17,54", "pc" : "82,46", "munnr" : "0", "munpt" : "0", "munf" : "1", "pmunnr" : "00,00", "pmunpt" : "00,00", "pmunf" : "100,00" }, 
{ "and" : "P", "tpabr" : "UF", "cdabr" : "ES", "dt" : "02/10/2022", "ht" : "20:36:59", "s" : "9239", "st" : "9237", "snt" : "2", "si" : "9237", "sni" : "0", "sa" : "9237", "sna" : "0", "pst" : "99,98", "psnt" : "0,02", "psi" : "99,98", "psni" : "0,00", "psa" : "100,00", "psna" : "0,00", "e" : "2922379", "ea" : "2921783", "ena" : "0", "esi" : "2921783", "esni" : "0", "c" : "2315443", "a" : "606340", "pea" : "100,00", "pena" : "0,00", "pesi" : "99,98", "pesni" : "0,00", "pa" : "20,75", "pc" : "79,25", "munnr" : "0", "munpt" : "1", "munf" : "77", "pmunnr" : "00,00", "pmunpt" : "1,28", "pmunf" : "98,72" }, 
{ "and" : "P", "tpabr" : "UF", "cdabr" : "MA", "dt" : "02/10/2022", "ht" : "20:36:55", "s" : "16423", "st" : "10956", "snt" : "5467", "si" : "10956", "sni" : "0", "sa" : "10956", "sna" : "0", "pst" : "66,71", "psnt" : "33,29", "psi" : "66,71", "psni" : "0,00", "psa" : "100,00", "psna" : "0,00", "e" : "5039287", "ea" : "3375534", "ena" : "0", "esi" : "3375534", "esni" : "0", "c" : "2653083", "a" : "722451", "pea" : "100,00", "pena" : "0,00", "pesi" : "66,98", "pesni" : "0,00", "pa" : "21,40", "pc" : "78,60", "munnr" : "41", "munpt" : "148", "munf" : "28", "pmunnr" : "18,89", "pmunpt" : "68,20", "pmunf" : "12,90" }, 
{ "and" : "P", "tpabr" : "UF", "cdabr" : "PA", "dt" : "02/10/2022", "ht" : "20:36:54", "s" : "18235", "st" : "16379", "snt" : "1856", "si" : "16379", "sni" : "0", "sa" : "16379", "sna" : "0", "pst" : "89,82", "psnt" : "10,18", "psi" : "89,82", "psni" : "0,00", "psa" : "100,00", "psna" : "0,00", "e" : "6079280", "ea" : "5454186", "ena" : "0", "esi" : "5454186", "esni" : "0", "c" : "4295578", "a" : "1158608", "pea" : "100,00", "pena" : "0,00", "pesi" : "89,72", "pesni" : "0,00", "pa" : "21,24", "pc" : "78,76", "munnr" : "0", "munpt" : "119", "munf" : "25", "pmunnr" : "00,00", "pmunpt" : "82,64", "pmunf" : "17,36" }, 
{ "and" : "P", "tpabr" : "UF", "cdabr" : "PI", "dt" : "02/10/2022", "ht" : "20:37:12", "s" : "8963", "st" : "7909", "snt" : "1054", "si" : "7909", "sni" : "0", "sa" : "7909", "sna" : "0", "pst" : "88,24", "psnt" : "11,76", "psi" : "88,24", "psni" : "0,00", "psa" : "100,00", "psna" : "0,00", "e" : "2570433", "ea" : "2260295", "ena" : "0", "esi" : "2260295", "esni" : "0", "c" : "1859925", "a" : "400370", "pea" : "100,00", "pena" : "0,00", "pesi" : "87,93", "pesni" : "0,00", "pa" : "17,71", "pc" : "82,29", "munnr" : "9", "munpt" : "138", "munf" : "77", "pmunnr" : "4,02", "pmunpt" : "61,61", "pmunf" : "34,38" }, 
{ "and" : "P", "tpabr" : "UF", "cdabr" : "RS", "dt" : "02/10/2022", "ht" : "20:37:02", "s" : "27201", "st" : "26656", "snt" : "545", "si" : "26656", "sni" : "0", "sa" : "26656", "sna" : "0", "pst" : "98,00", "psnt" : "2,00", "psi" : "98,00", "psni" : "0,00", "psa" : "100,00", "psna" : "0,00", "e" : "8589432", "ea" : "8411217", "ena" : "0", "esi" : "8411217", "esni" : "0", "c" : "6747672", "a" : "1663545", "pea" : "100,00", "pena" : "0,00", "pesi" : "97,93", "pesni" : "0,00", "pa" : "19,78", "pc" : "80,22", "munnr" : "8", "munpt" : "31", "munf" : "458", "pmunnr" : "1,61", "pmunpt" : "6,24", "pmunf" : "92,15" }, 
{ "and" : "P", "tpabr" : "UF", "cdabr" : "AC", "dt" : "02/10/2022", "ht" : "20:35:45", "s" : "2124", "st" : "2067", "snt" : "57", "si" : "2067", "sni" : "0", "sa" : "2067", "sna" : "0", "pst" : "97,32", "psnt" : "2,68", "psi" : "97,32", "psni" : "0,00", "psa" : "100,00", "psna" : "0,00", "e" : "587738", "ea" : "571736", "ena" : "0", "esi" : "571736", "esni" : "0", "c" : "443895", "a" : "127841", "pea" : "100,00", "pena" : "0,00", "pesi" : "97,28", "pesni" : "0,00", "pa" : "22,36", "pc" : "77,64", "munnr" : "0", "munpt" : "10", "munf" : "12", "pmunnr" : "00,00", "pmunpt" : "45,45", "pmunf" : "54,55" }, 
{ "and" : "P", "tpabr" : "UF", "cdabr" : "PR", "dt" : "02/10/2022", "ht" : "20:37:02", "s" : "25721", "st" : "25483", "snt" : "238", "si" : "25483", "sni" : "0", "sa" : "25483", "sna" : "0", "pst" : "99,07", "psnt" : "0,93", "psi" : "99,07", "psni" : "0,00", "psa" : "100,00", "psna" : "0,00", "e" : "8480435", "ea" : "8400483", "ena" : "0", "esi" : "8400483", "esni" : "0", "c" : "6766069", "a" : "1634414", "pea" : "100,00", "pena" : "0,00", "pesi" : "99,06", "pesni" : "0,00", "pa" : "19,46", "pc" : "80,54", "munnr" : "2", "munpt" : "43", "munf" : "354", "pmunnr" : "0,50", "pmunpt" : "10,78", "pmunf" : "88,72" }, 
{ "and" : "P", "tpabr" : "UF", "cdabr" : "SC", "dt" : "02/10/2022", "ht" : "20:37:09", "s" : "16242", "st" : "15834", "snt" : "408", "si" : "15834", "sni" : "0", "sa" : "15834", "sna" : "0", "pst" : "97,49", "psnt" : "2,51", "psi" : "97,49", "psni" : "0,00", "psa" : "100,00", "psna" : "0,00", "e" : "5501478", "ea" : "5357896", "ena" : "0", "esi" : "5357896", "esni" : "0", "c" : "4370093", "a" : "987803", "pea" : "100,00", "pena" : "0,00", "pesi" : "97,39", "pesni" : "0,00", "pa" : "18,44", "pc" : "81,56", "munnr" : "4", "munpt" : "34", "munf" : "257", "pmunnr" : "1,36", "pmunpt" : "11,53", "pmunf" : "87,12" }, 
{ "and" : "P", "tpabr" : "UF", "cdabr" : "TO", "dt" : "02/10/2022", "ht" : "20:35:58", "s" : "3957", "st" : "3923", "snt" : "34", "si" : "3923", "sni" : "0", "sa" : "3923", "sna" : "0", "pst" : "99,14", "psnt" : "0,86", "psi" : "99,14", "psni" : "0,00", "psa" : "100,00", "psna" : "0,00", "e" : "1094346", "ea" : "1083997", "ena" : "0", "esi" : "1083997", "esni" : "0", "c" : "883130", "a" : "200867", "pea" : "100,00", "pena" : "0,00", "pesi" : "99,05", "pesni" : "0,00", "pa" : "18,53", "pc" : "81,47", "munnr" : "0", "munpt" : "9", "munf" : "130", "pmunnr" : "00,00", "pmunpt" : "6,47", "pmunf" : "93,53" }, 
{ "and" : "P", "tpabr" : "UF", "cdabr" : "AL", "dt" : "02/10/2022", "ht" : "20:36:54", "s" : "6626", "st" : "3910", "snt" : "2716", "si" : "3910", "sni" : "0", "sa" : "3910", "sna" : "0", "pst" : "59,01", "psnt" : "40,99", "psi" : "59,01", "psni" : "0,00", "psa" : "100,00", "psna" : "0,00", "e" : "2326491", "ea" : "1317986", "ena" : "0", "esi" : "1317986", "esni" : "0", "c" : "1028443", "a" : "289543", "pea" : "100,00", "pena" : "0,00", "pesi" : "56,65", "pesni" : "0,00", "pa" : "21,97", "pc" : "78,03", "munnr" : "35", "munpt" : "46", "munf" : "21", "pmunnr" : "34,31", "pmunpt" : "45,10", "pmunf" : "20,59" }, 
{ "and" : "P", "tpabr" : "UF", "cdabr" : "BA", "dt" : "02/10/2022", "ht" : "20:36:52", "s" : "34424", "st" : "27972", "snt" : "6452", "si" : "27972", "sni" : "0", "sa" : "27972", "sna" : "0", "pst" : "81,26", "psnt" : "18,74", "psi" : "81,26", "psni" : "0,00", "psa" : "100,00", "psna" : "0,00", "e" : "11283405", "ea" : "9114955", "ena" : "0", "esi" : "9114955", "esni" : "0", "c" : "7192547", "a" : "1922408", "pea" : "100,00", "pena" : "0,00", "pesi" : "80,78", "pesni" : "0,00", "pa" : "21,09", "pc" : "78,91", "munnr" : "26", "munpt" : "270", "munf" : "121", "pmunnr" : "6,24", "pmunpt" : "64,75", "pmunf" : "29,02" }, 
{ "and" : "P", "tpabr" : "UF", "cdabr" : "PB", "dt" : "02/10/2022", "ht" : "20:37:02", "s" : "9602", "st" : "9360", "snt" : "242", "si" : "9360", "sni" : "0", "sa" : "9360", "sna" : "0", "pst" : "97,48", "psnt" : "2,52", "psi" : "97,48", "psni" : "0,00", "psa" : "100,00", "psna" : "0,00", "e" : "3092053", "ea" : "3011490", "ena" : "0", "esi" : "3011490", "esni" : "0", "c" : "2492126", "a" : "519364", "pea" : "100,00", "pena" : "0,00", "pesi" : "97,39", "pesni" : "0,00", "pa" : "17,25", "pc" : "82,75", "munnr" : "4", "munpt" : "28", "munf" : "191", "pmunnr" : "1,79", "pmunpt" : "12,56", "pmunf" : "85,65" }, 
{ "and" : "P", "tpabr" : "UF", "cdabr" : "AP", "dt" : "02/10/2022", "ht" : "20:37:02", "s" : "1740", "st" : "1700", "snt" : "40", "si" : "1700", "sni" : "0", "sa" : "1700", "sna" : "0", "pst" : "97,70", "psnt" : "2,30", "psi" : "97,70", "psni" : "0,00", "psa" : "100,00", "psna" : "0,00", "e" : "550165", "ea" : "536754", "ena" : "0", "esi" : "536754", "esni" : "0", "c" : "431726", "a" : "105028", "pea" : "100,00", "pena" : "0,00", "pesi" : "97,56", "pesni" : "0,00", "pa" : "19,57", "pc" : "80,43", "munnr" : "0", "munpt" : "7", "munf" : "9", "pmunnr" : "00,00", "pmunpt" : "43,75", "pmunf" : "56,25" }, 
{ "and" : "P", "tpabr" : "UF", "cdabr" : "RJ", "dt" : "02/10/2022", "ht" : "20:37:04", "s" : "34068", "st" : "30679", "snt" : "3389", "si" : "30679", "sni" : "0", "sa" : "30679", "sna" : "0", "pst" : "90,05", "psnt" : "9,95", "psi" : "90,05", "psni" : "0,00", "psa" : "100,00", "psna" : "0,00", "e" : "12826356", "ea" : "11470796", "ena" : "0", "esi" : "11470796", "esni" : "0", "c" : "8867510", "a" : "2603286", "pea" : "100,00", "pena" : "0,00", "pesi" : "89,43", "pesni" : "0,00", "pa" : "22,69", "pc" : "77,31", "munnr" : "3", "munpt" : "52", "munf" : "37", "pmunnr" : "3,26", "pmunpt" : "56,52", "pmunf" : "40,22" }, 
{ "and" : "P", "tpabr" : "UF", "cdabr" : "RR", "dt" : "02/10/2022", "ht" : "20:27:41", "s" : "1268", "st" : "1261", "snt" : "7", "si" : "1261", "sni" : "0", "sa" : "1261", "sna" : "0", "pst" : "99,45", "psnt" : "0,55", "psi" : "99,45", "psni" : "0,00", "psa" : "100,00", "psna" : "0,00", "e" : "366632", "ea" : "364442", "ena" : "0", "esi" : "364442", "esni" : "0", "c" : "303545", "a" : "60897", "pea" : "100,00", "pena" : "0,00", "pesi" : "99,40", "pesni" : "0,00", "pa" : "16,71", "pc" : "83,29", "munnr" : "0", "munpt" : "5", "munf" : "10", "pmunnr" : "00,00", "pmunpt" : "33,33", "pmunf" : "66,67" }, 
{ "and" : "P", "tpabr" : "UF", "cdabr" : "ZZ", "dt" : "02/10/2022", "ht" : "20:35:51", "s" : "1064", "st" : "808", "snt" : "256", "si" : "768", "sni" : "40", "sa" : "768", "sna" : "0", "pst" : "75,94", "psnt" : "24,06", "psi" : "72,18", "psni" : "27,82", "psa" : "100,00", "psna" : "0,00", "e" : "695355", "ea" : "536749", "ena" : "0", "esi" : "536749", "esni" : "530", "c" : "237850", "a" : "298899", "pea" : "100,00", "pena" : "0,00", "pesi" : "77,19", "pesni" : "99,92", "pa" : "55,69", "pc" : "44,31", "munnr" : "48", "munpt" : "23", "munf" : "110", "pmunnr" : "26,52", "pmunpt" : "12,71", "pmunf" : "60,77" }, 
{ "and" : "P", "tpabr" : "UF", "cdabr" : "SP", "dt" : "02/10/2022", "ht" : "20:37:04", "s" : "101073", "st" : "96806", "snt" : "4267", "si" : "96806", "sni" : "0", "sa" : "96806", "sna" : "0", "pst" : "95,78", "psnt" : "4,22", "psi" : "95,78", "psni" : "0,00", "psa" : "100,00", "psna" : "0,00", "e" : "34684927", "ea" : "33169439", "ena" : "0", "esi" : "33169439", "esni" : "0", "c" : "25986676", "a" : "7182763", "pea" : "100,00", "pena" : "0,00", "pesi" : "95,63", "pesni" : "0,00", "pa" : "21,65", "pc" : "78,35", "munnr" : "16", "munpt" : "63", "munf" : "566", "pmunnr" : "2,48", "pmunpt" : "9,77", "pmunf" : "87,75" }, 
{ "and" : "P", "tpabr" : "BR", "cdabr" : "BR", "dt" : "02/10/2022", "ht" : "20:37:20", "s" : "472075", "st" : "432950", "snt" : "39125", "si" : "432910", "sni" : "40", "sa" : "432910", "sna" : "0", "pst" : "91,71", "psnt" : "8,29", "psi" : "91,70", "psni" : "8,30", "psa" : "100,00", "psna" : "0,00", "e" : "156454011", "ea" : "143097227", "ena" : "0", "esi" : "143097227", "esni" : "530", "c" : "113297248", "a" : "29799979", "pea" : "100,00", "pena" : "0,00", "pesi" : "91,46", "pesni" : "100,00", "pa" : "20,83", "pc" : "79,17", "ufsnr" : "0", "ufspt" : "27", "ufsf" : "1", "pufsnr" : "00,00", "pufspt" : "96,43", "pufsf" : "3,57" } ] }