
{ "ele" : "544", "t" : "1", "f" : "O", "dg" : "02/10/2022", "hg" : "20:35:20", "abr" : [ 
{ "and" : "P", "tpabr" : "UF", "cdabr" : "AM", "dt" : "02/10/2022", "ht" : "20:30:10", "s" : "7454", "st" : "6935", "snt" : "519", "si" : "6935", "sni" : "0", "sa" : "6935", "sna" : "0", "pst" : "93,04", "psnt" : "6,96", "psi" : "93,04", "psni" : "0,00", "psa" : "100,00", "psna" : "0,00", "e" : "2646924", "ea" : "2452794", "ena" : "0", "esi" : "2452794", "esni" : "0", "c" : "1965213", "a" : "487581", "pea" : "100,00", "pena" : "0,00", "pesi" : "92,67", "pesni" : "0,00", "pa" : "19,88", "pc" : "80,12", "munnr" : "0", "munpt" : "44", "munf" : "18", "pmunnr" : "00,00", "pmunpt" : "70,97", "pmunf" : "29,03" }, 
{ "and" : "P", "tpabr" : "UF", "cdabr" : "PE", "dt" : "02/10/2022", "ht" : "20:29:59", "s" : "20572", "st" : "17311", "snt" : "3261", "si" : "17311", "sni" : "0", "sa" : "17311", "sna" : "0", "pst" : "84,15", "psnt" : "15,85", "psi" : "84,15", "psni" : "0,00", "psa" : "100,00", "psna" : "0,00", "e" : "7015421", "ea" : "5871779", "ena" : "0", "esi" : "5871779", "esni" : "0", "c" : "4826004", "a" : "1045775", "pea" : "100,00", "pena" : "0,00", "pesi" : "83,70", "pesni" : "0,00", "pa" : "17,81", "pc" : "82,19", "munnr" : "20", "munpt" : "114", "munf" : "51", "pmunnr" : "10,81", "pmunpt" : "61,62", "pmunf" : "27,57" }, 
{ "and" : "P", "tpabr" : "UF", "cdabr" : "RN", "dt" : "02/10/2022", "ht" : "20:29:42", "s" : "7674", "st" : "7103", "snt" : "571", "si" : "7103", "sni" : "0", "sa" : "7103", "sna" : "0", "pst" : "92,56", "psnt" : "7,44", "psi" : "92,56", "psni" : "0,00", "psa" : "100,00", "psna" : "0,00", "e" : "2554716", "ea" : "2349649", "ena" : "0", "esi" : "2349649", "esni" : "0", "c" : "1924236", "a" : "425413", "pea" : "100,00", "pena" : "0,00", "pesi" : "91,97", "pesni" : "0,00", "pa" : "18,11", "pc" : "81,89", "munnr" : "1", "munpt" : "54", "munf" : "112", "pmunnr" : "0,60", "pmunpt" : "32,34", "pmunf" : "67,07" }, 
{ "and" : "P", "tpabr" : "UF", "cdabr" : "MG", "dt" : "02/10/2022", "ht" : "20:30:37", "s" : "49981", "st" : "44208", "snt" : "5773", "si" : "44208", "sni" : "0", "sa" : "44208", "sna" : "0", "pst" : "88,45", "psnt" : "11,55", "psi" : "88,45", "psni" : "0,00", "psa" : "100,00", "psna" : "0,00", "e" : "16283828", "ea" : "14302210", "ena" : "0", "esi" : "14302210", "esni" : "0", "c" : "11129340", "a" : "3172870", "pea" : "100,00", "pena" : "0,00", "pesi" : "87,83", "pesni" : "0,00", "pa" : "22,18", "pc" : "77,82", "munnr" : "98", "munpt" : "177", "munf" : "578", "pmunnr" : "11,49", "pmunpt" : "20,75", "pmunf" : "67,76" }, 
{ "and" : "P", "tpabr" : "UF", "cdabr" : "RO", "dt" : "02/10/2022", "ht" : "20:30:44", "s" : "4198", "st" : "4113", "snt" : "85", "si" : "4113", "sni" : "0", "sa" : "4113", "sna" : "0", "pst" : "97,98", "psnt" : "2,02", "psi" : "97,98", "psni" : "0,00", "psa" : "100,00", "psna" : "0,00", "e" : "1229998", "ea" : "1200329", "ena" : "0", "esi" : "1200329", "esni" : "0", "c" : "905476", "a" : "294853", "pea" : "100,00", "pena" : "0,00", "pesi" : "97,59", "pesni" : "0,00", "pa" : "24,56", "pc" : "75,44", "munnr" : "0", "munpt" : "16", "munf" : "36", "pmunnr" : "00,00", "pmunpt" : "30,77", "pmunf" : "69,23" }, 
{ "and" : "P", "tpabr" : "UF", "cdabr" : "CE", "dt" : "02/10/2022", "ht" : "20:29:52", "s" : "22796", "st" : "19186", "snt" : "3610", "si" : "19186", "sni" : "0", "sa" : "19186", "sna" : "0", "pst" : "84,16", "psnt" : "15,84", "psi" : "84,16", "psni" : "0,00", "psa" : "100,00", "psna" : "0,00", "e" : "6818732", "ea" : "5776561", "ena" : "0", "esi" : "5776561", "esni" : "0", "c" : "4767448", "a" : "1009113", "pea" : "100,00", "pena" : "0,00", "pesi" : "84,72", "pesni" : "0,00", "pa" : "17,47", "pc" : "82,53", "munnr" : "15", "munpt" : "126", "munf" : "43", "pmunnr" : "8,15", "pmunpt" : "68,48", "pmunf" : "23,37" }, 
{ "and" : "P", "tpabr" : "UF", "cdabr" : "GO", "dt" : "02/10/2022", "ht" : "20:30:28", "s" : "14620", "st" : "14224", "snt" : "396", "si" : "14224", "sni" : "0", "sa" : "14224", "sna" : "0", "pst" : "97,29", "psnt" : "2,71", "psi" : "97,29", "psni" : "0,00", "psa" : "100,00", "psna" : "0,00", "e" : "4870292", "ea" : "4736502", "ena" : "0", "esi" : "4736502", "esni" : "0", "c" : "3709979", "a" : "1026523", "pea" : "100,00", "pena" : "0,00", "pesi" : "97,25", "pesni" : "0,00", "pa" : "21,67", "pc" : "78,33", "munnr" : "8", "munpt" : "41", "munf" : "197", "pmunnr" : "3,25", "pmunpt" : "16,67", "pmunf" : "80,08" }, 
{ "and" : "P", "tpabr" : "UF", "cdabr" : "MS", "dt" : "02/10/2022", "ht" : "20:30:14", "s" : "6912", "st" : "6902", "snt" : "10", "si" : "6902", "sni" : "0", "sa" : "6902", "sna" : "0", "pst" : "99,86", "psnt" : "0,14", "psi" : "99,86", "psni" : "0,00", "psa" : "100,00", "psna" : "0,00", "e" : "1995932", "ea" : "1992997", "ena" : "0", "esi" : "1992997", "esni" : "0", "c" : "1552806", "a" : "440191", "pea" : "100,00", "pena" : "0,00", "pesi" : "99,85", "pesni" : "0,00", "pa" : "22,09", "pc" : "77,91", "munnr" : "0", "munpt" : "6", "munf" : "73", "pmunnr" : "00,00", "pmunpt" : "7,59", "pmunf" : "92,41" }, 
{ "and" : "P", "tpabr" : "UF", "cdabr" : "MT", "dt" : "02/10/2022", "ht" : "20:30:32", "s" : "7652", "st" : "7441", "snt" : "211", "si" : "7441", "sni" : "0", "sa" : "7441", "sna" : "0", "pst" : "97,24", "psnt" : "2,76", "psi" : "97,24", "psni" : "0,00", "psa" : "100,00", "psna" : "0,00", "e" : "2469604", "ea" : "2398759", "ena" : "0", "esi" : "2398759", "esni" : "0", "c" : "1839664", "a" : "559095", "pea" : "100,00", "pena" : "0,00", "pesi" : "97,13", "pesni" : "0,00", "pa" : "23,31", "pc" : "76,69", "munnr" : "2", "munpt" : "29", "munf" : "110", "pmunnr" : "1,42", "pmunpt" : "20,57", "pmunf" : "78,01" }, 
{ "and" : "P", "tpabr" : "UF", "cdabr" : "SE", "dt" : "02/10/2022", "ht" : "20:29:44", "s" : "5498", "st" : "5360", "snt" : "138", "si" : "5360", "sni" : "0", "sa" : "5360", "sna" : "0", "pst" : "97,49", "psnt" : "2,51", "psi" : "97,49", "psni" : "0,00", "psa" : "100,00", "psna" : "0,00", "e" : "1671376", "ea" : "1623882", "ena" : "0", "esi" : "1623882", "esni" : "0", "c" : "1326397", "a" : "297485", "pea" : "100,00", "pena" : "0,00", "pesi" : "97,16", "pesni" : "0,00", "pa" : "18,32", "pc" : "81,68", "munnr" : "0", "munpt" : "23", "munf" : "52", "pmunnr" : "00,00", "pmunpt" : "30,67", "pmunf" : "69,33" }, 
{ "and" : "P", "tpabr" : "UF", "cdabr" : "DF", "dt" : "02/10/2022", "ht" : "20:30:11", "s" : "6748", "st" : "6747", "snt" : "1", "si" : "6747", "sni" : "0", "sa" : "6747", "sna" : "0", "pst" : "99,99", "psnt" : "0,01", "psi" : "99,99", "psni" : "0,00", "psa" : "100,00", "psna" : "0,00", "e" : "2206996", "ea" : "2206666", "ena" : "0", "esi" : "2206666", "esni" : "0", "c" : "1819647", "a" : "387019", "pea" : "100,00", "pena" : "0,00", "pesi" : "99,99", "pesni" : "0,00", "pa" : "17,54", "pc" : "82,46", "munnr" : "0", "munpt" : "1", "munf" : "0", "pmunnr" : "00,00", "pmunpt" : "100,00", "pmunf" : "00,00" }, 
{ "and" : "P", "tpabr" : "UF", "cdabr" : "ES", "dt" : "02/10/2022", "ht" : "20:35:07", "s" : "9239", "st" : "9236", "snt" : "3", "si" : "9236", "sni" : "0", "sa" : "9236", "sna" : "0", "pst" : "99,97", "psnt" : "0,03", "psi" : "99,97", "psni" : "0,00", "psa" : "100,00", "psna" : "0,00", "e" : "2922379", "ea" : "2921406", "ena" : "0", "esi" : "2921406", "esni" : "0", "c" : "2315140", "a" : "606266", "pea" : "100,00", "pena" : "0,00", "pesi" : "99,97", "pesni" : "0,00", "pa" : "20,75", "pc" : "79,25", "munnr" : "0", "munpt" : "2", "munf" : "76", "pmunnr" : "00,00", "pmunpt" : "2,56", "pmunf" : "97,44" }, 
{ "and" : "P", "tpabr" : "UF", "cdabr" : "MA", "dt" : "02/10/2022", "ht" : "20:29:59", "s" : "16423", "st" : "10586", "snt" : "5837", "si" : "10586", "sni" : "0", "sa" : "10586", "sna" : "0", "pst" : "64,46", "psnt" : "35,54", "psi" : "64,46", "psni" : "0,00", "psa" : "100,00", "psna" : "0,00", "e" : "5039287", "ea" : "3262127", "ena" : "0", "esi" : "3262127", "esni" : "0", "c" : "2566233", "a" : "695894", "pea" : "100,00", "pena" : "0,00", "pesi" : "64,73", "pesni" : "0,00", "pa" : "21,33", "pc" : "78,67", "munnr" : "41", "munpt" : "156", "munf" : "20", "pmunnr" : "18,89", "pmunpt" : "71,89", "pmunf" : "9,22" }, 
{ "and" : "P", "tpabr" : "UF", "cdabr" : "PA", "dt" : "02/10/2022", "ht" : "20:30:04", "s" : "18235", "st" : "16200", "snt" : "2035", "si" : "16200", "sni" : "0", "sa" : "16200", "sna" : "0", "pst" : "88,84", "psnt" : "11,16", "psi" : "88,84", "psni" : "0,00", "psa" : "100,00", "psna" : "0,00", "e" : "6079280", "ea" : "5393154", "ena" : "0", "esi" : "5393154", "esni" : "0", "c" : "4247153", "a" : "1146001", "pea" : "100,00", "pena" : "0,00", "pesi" : "88,71", "pesni" : "0,00", "pa" : "21,25", "pc" : "78,75", "munnr" : "0", "munpt" : "120", "munf" : "24", "pmunnr" : "00,00", "pmunpt" : "83,33", "pmunf" : "16,67" }, 
{ "and" : "P", "tpabr" : "UF", "cdabr" : "PI", "dt" : "02/10/2022", "ht" : "20:29:33", "s" : "8963", "st" : "7700", "snt" : "1263", "si" : "7700", "sni" : "0", "sa" : "7700", "sna" : "0", "pst" : "85,91", "psnt" : "14,09", "psi" : "85,91", "psni" : "0,00", "psa" : "100,00", "psna" : "0,00", "e" : "2570433", "ea" : "2193863", "ena" : "0", "esi" : "2193863", "esni" : "0", "c" : "1805809", "a" : "388054", "pea" : "100,00", "pena" : "0,00", "pesi" : "85,35", "pesni" : "0,00", "pa" : "17,69", "pc" : "82,31", "munnr" : "12", "munpt" : "146", "munf" : "66", "pmunnr" : "5,36", "pmunpt" : "65,18", "pmunf" : "29,46" }, 
{ "and" : "P", "tpabr" : "UF", "cdabr" : "RS", "dt" : "02/10/2022", "ht" : "20:30:16", "s" : "27201", "st" : "26616", "snt" : "585", "si" : "26616", "sni" : "0", "sa" : "26616", "sna" : "0", "pst" : "97,85", "psnt" : "2,15", "psi" : "97,85", "psni" : "0,00", "psa" : "100,00", "psna" : "0,00", "e" : "8589432", "ea" : "8398427", "ena" : "0", "esi" : "8398427", "esni" : "0", "c" : "6737096", "a" : "1661331", "pea" : "100,00", "pena" : "0,00", "pesi" : "97,78", "pesni" : "0,00", "pa" : "19,78", "pc" : "80,22", "munnr" : "10", "munpt" : "35", "munf" : "452", "pmunnr" : "2,01", "pmunpt" : "7,04", "pmunf" : "90,95" }, 
{ "and" : "P", "tpabr" : "UF", "cdabr" : "AC", "dt" : "02/10/2022", "ht" : "20:30:10", "s" : "2124", "st" : "2065", "snt" : "59", "si" : "2065", "sni" : "0", "sa" : "2065", "sna" : "0", "pst" : "97,22", "psnt" : "2,78", "psi" : "97,22", "psni" : "0,00", "psa" : "100,00", "psna" : "0,00", "e" : "587738", "ea" : "571113", "ena" : "0", "esi" : "571113", "esni" : "0", "c" : "443417", "a" : "127696", "pea" : "100,00", "pena" : "0,00", "pesi" : "97,17", "pesni" : "0,00", "pa" : "22,36", "pc" : "77,64", "munnr" : "0", "munpt" : "10", "munf" : "12", "pmunnr" : "00,00", "pmunpt" : "45,45", "pmunf" : "54,55" }, 
{ "and" : "P", "tpabr" : "UF", "cdabr" : "PR", "dt" : "02/10/2022", "ht" : "20:30:15", "s" : "25721", "st" : "25438", "snt" : "283", "si" : "25438", "sni" : "0", "sa" : "25438", "sna" : "0", "pst" : "98,90", "psnt" : "1,10", "psi" : "98,90", "psni" : "0,00", "psa" : "100,00", "psna" : "0,00", "e" : "8480435", "ea" : "8385176", "ena" : "0", "esi" : "8385176", "esni" : "0", "c" : "6753684", "a" : "1631492", "pea" : "100,00", "pena" : "0,00", "pesi" : "98,88", "pesni" : "0,00", "pa" : "19,46", "pc" : "80,54", "munnr" : "2", "munpt" : "51", "munf" : "346", "pmunnr" : "0,50", "pmunpt" : "12,78", "pmunf" : "86,72" }, 
{ "and" : "P", "tpabr" : "UF", "cdabr" : "SC", "dt" : "02/10/2022", "ht" : "20:29:47", "s" : "16242", "st" : "15726", "snt" : "516", "si" : "15726", "sni" : "0", "sa" : "15726", "sna" : "0", "pst" : "96,82", "psnt" : "3,18", "psi" : "96,82", "psni" : "0,00", "psa" : "100,00", "psna" : "0,00", "e" : "5501478", "ea" : "5321134", "ena" : "0", "esi" : "5321134", "esni" : "0", "c" : "4340488", "a" : "980646", "pea" : "100,00", "pena" : "0,00", "pesi" : "96,72", "pesni" : "0,00", "pa" : "18,43", "pc" : "81,57", "munnr" : "4", "munpt" : "49", "munf" : "242", "pmunnr" : "1,36", "pmunpt" : "16,61", "pmunf" : "82,03" }, 
{ "and" : "P", "tpabr" : "UF", "cdabr" : "TO", "dt" : "02/10/2022", "ht" : "20:30:21", "s" : "3957", "st" : "3914", "snt" : "43", "si" : "3914", "sni" : "0", "sa" : "3914", "sna" : "0", "pst" : "98,91", "psnt" : "1,09", "psi" : "98,91", "psni" : "0,00", "psa" : "100,00", "psna" : "0,00", "e" : "1094346", "ea" : "1081537", "ena" : "0", "esi" : "1081537", "esni" : "0", "c" : "881161", "a" : "200376", "pea" : "100,00", "pena" : "0,00", "pesi" : "98,83", "pesni" : "0,00", "pa" : "18,53", "pc" : "81,47", "munnr" : "0", "munpt" : "12", "munf" : "127", "pmunnr" : "00,00", "pmunpt" : "8,63", "pmunf" : "91,37" }, 
{ "and" : "P", "tpabr" : "UF", "cdabr" : "AL", "dt" : "02/10/2022", "ht" : "20:30:02", "s" : "6626", "st" : "3725", "snt" : "2901", "si" : "3725", "sni" : "0", "sa" : "3725", "sna" : "0", "pst" : "56,22", "psnt" : "43,78", "psi" : "56,22", "psni" : "0,00", "psa" : "100,00", "psna" : "0,00", "e" : "2326491", "ea" : "1247046", "ena" : "0", "esi" : "1247046", "esni" : "0", "c" : "972506", "a" : "274540", "pea" : "100,00", "pena" : "0,00", "pesi" : "53,60", "pesni" : "0,00", "pa" : "22,02", "pc" : "77,98", "munnr" : "35", "munpt" : "46", "munf" : "21", "pmunnr" : "34,31", "pmunpt" : "45,10", "pmunf" : "20,59" }, 
{ "and" : "P", "tpabr" : "UF", "cdabr" : "BA", "dt" : "02/10/2022", "ht" : "20:29:59", "s" : "34424", "st" : "27159", "snt" : "7265", "si" : "27159", "sni" : "0", "sa" : "27159", "sna" : "0", "pst" : "78,90", "psnt" : "21,10", "psi" : "78,90", "psni" : "0,00", "psa" : "100,00", "psna" : "0,00", "e" : "11283405", "ea" : "8833154", "ena" : "0", "esi" : "8833154", "esni" : "0", "c" : "6966809", "a" : "1866345", "pea" : "100,00", "pena" : "0,00", "pesi" : "78,28", "pesni" : "0,00", "pa" : "21,13", "pc" : "78,87", "munnr" : "28", "munpt" : "283", "munf" : "106", "pmunnr" : "6,71", "pmunpt" : "67,87", "pmunf" : "25,42" }, 
{ "and" : "P", "tpabr" : "UF", "cdabr" : "PB", "dt" : "02/10/2022", "ht" : "20:30:33", "s" : "9602", "st" : "9113", "snt" : "489", "si" : "9113", "sni" : "0", "sa" : "9113", "sna" : "0", "pst" : "94,91", "psnt" : "5,09", "psi" : "94,91", "psni" : "0,00", "psa" : "100,00", "psna" : "0,00", "e" : "3092053", "ea" : "2935139", "ena" : "0", "esi" : "2935139", "esni" : "0", "c" : "2430785", "a" : "504354", "pea" : "100,00", "pena" : "0,00", "pesi" : "94,93", "pesni" : "0,00", "pa" : "17,18", "pc" : "82,82", "munnr" : "11", "munpt" : "34", "munf" : "178", "pmunnr" : "4,93", "pmunpt" : "15,25", "pmunf" : "79,82" }, 
{ "and" : "P", "tpabr" : "UF", "cdabr" : "AP", "dt" : "02/10/2022", "ht" : "20:35:12", "s" : "1740", "st" : "1692", "snt" : "48", "si" : "1692", "sni" : "0", "sa" : "1692", "sna" : "0", "pst" : "97,24", "psnt" : "2,76", "psi" : "97,24", "psni" : "0,00", "psa" : "100,00", "psna" : "0,00", "e" : "550165", "ea" : "534241", "ena" : "0", "esi" : "534241", "esni" : "0", "c" : "429654", "a" : "104587", "pea" : "100,00", "pena" : "0,00", "pesi" : "97,11", "pesni" : "0,00", "pa" : "19,58", "pc" : "80,42", "munnr" : "1", "munpt" : "6", "munf" : "9", "pmunnr" : "6,25", "pmunpt" : "37,50", "pmunf" : "56,25" }, 
{ "and" : "P", "tpabr" : "UF", "cdabr" : "RJ", "dt" : "02/10/2022", "ht" : "20:30:24", "s" : "34068", "st" : "29594", "snt" : "4474", "si" : "29594", "sni" : "0", "sa" : "29594", "sna" : "0", "pst" : "86,87", "psnt" : "13,13", "psi" : "86,87", "psni" : "0,00", "psa" : "100,00", "psna" : "0,00", "e" : "12826356", "ea" : "11028765", "ena" : "0", "esi" : "11028765", "esni" : "0", "c" : "8524593", "a" : "2504172", "pea" : "100,00", "pena" : "0,00", "pesi" : "85,99", "pesni" : "0,00", "pa" : "22,71", "pc" : "77,29", "munnr" : "3", "munpt" : "57", "munf" : "32", "pmunnr" : "3,26", "pmunpt" : "61,96", "pmunf" : "34,78" }, 
{ "and" : "P", "tpabr" : "UF", "cdabr" : "RR", "dt" : "02/10/2022", "ht" : "20:27:41", "s" : "1268", "st" : "1261", "snt" : "7", "si" : "1261", "sni" : "0", "sa" : "1261", "sna" : "0", "pst" : "99,45", "psnt" : "0,55", "psi" : "99,45", "psni" : "0,00", "psa" : "100,00", "psna" : "0,00", "e" : "366632", "ea" : "364442", "ena" : "0", "esi" : "364442", "esni" : "0", "c" : "303545", "a" : "60897", "pea" : "100,00", "pena" : "0,00", "pesi" : "99,40", "pesni" : "0,00", "pa" : "16,71", "pc" : "83,29", "munnr" : "0", "munpt" : "5", "munf" : "10", "pmunnr" : "00,00", "pmunpt" : "33,33", "pmunf" : "66,67" }, 
{ "and" : "P", "tpabr" : "UF", "cdabr" : "ZZ", "dt" : "02/10/2022", "ht" : "20:30:17", "s" : "1064", "st" : "806", "snt" : "258", "si" : "766", "sni" : "40", "sa" : "766", "sna" : "0", "pst" : "75,75", "psnt" : "24,25", "psi" : "71,99", "psni" : "28,01", "psa" : "100,00", "psna" : "0,00", "e" : "695355", "ea" : "535432", "ena" : "0", "esi" : "535432", "esni" : "530", "c" : "237009", "a" : "298423", "pea" : "100,00", "pena" : "0,00", "pesi" : "77,00", "pesni" : "99,92", "pa" : "55,74", "pc" : "44,27", "munnr" : "50", "munpt" : "22", "munf" : "109", "pmunnr" : "27,62", "pmunpt" : "12,15", "pmunf" : "60,22" }, 
{ "and" : "P", "tpabr" : "UF", "cdabr" : "SP", "dt" : "02/10/2022", "ht" : "20:30:21", "s" : "101073", "st" : "95750", "snt" : "5323", "si" : "95750", "sni" : "0", "sa" : "95750", "sna" : "0", "pst" : "94,73", "psnt" : "5,27", "psi" : "94,73", "psni" : "0,00", "psa" : "100,00", "psna" : "0,00", "e" : "34684927", "ea" : "32783109", "ena" : "0", "esi" : "32783109", "esni" : "0", "c" : "25680622", "a" : "7102487", "pea" : "100,00", "pena" : "0,00", "pesi" : "94,52", "pesni" : "0,00", "pa" : "21,67", "pc" : "78,33", "munnr" : "16", "munpt" : "80", "munf" : "549", "pmunnr" : "2,48", "pmunpt" : "12,40", "pmunf" : "85,12" }, 
{ "and" : "P", "tpabr" : "BR", "cdabr" : "BR", "dt" : "02/10/2022", "ht" : "20:35:12", "s" : "472075", "st" : "426111", "snt" : "45964", "si" : "426071", "sni" : "40", "sa" : "426071", "sna" : "0", "pst" : "90,26", "psnt" : "9,74", "psi" : "90,25", "psni" : "9,75", "psa" : "100,00", "psna" : "0,00", "e" : "156454011", "ea" : "140701393", "ena" : "0", "esi" : "140701393", "esni" : "530", "c" : "111401914", "a" : "29299479", "pea" : "100,00", "pena" : "0,00", "pesi" : "89,93", "pesni" : "100,00", "pa" : "20,83", "pc" : "79,17", "ufsnr" : "0", "ufspt" : "28", "ufsf" : "0", "pufsnr" : "00,00", "pufspt" : "100,00", "pufsf" : "00,00" } ] }