
{ "ele" : "544", "t" : "1", "f" : "O", "dg" : "02/10/2022", "hg" : "19:23:47", "abr" : [ 
{ "and" : "P", "tpabr" : "UF", "cdabr" : "AM", "dt" : "02/10/2022", "ht" : "19:22:33", "s" : "7454", "st" : "4103", "snt" : "3351", "si" : "4103", "sni" : "0", "sa" : "4103", "sna" : "0", "pst" : "55,04", "psnt" : "44,96", "psi" : "55,04", "psni" : "0,00", "psa" : "100,00", "psna" : "0,00", "e" : "2646924", "ea" : "1434566", "ena" : "0", "esi" : "1434566", "esni" : "0", "c" : "1179167", "a" : "255399", "pea" : "100,00", "pena" : "0,00", "pesi" : "54,20", "pesni" : "0,00", "pa" : "17,80", "pc" : "82,20", "munnr" : "5", "munpt" : "57", "munf" : "0", "pmunnr" : "8,06", "pmunpt" : "91,94", "pmunf" : "00,00" }, 
{ "and" : "P", "tpabr" : "UF", "cdabr" : "PE", "dt" : "02/10/2022", "ht" : "19:23:33", "s" : "20572", "st" : "4676", "snt" : "15896", "si" : "4676", "sni" : "0", "sa" : "4676", "sna" : "0", "pst" : "22,73", "psnt" : "77,27", "psi" : "22,73", "psni" : "0,00", "psa" : "100,00", "psna" : "0,00", "e" : "7015421", "ea" : "1454699", "ena" : "0", "esi" : "1454699", "esni" : "0", "c" : "1192228", "a" : "262471", "pea" : "100,00", "pena" : "0,00", "pesi" : "20,74", "pesni" : "0,00", "pa" : "18,04", "pc" : "81,96", "munnr" : "76", "munpt" : "109", "munf" : "0", "pmunnr" : "41,08", "pmunpt" : "58,92", "pmunf" : "00,00" }, 
{ "and" : "P", "tpabr" : "UF", "cdabr" : "RN", "dt" : "02/10/2022", "ht" : "19:22:41", "s" : "7674", "st" : "3292", "snt" : "4382", "si" : "3292", "sni" : "0", "sa" : "3292", "sna" : "0", "pst" : "42,90", "psnt" : "57,10", "psi" : "42,90", "psni" : "0,00", "psa" : "100,00", "psna" : "0,00", "e" : "2554716", "ea" : "1012696", "ena" : "0", "esi" : "1012696", "esni" : "0", "c" : "832644", "a" : "180052", "pea" : "100,00", "pena" : "0,00", "pesi" : "39,64", "pesni" : "0,00", "pa" : "17,78", "pc" : "82,22", "munnr" : "20", "munpt" : "123", "munf" : "24", "pmunnr" : "11,98", "pmunpt" : "73,65", "pmunf" : "14,37" }, 
{ "and" : "P", "tpabr" : "UF", "cdabr" : "MG", "dt" : "02/10/2022", "ht" : "19:22:30", "s" : "49981", "st" : "16653", "snt" : "33328", "si" : "16653", "sni" : "0", "sa" : "16653", "sna" : "0", "pst" : "33,32", "psnt" : "66,68", "psi" : "33,32", "psni" : "0,00", "psa" : "100,00", "psna" : "0,00", "e" : "16283828", "ea" : "5157496", "ena" : "0", "esi" : "5157496", "esni" : "0", "c" : "3998403", "a" : "1159093", "pea" : "100,00", "pena" : "0,00", "pesi" : "31,67", "pesni" : "0,00", "pa" : "22,47", "pc" : "77,53", "munnr" : "447", "munpt" : "344", "munf" : "62", "pmunnr" : "52,40", "pmunpt" : "40,33", "pmunf" : "7,27" }, 
{ "and" : "P", "tpabr" : "UF", "cdabr" : "RO", "dt" : "02/10/2022", "ht" : "19:22:56", "s" : "4198", "st" : "2481", "snt" : "1717", "si" : "2481", "sni" : "0", "sa" : "2481", "sna" : "0", "pst" : "59,10", "psnt" : "40,90", "psi" : "59,10", "psni" : "0,00", "psa" : "100,00", "psna" : "0,00", "e" : "1229998", "ea" : "713168", "ena" : "0", "esi" : "713168", "esni" : "0", "c" : "546393", "a" : "166775", "pea" : "100,00", "pena" : "0,00", "pesi" : "57,98", "pesni" : "0,00", "pa" : "23,39", "pc" : "76,61", "munnr" : "17", "munpt" : "32", "munf" : "3", "pmunnr" : "32,69", "pmunpt" : "61,54", "pmunf" : "5,77" }, 
{ "and" : "P", "tpabr" : "UF", "cdabr" : "CE", "dt" : "02/10/2022", "ht" : "19:23:30", "s" : "22796", "st" : "6316", "snt" : "16480", "si" : "6316", "sni" : "0", "sa" : "6316", "sna" : "0", "pst" : "27,71", "psnt" : "72,29", "psi" : "27,71", "psni" : "0,00", "psa" : "100,00", "psna" : "0,00", "e" : "6818732", "ea" : "1848376", "ena" : "0", "esi" : "1848376", "esni" : "0", "c" : "1507680", "a" : "340696", "pea" : "100,00", "pena" : "0,00", "pesi" : "27,11", "pesni" : "0,00", "pa" : "18,43", "pc" : "81,57", "munnr" : "48", "munpt" : "136", "munf" : "0", "pmunnr" : "26,09", "pmunpt" : "73,91", "pmunf" : "00,00" }, 
{ "and" : "P", "tpabr" : "UF", "cdabr" : "GO", "dt" : "02/10/2022", "ht" : "19:22:42", "s" : "14620", "st" : "8857", "snt" : "5763", "si" : "8857", "sni" : "0", "sa" : "8857", "sna" : "0", "pst" : "60,58", "psnt" : "39,42", "psi" : "60,58", "psni" : "0,00", "psa" : "100,00", "psna" : "0,00", "e" : "4870292", "ea" : "2907048", "ena" : "0", "esi" : "2907048", "esni" : "0", "c" : "2282194", "a" : "624854", "pea" : "100,00", "pena" : "0,00", "pesi" : "59,69", "pesni" : "0,00", "pa" : "21,49", "pc" : "78,51", "munnr" : "109", "munpt" : "114", "munf" : "23", "pmunnr" : "44,31", "pmunpt" : "46,34", "pmunf" : "9,35" }, 
{ "and" : "P", "tpabr" : "UF", "cdabr" : "MS", "dt" : "02/10/2022", "ht" : "19:21:47", "s" : "6912", "st" : "6216", "snt" : "696", "si" : "6216", "sni" : "0", "sa" : "6216", "sna" : "0", "pst" : "89,93", "psnt" : "10,07", "psi" : "89,93", "psni" : "0,00", "psa" : "100,00", "psna" : "0,00", "e" : "1995932", "ea" : "1786376", "ena" : "0", "esi" : "1786376", "esni" : "0", "c" : "1396093", "a" : "390283", "pea" : "100,00", "pena" : "0,00", "pesi" : "89,50", "pesni" : "0,00", "pa" : "21,85", "pc" : "78,15", "munnr" : "3", "munpt" : "44", "munf" : "32", "pmunnr" : "3,80", "pmunpt" : "55,70", "pmunf" : "40,51" }, 
{ "and" : "P", "tpabr" : "UF", "cdabr" : "MT", "dt" : "02/10/2022", "ht" : "19:23:01", "s" : "7652", "st" : "4679", "snt" : "2973", "si" : "4679", "sni" : "0", "sa" : "4679", "sna" : "0", "pst" : "61,15", "psnt" : "38,85", "psi" : "61,15", "psni" : "0,00", "psa" : "100,00", "psna" : "0,00", "e" : "2469604", "ea" : "1461307", "ena" : "0", "esi" : "1461307", "esni" : "0", "c" : "1131478", "a" : "329829", "pea" : "100,00", "pena" : "0,00", "pesi" : "59,17", "pesni" : "0,00", "pa" : "22,57", "pc" : "77,43", "munnr" : "23", "munpt" : "90", "munf" : "28", "pmunnr" : "16,31", "pmunpt" : "63,83", "pmunf" : "19,86" }, 
{ "and" : "P", "tpabr" : "UF", "cdabr" : "SE", "dt" : "02/10/2022", "ht" : "19:22:57", "s" : "5498", "st" : "2956", "snt" : "2542", "si" : "2956", "sni" : "0", "sa" : "2956", "sna" : "0", "pst" : "53,77", "psnt" : "46,24", "psi" : "53,77", "psni" : "0,00", "psa" : "100,00", "psna" : "0,00", "e" : "1671376", "ea" : "872231", "ena" : "0", "esi" : "872231", "esni" : "0", "c" : "716752", "a" : "155479", "pea" : "100,00", "pena" : "0,00", "pesi" : "52,19", "pesni" : "0,00", "pa" : "17,83", "pc" : "82,17", "munnr" : "11", "munpt" : "62", "munf" : "2", "pmunnr" : "14,67", "pmunpt" : "82,67", "pmunf" : "2,67" }, 
{ "and" : "P", "tpabr" : "UF", "cdabr" : "DF", "dt" : "02/10/2022", "ht" : "19:22:33", "s" : "6748", "st" : "6402", "snt" : "346", "si" : "6402", "sni" : "0", "sa" : "6402", "sna" : "0", "pst" : "94,87", "psnt" : "5,13", "psi" : "94,87", "psni" : "0,00", "psa" : "100,00", "psna" : "0,00", "e" : "2206996", "ea" : "2084388", "ena" : "0", "esi" : "2084388", "esni" : "0", "c" : "1720586", "a" : "363802", "pea" : "100,00", "pena" : "0,00", "pesi" : "94,44", "pesni" : "0,00", "pa" : "17,45", "pc" : "82,55", "munnr" : "0", "munpt" : "1", "munf" : "0", "pmunnr" : "00,00", "pmunpt" : "100,00", "pmunf" : "00,00" }, 
{ "and" : "P", "tpabr" : "UF", "cdabr" : "ES", "dt" : "02/10/2022", "ht" : "19:22:59", "s" : "9239", "st" : "8546", "snt" : "693", "si" : "8546", "sni" : "0", "sa" : "8546", "sna" : "0", "pst" : "92,50", "psnt" : "7,50", "psi" : "92,50", "psni" : "0,00", "psa" : "100,00", "psna" : "0,00", "e" : "2922379", "ea" : "2687386", "ena" : "0", "esi" : "2687386", "esni" : "0", "c" : "2132810", "a" : "554576", "pea" : "100,00", "pena" : "0,00", "pesi" : "91,96", "pesni" : "0,00", "pa" : "20,64", "pc" : "79,36", "munnr" : "0", "munpt" : "32", "munf" : "46", "pmunnr" : "00,00", "pmunpt" : "41,03", "pmunf" : "58,97" }, 
{ "and" : "P", "tpabr" : "UF", "cdabr" : "MA", "dt" : "02/10/2022", "ht" : "19:23:15", "s" : "16423", "st" : "3014", "snt" : "13409", "si" : "3014", "sni" : "0", "sa" : "3014", "sna" : "0", "pst" : "18,35", "psnt" : "81,65", "psi" : "18,35", "psni" : "0,00", "psa" : "100,00", "psna" : "0,00", "e" : "5039287", "ea" : "877876", "ena" : "0", "esi" : "877876", "esni" : "0", "c" : "694870", "a" : "183006", "pea" : "100,00", "pena" : "0,00", "pesi" : "17,42", "pesni" : "0,00", "pa" : "20,85", "pc" : "79,15", "munnr" : "99", "munpt" : "118", "munf" : "0", "pmunnr" : "45,62", "pmunpt" : "54,38", "pmunf" : "00,00" }, 
{ "and" : "P", "tpabr" : "UF", "cdabr" : "PA", "dt" : "02/10/2022", "ht" : "19:21:54", "s" : "18235", "st" : "7511", "snt" : "10724", "si" : "7511", "sni" : "0", "sa" : "7511", "sna" : "0", "pst" : "41,19", "psnt" : "58,81", "psi" : "41,19", "psni" : "0,00", "psa" : "100,00", "psna" : "0,00", "e" : "6079280", "ea" : "2408954", "ena" : "0", "esi" : "2408954", "esni" : "0", "c" : "1912119", "a" : "496835", "pea" : "100,00", "pena" : "0,00", "pesi" : "39,63", "pesni" : "0,00", "pa" : "20,62", "pc" : "79,38", "munnr" : "4", "munpt" : "140", "munf" : "0", "pmunnr" : "2,78", "pmunpt" : "97,22", "pmunf" : "00,00" }, 
{ "and" : "P", "tpabr" : "UF", "cdabr" : "PI", "dt" : "02/10/2022", "ht" : "19:22:53", "s" : "8963", "st" : "4119", "snt" : "4844", "si" : "4119", "sni" : "0", "sa" : "4119", "sna" : "0", "pst" : "45,96", "psnt" : "54,04", "psi" : "45,96", "psni" : "0,00", "psa" : "100,00", "psna" : "0,00", "e" : "2570433", "ea" : "1143366", "ena" : "0", "esi" : "1143366", "esni" : "0", "c" : "940260", "a" : "203106", "pea" : "100,00", "pena" : "0,00", "pesi" : "44,48", "pesni" : "0,00", "pa" : "17,76", "pc" : "82,24", "munnr" : "44", "munpt" : "178", "munf" : "2", "pmunnr" : "19,64", "pmunpt" : "79,46", "pmunf" : "0,89" }, 
{ "and" : "P", "tpabr" : "UF", "cdabr" : "RS", "dt" : "02/10/2022", "ht" : "19:21:46", "s" : "27201", "st" : "16857", "snt" : "10344", "si" : "16857", "sni" : "0", "sa" : "16857", "sna" : "0", "pst" : "61,97", "psnt" : "38,03", "psi" : "61,97", "psni" : "0,00", "psa" : "100,00", "psna" : "0,00", "e" : "8589432", "ea" : "5323482", "ena" : "0", "esi" : "5323482", "esni" : "0", "c" : "4264303", "a" : "1059179", "pea" : "100,00", "pena" : "0,00", "pesi" : "61,98", "pesni" : "0,00", "pa" : "19,90", "pc" : "80,10", "munnr" : "196", "munpt" : "216", "munf" : "85", "pmunnr" : "39,44", "pmunpt" : "43,46", "pmunf" : "17,10" }, 
{ "and" : "P", "tpabr" : "UF", "cdabr" : "AC", "dt" : "02/10/2022", "ht" : "19:22:50", "s" : "2124", "st" : "1567", "snt" : "557", "si" : "1567", "sni" : "0", "sa" : "1567", "sna" : "0", "pst" : "73,78", "psnt" : "26,22", "psi" : "73,78", "psni" : "0,00", "psa" : "100,00", "psna" : "0,00", "e" : "587738", "ea" : "437254", "ena" : "0", "esi" : "437254", "esni" : "0", "c" : "338359", "a" : "98895", "pea" : "100,00", "pena" : "0,00", "pesi" : "74,40", "pesni" : "0,00", "pa" : "22,62", "pc" : "77,38", "munnr" : "0", "munpt" : "22", "munf" : "0", "pmunnr" : "00,00", "pmunpt" : "100,00", "pmunf" : "00,00" }, 
{ "and" : "P", "tpabr" : "UF", "cdabr" : "PR", "dt" : "02/10/2022", "ht" : "19:22:46", "s" : "25721", "st" : "18721", "snt" : "7000", "si" : "18721", "sni" : "0", "sa" : "18721", "sna" : "0", "pst" : "72,78", "psnt" : "27,22", "psi" : "72,78", "psni" : "0,00", "psa" : "100,00", "psna" : "0,00", "e" : "8480435", "ea" : "6112764", "ena" : "0", "esi" : "6112764", "esni" : "0", "c" : "4928572", "a" : "1184192", "pea" : "100,00", "pena" : "0,00", "pesi" : "72,08", "pesni" : "0,00", "pa" : "19,37", "pc" : "80,63", "munnr" : "73", "munpt" : "233", "munf" : "93", "pmunnr" : "18,30", "pmunpt" : "58,40", "pmunf" : "23,31" }, 
{ "and" : "P", "tpabr" : "UF", "cdabr" : "SC", "dt" : "02/10/2022", "ht" : "19:21:58", "s" : "16242", "st" : "4682", "snt" : "11560", "si" : "4682", "sni" : "0", "sa" : "4682", "sna" : "0", "pst" : "28,83", "psnt" : "71,17", "psi" : "28,83", "psni" : "0,00", "psa" : "100,00", "psna" : "0,00", "e" : "5501478", "ea" : "1518183", "ena" : "0", "esi" : "1518183", "esni" : "0", "c" : "1251092", "a" : "267091", "pea" : "100,00", "pena" : "0,00", "pesi" : "27,60", "pesni" : "0,00", "pa" : "17,59", "pc" : "82,41", "munnr" : "118", "munpt" : "153", "munf" : "24", "pmunnr" : "40,00", "pmunpt" : "51,86", "pmunf" : "8,14" }, 
{ "and" : "P", "tpabr" : "UF", "cdabr" : "TO", "dt" : "02/10/2022", "ht" : "19:23:00", "s" : "3957", "st" : "3178", "snt" : "779", "si" : "3178", "sni" : "0", "sa" : "3178", "sna" : "0", "pst" : "80,31", "psnt" : "19,69", "psi" : "80,31", "psni" : "0,00", "psa" : "100,00", "psna" : "0,00", "e" : "1094346", "ea" : "862409", "ena" : "0", "esi" : "862409", "esni" : "0", "c" : "702242", "a" : "160167", "pea" : "100,00", "pena" : "0,00", "pesi" : "78,81", "pesni" : "0,00", "pa" : "18,57", "pc" : "81,43", "munnr" : "11", "munpt" : "77", "munf" : "51", "pmunnr" : "7,91", "pmunpt" : "55,40", "pmunf" : "36,69" }, 
{ "and" : "P", "tpabr" : "UF", "cdabr" : "AL", "dt" : "02/10/2022", "ht" : "19:23:08", "s" : "6626", "st" : "584", "snt" : "6042", "si" : "584", "sni" : "0", "sa" : "584", "sna" : "0", "pst" : "8,81", "psnt" : "91,19", "psi" : "8,81", "psni" : "0,00", "psa" : "100,00", "psna" : "0,00", "e" : "2326491", "ea" : "178079", "ena" : "0", "esi" : "178079", "esni" : "0", "c" : "139942", "a" : "38137", "pea" : "100,00", "pena" : "0,00", "pesi" : "7,65", "pesni" : "0,00", "pa" : "21,42", "pc" : "78,58", "munnr" : "74", "munpt" : "28", "munf" : "0", "pmunnr" : "72,55", "pmunpt" : "27,45", "pmunf" : "00,00" }, 
{ "and" : "P", "tpabr" : "UF", "cdabr" : "BA", "dt" : "02/10/2022", "ht" : "19:23:26", "s" : "34424", "st" : "8882", "snt" : "25542", "si" : "8882", "sni" : "0", "sa" : "8882", "sna" : "0", "pst" : "25,80", "psnt" : "74,20", "psi" : "25,80", "psni" : "0,00", "psa" : "100,00", "psna" : "0,00", "e" : "11283405", "ea" : "2719016", "ena" : "0", "esi" : "2719016", "esni" : "0", "c" : "2145348", "a" : "573668", "pea" : "100,00", "pena" : "0,00", "pesi" : "24,10", "pesni" : "0,00", "pa" : "21,10", "pc" : "78,90", "munnr" : "114", "munpt" : "296", "munf" : "7", "pmunnr" : "27,34", "pmunpt" : "70,98", "pmunf" : "1,68" }, 
{ "and" : "P", "tpabr" : "UF", "cdabr" : "PB", "dt" : "02/10/2022", "ht" : "19:22:40", "s" : "9602", "st" : "4190", "snt" : "5412", "si" : "4190", "sni" : "0", "sa" : "4190", "sna" : "0", "pst" : "43,64", "psnt" : "56,36", "psi" : "43,64", "psni" : "0,00", "psa" : "100,00", "psna" : "0,00", "e" : "3092053", "ea" : "1323469", "ena" : "0", "esi" : "1323469", "esni" : "0", "c" : "1104084", "a" : "219385", "pea" : "100,00", "pena" : "0,00", "pesi" : "42,80", "pesni" : "0,00", "pa" : "16,58", "pc" : "83,42", "munnr" : "83", "munpt" : "121", "munf" : "19", "pmunnr" : "37,22", "pmunpt" : "54,26", "pmunf" : "8,52" }, 
{ "and" : "P", "tpabr" : "UF", "cdabr" : "AP", "dt" : "02/10/2022", "ht" : "19:22:33", "s" : "1740", "st" : "964", "snt" : "776", "si" : "964", "sni" : "0", "sa" : "964", "sna" : "0", "pst" : "55,40", "psnt" : "44,60", "psi" : "55,40", "psni" : "0,00", "psa" : "100,00", "psna" : "0,00", "e" : "550165", "ea" : "284240", "ena" : "0", "esi" : "284240", "esni" : "0", "c" : "228006", "a" : "56234", "pea" : "100,00", "pena" : "0,00", "pesi" : "51,66", "pesni" : "0,00", "pa" : "19,78", "pc" : "80,22", "munnr" : "1", "munpt" : "14", "munf" : "1", "pmunnr" : "6,25", "pmunpt" : "87,50", "pmunf" : "6,25" }, 
{ "and" : "P", "tpabr" : "UF", "cdabr" : "RJ", "dt" : "02/10/2022", "ht" : "19:23:11", "s" : "34068", "st" : "6847", "snt" : "27221", "si" : "6847", "sni" : "0", "sa" : "6847", "sna" : "0", "pst" : "20,10", "psnt" : "79,90", "psi" : "20,10", "psni" : "0,00", "psa" : "100,00", "psna" : "0,00", "e" : "12826356", "ea" : "2283796", "ena" : "0", "esi" : "2283796", "esni" : "0", "c" : "1761207", "a" : "522589", "pea" : "100,00", "pena" : "0,00", "pesi" : "17,81", "pesni" : "0,00", "pa" : "22,88", "pc" : "77,12", "munnr" : "16", "munpt" : "76", "munf" : "0", "pmunnr" : "17,39", "pmunpt" : "82,61", "pmunf" : "00,00" }, 
{ "and" : "P", "tpabr" : "UF", "cdabr" : "RR", "dt" : "02/10/2022", "ht" : "19:22:32", "s" : "1268", "st" : "756", "snt" : "512", "si" : "756", "sni" : "0", "sa" : "756", "sna" : "0", "pst" : "59,62", "psnt" : "40,38", "psi" : "59,62", "psni" : "0,00", "psa" : "100,00", "psna" : "0,00", "e" : "366632", "ea" : "210283", "ena" : "0", "esi" : "210283", "esni" : "0", "c" : "175769", "a" : "34514", "pea" : "100,00", "pena" : "0,00", "pesi" : "57,36", "pesni" : "0,00", "pa" : "16,41", "pc" : "83,59", "munnr" : "0", "munpt" : "15", "munf" : "0", "pmunnr" : "00,00", "pmunpt" : "100,00", "pmunf" : "00,00" }, 
{ "and" : "P", "tpabr" : "UF", "cdabr" : "ZZ", "dt" : "02/10/2022", "ht" : "19:23:09", "s" : "1064", "st" : "527", "snt" : "537", "si" : "527", "sni" : "0", "sa" : "527", "sna" : "0", "pst" : "49,53", "psnt" : "50,47", "psi" : "49,53", "psni" : "0,00", "psa" : "100,00", "psna" : "0,00", "e" : "695355", "ea" : "364930", "ena" : "0", "esi" : "364930", "esni" : "0", "c" : "165690", "a" : "199240", "pea" : "100,00", "pena" : "0,00", "pesi" : "52,48", "pesni" : "0,00", "pa" : "54,60", "pc" : "45,40", "munnr" : "104", "munpt" : "14", "munf" : "63", "pmunnr" : "57,46", "pmunpt" : "7,73", "pmunf" : "34,81" }, 
{ "and" : "P", "tpabr" : "UF", "cdabr" : "SP", "dt" : "02/10/2022", "ht" : "19:23:22", "s" : "101073", "st" : "38986", "snt" : "62087", "si" : "38986", "sni" : "0", "sa" : "38986", "sna" : "0", "pst" : "38,57", "psnt" : "61,43", "psi" : "38,57", "psni" : "0,00", "psa" : "100,00", "psna" : "0,00", "e" : "34684927", "ea" : "12856039", "ena" : "0", "esi" : "12856039", "esni" : "0", "c" : "10042218", "a" : "2813821", "pea" : "100,00", "pena" : "0,00", "pesi" : "37,07", "pesni" : "0,00", "pa" : "21,89", "pc" : "78,11", "munnr" : "243", "munpt" : "244", "munf" : "158", "pmunnr" : "37,67", "pmunpt" : "37,83", "pmunf" : "24,50" }, 
{ "and" : "P", "tpabr" : "BR", "cdabr" : "BR", "dt" : "02/10/2022", "ht" : "19:23:33", "s" : "472075", "st" : "196562", "snt" : "275513", "si" : "196562", "sni" : "0", "sa" : "196562", "sna" : "0", "pst" : "41,63", "psnt" : "58,37", "psi" : "41,63", "psni" : "0,00", "psa" : "100,00", "psna" : "0,00", "e" : "156454011", "ea" : "62323877", "ena" : "0", "esi" : "62323877", "esni" : "0", "c" : "49430509", "a" : "12893368", "pea" : "100,00", "pena" : "0,00", "pesi" : "39,83", "pesni" : "0,00", "pa" : "20,69", "pc" : "79,31", "ufsnr" : "0", "ufspt" : "28", "ufsf" : "0", "pufsnr" : "00,00", "pufspt" : "100,00", "pufsf" : "00,00" } ] }