
{ "ele" : "544", "t" : "1", "f" : "O", "dg" : "02/10/2022", "hg" : "19:02:07", "abr" : [ 
{ "and" : "P", "tpabr" : "UF", "cdabr" : "AM", "dt" : "02/10/2022", "ht" : "19:01:26", "s" : "7454", "st" : "3093", "snt" : "4361", "si" : "3093", "sni" : "0", "sa" : "3093", "sna" : "0", "pst" : "41,49", "psnt" : "58,51", "psi" : "41,49", "psni" : "0,00", "psa" : "100,00", "psna" : "0,00", "e" : "2646924", "ea" : "1074477", "ena" : "0", "esi" : "1074477", "esni" : "0", "c" : "885312", "a" : "189165", "pea" : "100,00", "pena" : "0,00", "pesi" : "40,59", "pesni" : "0,00", "pa" : "17,61", "pc" : "82,39", "munnr" : "5", "munpt" : "57", "munf" : "0", "pmunnr" : "8,06", "pmunpt" : "91,94", "pmunf" : "00,00" }, 
{ "and" : "P", "tpabr" : "UF", "cdabr" : "PE", "dt" : "02/10/2022", "ht" : "19:01:37", "s" : "20572", "st" : "2170", "snt" : "18402", "si" : "2170", "sni" : "0", "sa" : "2170", "sna" : "0", "pst" : "10,55", "psnt" : "89,45", "psi" : "10,55", "psni" : "0,00", "psa" : "100,00", "psna" : "0,00", "e" : "7015421", "ea" : "656736", "ena" : "0", "esi" : "656736", "esni" : "0", "c" : "534171", "a" : "122565", "pea" : "100,00", "pena" : "0,00", "pesi" : "9,36", "pesni" : "0,00", "pa" : "18,66", "pc" : "81,34", "munnr" : "97", "munpt" : "88", "munf" : "0", "pmunnr" : "52,43", "pmunpt" : "47,57", "pmunf" : "00,00" }, 
{ "and" : "P", "tpabr" : "UF", "cdabr" : "RN", "dt" : "02/10/2022", "ht" : "19:01:57", "s" : "7674", "st" : "2321", "snt" : "5353", "si" : "2321", "sni" : "0", "sa" : "2321", "sna" : "0", "pst" : "30,24", "psnt" : "69,76", "psi" : "30,24", "psni" : "0,00", "psa" : "100,00", "psna" : "0,00", "e" : "2554716", "ea" : "698662", "ena" : "0", "esi" : "698662", "esni" : "0", "c" : "574864", "a" : "123798", "pea" : "100,00", "pena" : "0,00", "pesi" : "27,35", "pesni" : "0,00", "pa" : "17,72", "pc" : "82,28", "munnr" : "35", "munpt" : "118", "munf" : "14", "pmunnr" : "20,96", "pmunpt" : "70,66", "pmunf" : "8,38" }, 
{ "and" : "P", "tpabr" : "UF", "cdabr" : "MG", "dt" : "02/10/2022", "ht" : "19:01:42", "s" : "49981", "st" : "9198", "snt" : "40783", "si" : "9198", "sni" : "0", "sa" : "9198", "sna" : "0", "pst" : "18,40", "psnt" : "81,60", "psi" : "18,40", "psni" : "0,00", "psa" : "100,00", "psna" : "0,00", "e" : "16283828", "ea" : "2820446", "ena" : "0", "esi" : "2820446", "esni" : "0", "c" : "2177817", "a" : "642629", "pea" : "100,00", "pena" : "0,00", "pesi" : "17,32", "pesni" : "0,00", "pa" : "22,78", "pc" : "77,22", "munnr" : "544", "munpt" : "288", "munf" : "21", "pmunnr" : "63,77", "pmunpt" : "33,76", "pmunf" : "2,46" }, 
{ "and" : "P", "tpabr" : "UF", "cdabr" : "RO", "dt" : "02/10/2022", "ht" : "19:01:01", "s" : "4198", "st" : "1919", "snt" : "2279", "si" : "1919", "sni" : "0", "sa" : "1919", "sna" : "0", "pst" : "45,71", "psnt" : "54,29", "psi" : "45,71", "psni" : "0,00", "psa" : "100,00", "psna" : "0,00", "e" : "1229998", "ea" : "554478", "ena" : "0", "esi" : "554478", "esni" : "0", "c" : "428095", "a" : "126383", "pea" : "100,00", "pena" : "0,00", "pesi" : "45,08", "pesni" : "0,00", "pa" : "22,79", "pc" : "77,21", "munnr" : "20", "munpt" : "29", "munf" : "3", "pmunnr" : "38,46", "pmunpt" : "55,77", "pmunf" : "5,77" }, 
{ "and" : "P", "tpabr" : "UF", "cdabr" : "CE", "dt" : "02/10/2022", "ht" : "19:01:39", "s" : "22796", "st" : "3593", "snt" : "19203", "si" : "3593", "sni" : "0", "sa" : "3593", "sna" : "0", "pst" : "15,76", "psnt" : "84,24", "psi" : "15,76", "psni" : "0,00", "psa" : "100,00", "psna" : "0,00", "e" : "6818732", "ea" : "1034719", "ena" : "0", "esi" : "1034719", "esni" : "0", "c" : "836908", "a" : "197811", "pea" : "100,00", "pena" : "0,00", "pesi" : "15,17", "pesni" : "0,00", "pa" : "19,12", "pc" : "80,88", "munnr" : "76", "munpt" : "108", "munf" : "0", "pmunnr" : "41,30", "pmunpt" : "58,70", "pmunf" : "00,00" }, 
{ "and" : "P", "tpabr" : "UF", "cdabr" : "GO", "dt" : "02/10/2022", "ht" : "19:00:50", "s" : "14620", "st" : "6068", "snt" : "8552", "si" : "6068", "sni" : "0", "sa" : "6068", "sna" : "0", "pst" : "41,50", "psnt" : "58,50", "psi" : "41,50", "psni" : "0,00", "psa" : "100,00", "psna" : "0,00", "e" : "4870292", "ea" : "1992295", "ena" : "0", "esi" : "1992295", "esni" : "0", "c" : "1566477", "a" : "425818", "pea" : "100,00", "pena" : "0,00", "pesi" : "40,91", "pesni" : "0,00", "pa" : "21,37", "pc" : "78,63", "munnr" : "140", "munpt" : "96", "munf" : "10", "pmunnr" : "56,91", "pmunpt" : "39,02", "pmunf" : "4,07" }, 
{ "and" : "P", "tpabr" : "UF", "cdabr" : "MS", "dt" : "02/10/2022", "ht" : "19:01:14", "s" : "6912", "st" : "5419", "snt" : "1493", "si" : "5419", "sni" : "0", "sa" : "5419", "sna" : "0", "pst" : "78,40", "psnt" : "21,60", "psi" : "78,40", "psni" : "0,00", "psa" : "100,00", "psna" : "0,00", "e" : "1995932", "ea" : "1548632", "ena" : "0", "esi" : "1548632", "esni" : "0", "c" : "1213018", "a" : "335614", "pea" : "100,00", "pena" : "0,00", "pesi" : "77,59", "pesni" : "0,00", "pa" : "21,67", "pc" : "78,33", "munnr" : "5", "munpt" : "57", "munf" : "17", "pmunnr" : "6,33", "pmunpt" : "72,15", "pmunf" : "21,52" }, 
{ "and" : "P", "tpabr" : "UF", "cdabr" : "MT", "dt" : "02/10/2022", "ht" : "19:01:08", "s" : "7652", "st" : "3384", "snt" : "4268", "si" : "3384", "sni" : "0", "sa" : "3384", "sna" : "0", "pst" : "44,22", "psnt" : "55,78", "psi" : "44,22", "psni" : "0,00", "psa" : "100,00", "psna" : "0,00", "e" : "2469604", "ea" : "1048416", "ena" : "0", "esi" : "1048416", "esni" : "0", "c" : "818257", "a" : "230159", "pea" : "100,00", "pena" : "0,00", "pesi" : "42,45", "pesni" : "0,00", "pa" : "21,95", "pc" : "78,05", "munnr" : "35", "munpt" : "92", "munf" : "14", "pmunnr" : "24,82", "pmunpt" : "65,25", "pmunf" : "9,93" }, 
{ "and" : "P", "tpabr" : "UF", "cdabr" : "SE", "dt" : "02/10/2022", "ht" : "19:00:53", "s" : "5498", "st" : "1780", "snt" : "3718", "si" : "1780", "sni" : "0", "sa" : "1780", "sna" : "0", "pst" : "32,38", "psnt" : "67,62", "psi" : "32,38", "psni" : "0,00", "psa" : "100,00", "psna" : "0,00", "e" : "1671376", "ea" : "518657", "ena" : "0", "esi" : "518657", "esni" : "0", "c" : "427848", "a" : "90809", "pea" : "100,00", "pena" : "0,00", "pesi" : "31,03", "pesni" : "0,00", "pa" : "17,51", "pc" : "82,49", "munnr" : "27", "munpt" : "48", "munf" : "0", "pmunnr" : "36,00", "pmunpt" : "64,00", "pmunf" : "00,00" }, 
{ "and" : "P", "tpabr" : "UF", "cdabr" : "DF", "dt" : "02/10/2022", "ht" : "19:01:46", "s" : "6748", "st" : "6039", "snt" : "709", "si" : "6039", "sni" : "0", "sa" : "6039", "sna" : "0", "pst" : "89,49", "psnt" : "10,51", "psi" : "89,49", "psni" : "0,00", "psa" : "100,00", "psna" : "0,00", "e" : "2206996", "ea" : "1956406", "ena" : "0", "esi" : "1956406", "esni" : "0", "c" : "1616179", "a" : "340227", "pea" : "100,00", "pena" : "0,00", "pesi" : "88,65", "pesni" : "0,00", "pa" : "17,39", "pc" : "82,61", "munnr" : "0", "munpt" : "1", "munf" : "0", "pmunnr" : "00,00", "pmunpt" : "100,00", "pmunf" : "00,00" }, 
{ "and" : "P", "tpabr" : "UF", "cdabr" : "ES", "dt" : "02/10/2022", "ht" : "19:01:11", "s" : "9239", "st" : "7396", "snt" : "1843", "si" : "7396", "sni" : "0", "sa" : "7396", "sna" : "0", "pst" : "80,05", "psnt" : "19,95", "psi" : "80,05", "psni" : "0,00", "psa" : "100,00", "psna" : "0,00", "e" : "2922379", "ea" : "2313288", "ena" : "0", "esi" : "2313288", "esni" : "0", "c" : "1837916", "a" : "475372", "pea" : "100,00", "pena" : "0,00", "pesi" : "79,16", "pesni" : "0,00", "pa" : "20,55", "pc" : "79,45", "munnr" : "0", "munpt" : "52", "munf" : "26", "pmunnr" : "00,00", "pmunpt" : "66,67", "pmunf" : "33,33" }, 
{ "and" : "P", "tpabr" : "UF", "cdabr" : "MA", "dt" : "02/10/2022", "ht" : "19:01:27", "s" : "16423", "st" : "1345", "snt" : "15078", "si" : "1345", "sni" : "0", "sa" : "1345", "sna" : "0", "pst" : "8,19", "psnt" : "91,81", "psi" : "8,19", "psni" : "0,00", "psa" : "100,00", "psna" : "0,00", "e" : "5039287", "ea" : "382018", "ena" : "0", "esi" : "382018", "esni" : "0", "c" : "299275", "a" : "82743", "pea" : "100,00", "pena" : "0,00", "pesi" : "7,58", "pesni" : "0,00", "pa" : "21,66", "pc" : "78,34", "munnr" : "131", "munpt" : "86", "munf" : "0", "pmunnr" : "60,37", "pmunpt" : "39,63", "pmunf" : "00,00" }, 
{ "and" : "P", "tpabr" : "UF", "cdabr" : "PA", "dt" : "02/10/2022", "ht" : "19:01:16", "s" : "18235", "st" : "5585", "snt" : "12650", "si" : "5585", "sni" : "0", "sa" : "5585", "sna" : "0", "pst" : "30,63", "psnt" : "69,37", "psi" : "30,63", "psni" : "0,00", "psa" : "100,00", "psna" : "0,00", "e" : "6079280", "ea" : "1776355", "ena" : "0", "esi" : "1776355", "esni" : "0", "c" : "1415302", "a" : "361053", "pea" : "100,00", "pena" : "0,00", "pesi" : "29,22", "pesni" : "0,00", "pa" : "20,33", "pc" : "79,67", "munnr" : "9", "munpt" : "135", "munf" : "0", "pmunnr" : "6,25", "pmunpt" : "93,75", "pmunf" : "00,00" }, 
{ "and" : "P", "tpabr" : "UF", "cdabr" : "PI", "dt" : "02/10/2022", "ht" : "19:01:00", "s" : "8963", "st" : "2858", "snt" : "6105", "si" : "2858", "sni" : "0", "sa" : "2858", "sna" : "0", "pst" : "31,89", "psnt" : "68,11", "psi" : "31,89", "psni" : "0,00", "psa" : "100,00", "psna" : "0,00", "e" : "2570433", "ea" : "793479", "ena" : "0", "esi" : "793479", "esni" : "0", "c" : "652134", "a" : "141345", "pea" : "100,00", "pena" : "0,00", "pesi" : "30,87", "pesni" : "0,00", "pa" : "17,81", "pc" : "82,19", "munnr" : "68", "munpt" : "156", "munf" : "0", "pmunnr" : "30,36", "pmunpt" : "69,64", "pmunf" : "00,00" }, 
{ "and" : "P", "tpabr" : "UF", "cdabr" : "RS", "dt" : "02/10/2022", "ht" : "19:01:00", "s" : "27201", "st" : "11503", "snt" : "15698", "si" : "11503", "sni" : "0", "sa" : "11503", "sna" : "0", "pst" : "42,29", "psnt" : "57,71", "psi" : "42,29", "psni" : "0,00", "psa" : "100,00", "psna" : "0,00", "e" : "8589432", "ea" : "3597877", "ena" : "0", "esi" : "3597877", "esni" : "0", "c" : "2886824", "a" : "711053", "pea" : "100,00", "pena" : "0,00", "pesi" : "41,89", "pesni" : "0,00", "pa" : "19,76", "pc" : "80,24", "munnr" : "252", "munpt" : "214", "munf" : "31", "pmunnr" : "50,70", "pmunpt" : "43,06", "pmunf" : "6,24" }, 
{ "and" : "P", "tpabr" : "UF", "cdabr" : "AC", "dt" : "02/10/2022", "ht" : "19:01:00", "s" : "2124", "st" : "1225", "snt" : "899", "si" : "1225", "sni" : "0", "sa" : "1225", "sna" : "0", "pst" : "57,67", "psnt" : "42,33", "psi" : "57,67", "psni" : "0,00", "psa" : "100,00", "psna" : "0,00", "e" : "587738", "ea" : "341789", "ena" : "0", "esi" : "341789", "esni" : "0", "c" : "263579", "a" : "78210", "pea" : "100,00", "pena" : "0,00", "pesi" : "58,15", "pesni" : "0,00", "pa" : "22,88", "pc" : "77,12", "munnr" : "1", "munpt" : "21", "munf" : "0", "pmunnr" : "4,55", "pmunpt" : "95,45", "pmunf" : "00,00" }, 
{ "and" : "P", "tpabr" : "UF", "cdabr" : "PR", "dt" : "02/10/2022", "ht" : "19:01:53", "s" : "25721", "st" : "12074", "snt" : "13647", "si" : "12074", "sni" : "0", "sa" : "12074", "sna" : "0", "pst" : "46,94", "psnt" : "53,06", "psi" : "46,94", "psni" : "0,00", "psa" : "100,00", "psna" : "0,00", "e" : "8480435", "ea" : "3908489", "ena" : "0", "esi" : "3908489", "esni" : "0", "c" : "3152391", "a" : "756098", "pea" : "100,00", "pena" : "0,00", "pesi" : "46,09", "pesni" : "0,00", "pa" : "19,35", "pc" : "80,65", "munnr" : "138", "munpt" : "225", "munf" : "36", "pmunnr" : "34,59", "pmunpt" : "56,39", "pmunf" : "9,02" }, 
{ "and" : "P", "tpabr" : "UF", "cdabr" : "SC", "dt" : "02/10/2022", "ht" : "19:01:20", "s" : "16242", "st" : "2036", "snt" : "14206", "si" : "2036", "sni" : "0", "sa" : "2036", "sna" : "0", "pst" : "12,54", "psnt" : "87,46", "psi" : "12,54", "psni" : "0,00", "psa" : "100,00", "psna" : "0,00", "e" : "5501478", "ea" : "646497", "ena" : "0", "esi" : "646497", "esni" : "0", "c" : "532718", "a" : "113779", "pea" : "100,00", "pena" : "0,00", "pesi" : "11,75", "pesni" : "0,00", "pa" : "17,60", "pc" : "82,40", "munnr" : "184", "munpt" : "105", "munf" : "6", "pmunnr" : "62,37", "pmunpt" : "35,59", "pmunf" : "2,03" }, 
{ "and" : "P", "tpabr" : "UF", "cdabr" : "TO", "dt" : "02/10/2022", "ht" : "19:01:13", "s" : "3957", "st" : "2683", "snt" : "1274", "si" : "2683", "sni" : "0", "sa" : "2683", "sna" : "0", "pst" : "67,80", "psnt" : "32,20", "psi" : "67,80", "psni" : "0,00", "psa" : "100,00", "psna" : "0,00", "e" : "1094346", "ea" : "722328", "ena" : "0", "esi" : "722328", "esni" : "0", "c" : "588366", "a" : "133962", "pea" : "100,00", "pena" : "0,00", "pesi" : "66,01", "pesni" : "0,00", "pa" : "18,55", "pc" : "81,45", "munnr" : "20", "munpt" : "92", "munf" : "27", "pmunnr" : "14,39", "pmunpt" : "66,19", "pmunf" : "19,42" }, 
{ "and" : "P", "tpabr" : "UF", "cdabr" : "AL", "dt" : "02/10/2022", "ht" : "19:01:25", "s" : "6626", "st" : "154", "snt" : "6472", "si" : "154", "sni" : "0", "sa" : "154", "sna" : "0", "pst" : "2,32", "psnt" : "97,68", "psi" : "2,32", "psni" : "0,00", "psa" : "100,00", "psna" : "0,00", "e" : "2326491", "ea" : "47233", "ena" : "0", "esi" : "47233", "esni" : "0", "c" : "36967", "a" : "10266", "pea" : "100,00", "pena" : "0,00", "pesi" : "2,03", "pesni" : "0,00", "pa" : "21,73", "pc" : "78,27", "munnr" : "86", "munpt" : "16", "munf" : "0", "pmunnr" : "84,31", "pmunpt" : "15,69", "pmunf" : "00,00" }, 
{ "and" : "P", "tpabr" : "UF", "cdabr" : "BA", "dt" : "02/10/2022", "ht" : "19:01:27", "s" : "34424", "st" : "4802", "snt" : "29622", "si" : "4802", "sni" : "0", "sa" : "4802", "sna" : "0", "pst" : "13,95", "psnt" : "86,05", "psi" : "13,95", "psni" : "0,00", "psa" : "100,00", "psna" : "0,00", "e" : "11283405", "ea" : "1458938", "ena" : "0", "esi" : "1458938", "esni" : "0", "c" : "1148586", "a" : "310352", "pea" : "100,00", "pena" : "0,00", "pesi" : "12,93", "pesni" : "0,00", "pa" : "21,27", "pc" : "78,73", "munnr" : "178", "munpt" : "237", "munf" : "2", "pmunnr" : "42,69", "pmunpt" : "56,83", "pmunf" : "0,48" }, 
{ "and" : "P", "tpabr" : "UF", "cdabr" : "PB", "dt" : "02/10/2022", "ht" : "19:00:50", "s" : "9602", "st" : "2732", "snt" : "6870", "si" : "2732", "sni" : "0", "sa" : "2732", "sna" : "0", "pst" : "28,45", "psnt" : "71,55", "psi" : "28,45", "psni" : "0,00", "psa" : "100,00", "psna" : "0,00", "e" : "3092053", "ea" : "853557", "ena" : "0", "esi" : "853557", "esni" : "0", "c" : "710943", "a" : "142614", "pea" : "100,00", "pena" : "0,00", "pesi" : "27,60", "pesni" : "0,00", "pa" : "16,71", "pc" : "83,29", "munnr" : "97", "munpt" : "121", "munf" : "5", "pmunnr" : "43,50", "pmunpt" : "54,26", "pmunf" : "2,24" }, 
{ "and" : "P", "tpabr" : "UF", "cdabr" : "AP", "dt" : "02/10/2022", "ht" : "19:01:25", "s" : "1740", "st" : "609", "snt" : "1131", "si" : "609", "sni" : "0", "sa" : "609", "sna" : "0", "pst" : "35,00", "psnt" : "65,00", "psi" : "35,00", "psni" : "0,00", "psa" : "100,00", "psna" : "0,00", "e" : "550165", "ea" : "173782", "ena" : "0", "esi" : "173782", "esni" : "0", "c" : "138495", "a" : "35287", "pea" : "100,00", "pena" : "0,00", "pesi" : "31,59", "pesni" : "0,00", "pa" : "20,31", "pc" : "79,69", "munnr" : "1", "munpt" : "15", "munf" : "0", "pmunnr" : "6,25", "pmunpt" : "93,75", "pmunf" : "00,00" }, 
{ "and" : "P", "tpabr" : "UF", "cdabr" : "RJ", "dt" : "02/10/2022", "ht" : "19:01:28", "s" : "34068", "st" : "2939", "snt" : "31129", "si" : "2939", "sni" : "0", "sa" : "2939", "sna" : "0", "pst" : "8,63", "psnt" : "91,37", "psi" : "8,63", "psni" : "0,00", "psa" : "100,00", "psna" : "0,00", "e" : "12826356", "ea" : "957959", "ena" : "0", "esi" : "957959", "esni" : "0", "c" : "739414", "a" : "218545", "pea" : "100,00", "pena" : "0,00", "pesi" : "7,47", "pesni" : "0,00", "pa" : "22,81", "pc" : "77,19", "munnr" : "27", "munpt" : "65", "munf" : "0", "pmunnr" : "29,35", "pmunpt" : "70,65", "pmunf" : "00,00" }, 
{ "and" : "P", "tpabr" : "UF", "cdabr" : "RR", "dt" : "02/10/2022", "ht" : "19:01:45", "s" : "1268", "st" : "460", "snt" : "808", "si" : "460", "sni" : "0", "sa" : "460", "sna" : "0", "pst" : "36,28", "psnt" : "63,72", "psi" : "36,28", "psni" : "0,00", "psa" : "100,00", "psna" : "0,00", "e" : "366632", "ea" : "124819", "ena" : "0", "esi" : "124819", "esni" : "0", "c" : "104192", "a" : "20627", "pea" : "100,00", "pena" : "0,00", "pesi" : "34,04", "pesni" : "0,00", "pa" : "16,53", "pc" : "83,47", "munnr" : "0", "munpt" : "15", "munf" : "0", "pmunnr" : "00,00", "pmunpt" : "100,00", "pmunf" : "00,00" }, 
{ "and" : "P", "tpabr" : "UF", "cdabr" : "ZZ", "dt" : "02/10/2022", "ht" : "18:51:24", "s" : "1064", "st" : "466", "snt" : "598", "si" : "466", "sni" : "0", "sa" : "466", "sna" : "0", "pst" : "43,80", "psnt" : "56,20", "psi" : "43,80", "psni" : "0,00", "psa" : "100,00", "psna" : "0,00", "e" : "695355", "ea" : "325172", "ena" : "0", "esi" : "325172", "esni" : "0", "c" : "147154", "a" : "178018", "pea" : "100,00", "pena" : "0,00", "pesi" : "46,76", "pesni" : "0,00", "pa" : "54,75", "pc" : "45,25", "munnr" : "114", "munpt" : "13", "munf" : "54", "pmunnr" : "62,98", "pmunpt" : "7,18", "pmunf" : "29,83" }, 
{ "and" : "P", "tpabr" : "UF", "cdabr" : "SP", "dt" : "02/10/2022", "ht" : "19:01:37", "s" : "101073", "st" : "19964", "snt" : "81109", "si" : "19964", "sni" : "0", "sa" : "19964", "sna" : "0", "pst" : "19,75", "psnt" : "80,25", "psi" : "19,75", "psni" : "0,00", "psa" : "100,00", "psna" : "0,00", "e" : "34684927", "ea" : "6441108", "ena" : "0", "esi" : "6441108", "esni" : "0", "c" : "5018649", "a" : "1422459", "pea" : "100,00", "pena" : "0,00", "pesi" : "18,57", "pesni" : "0,00", "pa" : "22,08", "pc" : "77,92", "munnr" : "351", "munpt" : "221", "munf" : "73", "pmunnr" : "54,42", "pmunpt" : "34,26", "pmunf" : "11,32" }, 
{ "and" : "P", "tpabr" : "BR", "cdabr" : "BR", "dt" : "02/10/2022", "ht" : "19:01:57", "s" : "472075", "st" : "123815", "snt" : "348260", "si" : "123815", "sni" : "0", "sa" : "123815", "sna" : "0", "pst" : "26,22", "psnt" : "73,78", "psi" : "26,22", "psni" : "0,00", "psa" : "100,00", "psna" : "0,00", "e" : "156454011", "ea" : "38768612", "ena" : "0", "esi" : "38768612", "esni" : "0", "c" : "30751851", "a" : "8016761", "pea" : "100,00", "pena" : "0,00", "pesi" : "24,77", "pesni" : "0,00", "pa" : "20,68", "pc" : "79,32", "ufsnr" : "0", "ufspt" : "28", "ufsf" : "0", "pufsnr" : "00,00", "pufspt" : "100,00", "pufsf" : "00,00" } ] }