
{ "ele" : "544", "t" : "1", "f" : "O", "dg" : "02/10/2022", "hg" : "21:13:44", "abr" : [ 
{ "and" : "P", "tpabr" : "UF", "cdabr" : "AM", "dt" : "02/10/2022", "ht" : "21:13:35", "s" : "7454", "st" : "7152", "snt" : "302", "si" : "7151", "sni" : "1", "sa" : "7151", "sna" : "0", "pst" : "95,95", "psnt" : "4,05", "psi" : "95,94", "psni" : "4,06", "psa" : "100,00", "psna" : "0,00", "e" : "2646924", "ea" : "2532635", "ena" : "0", "esi" : "2532635", "esni" : "84", "c" : "2026592", "a" : "506043", "pea" : "100,00", "pena" : "0,00", "pesi" : "95,68", "pesni" : "100,00", "pa" : "19,98", "pc" : "80,02", "munnr" : "0", "munpt" : "35", "munf" : "27", "pmunnr" : "00,00", "pmunpt" : "56,45", "pmunf" : "43,55" }, 
{ "and" : "P", "tpabr" : "UF", "cdabr" : "PE", "dt" : "02/10/2022", "ht" : "21:12:30", "s" : "20572", "st" : "19530", "snt" : "1042", "si" : "19530", "sni" : "0", "sa" : "19530", "sna" : "0", "pst" : "94,93", "psnt" : "5,07", "psi" : "94,93", "psni" : "0,00", "psa" : "100,00", "psna" : "0,00", "e" : "7015421", "ea" : "6655762", "ena" : "0", "esi" : "6655762", "esni" : "0", "c" : "5454559", "a" : "1201203", "pea" : "100,00", "pena" : "0,00", "pesi" : "94,87", "pesni" : "0,00", "pa" : "18,05", "pc" : "81,95", "munnr" : "6", "munpt" : "61", "munf" : "118", "pmunnr" : "3,24", "pmunpt" : "32,97", "pmunf" : "63,78" }, 
{ "and" : "P", "tpabr" : "UF", "cdabr" : "RN", "dt" : "02/10/2022", "ht" : "21:12:34", "s" : "7674", "st" : "7545", "snt" : "129", "si" : "7545", "sni" : "0", "sa" : "7545", "sna" : "0", "pst" : "98,32", "psnt" : "1,68", "psi" : "98,32", "psni" : "0,00", "psa" : "100,00", "psna" : "0,00", "e" : "2554716", "ea" : "2510685", "ena" : "0", "esi" : "2510685", "esni" : "0", "c" : "2054927", "a" : "455758", "pea" : "100,00", "pena" : "0,00", "pesi" : "98,28", "pesni" : "0,00", "pa" : "18,15", "pc" : "81,85", "munnr" : "0", "munpt" : "27", "munf" : "140", "pmunnr" : "00,00", "pmunpt" : "16,17", "pmunf" : "83,83" }, 
{ "and" : "P", "tpabr" : "UF", "cdabr" : "MG", "dt" : "02/10/2022", "ht" : "21:12:33", "s" : "49981", "st" : "47906", "snt" : "2075", "si" : "47906", "sni" : "0", "sa" : "47906", "sna" : "0", "pst" : "95,85", "psnt" : "4,15", "psi" : "95,85", "psni" : "0,00", "psa" : "100,00", "psna" : "0,00", "e" : "16283828", "ea" : "15603504", "ena" : "0", "esi" : "15603504", "esni" : "0", "c" : "12140294", "a" : "3463210", "pea" : "100,00", "pena" : "0,00", "pesi" : "95,82", "pesni" : "0,00", "pa" : "22,20", "pc" : "77,80", "munnr" : "43", "munpt" : "82", "munf" : "728", "pmunnr" : "5,04", "pmunpt" : "9,61", "pmunf" : "85,35" }, 
{ "and" : "P", "tpabr" : "UF", "cdabr" : "RO", "dt" : "02/10/2022", "ht" : "21:12:31", "s" : "4198", "st" : "4155", "snt" : "43", "si" : "4155", "sni" : "0", "sa" : "4155", "sna" : "0", "pst" : "98,98", "psnt" : "1,02", "psi" : "98,98", "psni" : "0,00", "psa" : "100,00", "psna" : "0,00", "e" : "1229998", "ea" : "1215192", "ena" : "0", "esi" : "1215192", "esni" : "0", "c" : "916000", "a" : "299192", "pea" : "100,00", "pena" : "0,00", "pesi" : "98,80", "pesni" : "0,00", "pa" : "24,62", "pc" : "75,38", "munnr" : "0", "munpt" : "7", "munf" : "45", "pmunnr" : "00,00", "pmunpt" : "13,46", "pmunf" : "86,54" }, 
{ "and" : "P", "tpabr" : "UF", "cdabr" : "CE", "dt" : "02/10/2022", "ht" : "21:12:29", "s" : "22796", "st" : "21147", "snt" : "1649", "si" : "21147", "sni" : "0", "sa" : "21147", "sna" : "0", "pst" : "92,77", "psnt" : "7,23", "psi" : "92,77", "psni" : "0,00", "psa" : "100,00", "psna" : "0,00", "e" : "6818732", "ea" : "6349051", "ena" : "0", "esi" : "6349051", "esni" : "0", "c" : "5242383", "a" : "1106668", "pea" : "100,00", "pena" : "0,00", "pesi" : "93,11", "pesni" : "0,00", "pa" : "17,43", "pc" : "82,57", "munnr" : "8", "munpt" : "83", "munf" : "93", "pmunnr" : "4,35", "pmunpt" : "45,11", "pmunf" : "50,54" }, 
{ "and" : "P", "tpabr" : "UF", "cdabr" : "GO", "dt" : "02/10/2022", "ht" : "21:13:36", "s" : "14620", "st" : "14559", "snt" : "61", "si" : "14559", "sni" : "0", "sa" : "14559", "sna" : "0", "pst" : "99,58", "psnt" : "0,42", "psi" : "99,58", "psni" : "0,00", "psa" : "100,00", "psna" : "0,00", "e" : "4870292", "ea" : "4851500", "ena" : "0", "esi" : "4851500", "esni" : "0", "c" : "3798161", "a" : "1053339", "pea" : "100,00", "pena" : "0,00", "pesi" : "99,61", "pesni" : "0,00", "pa" : "21,71", "pc" : "78,29", "munnr" : "2", "munpt" : "13", "munf" : "231", "pmunnr" : "0,81", "pmunpt" : "5,28", "pmunf" : "93,90" }, 
{ "and" : "P", "tpabr" : "UF", "cdabr" : "MS", "dt" : "02/10/2022", "ht" : "20:54:51", "s" : "6912", "st" : "6910", "snt" : "2", "si" : "6910", "sni" : "0", "sa" : "6910", "sna" : "0", "pst" : "99,97", "psnt" : "0,03", "psi" : "99,97", "psni" : "0,00", "psa" : "100,00", "psna" : "0,00", "e" : "1995932", "ea" : "1995509", "ena" : "0", "esi" : "1995509", "esni" : "0", "c" : "1554759", "a" : "440750", "pea" : "100,00", "pena" : "0,00", "pesi" : "99,98", "pesni" : "0,00", "pa" : "22,09", "pc" : "77,91", "munnr" : "0", "munpt" : "1", "munf" : "78", "pmunnr" : "00,00", "pmunpt" : "1,27", "pmunf" : "98,73" }, 
{ "and" : "P", "tpabr" : "UF", "cdabr" : "MT", "dt" : "02/10/2022", "ht" : "21:12:30", "s" : "7652", "st" : "7574", "snt" : "78", "si" : "7574", "sni" : "0", "sa" : "7574", "sna" : "0", "pst" : "98,98", "psnt" : "1,02", "psi" : "98,98", "psni" : "0,00", "psa" : "100,00", "psna" : "0,00", "e" : "2469604", "ea" : "2444763", "ena" : "0", "esi" : "2444763", "esni" : "0", "c" : "1873674", "a" : "571089", "pea" : "100,00", "pena" : "0,00", "pesi" : "98,99", "pesni" : "0,00", "pa" : "23,36", "pc" : "76,64", "munnr" : "1", "munpt" : "10", "munf" : "130", "pmunnr" : "0,71", "pmunpt" : "7,09", "pmunf" : "92,20" }, 
{ "and" : "P", "tpabr" : "UF", "cdabr" : "SE", "dt" : "02/10/2022", "ht" : "21:11:26", "s" : "5498", "st" : "5429", "snt" : "69", "si" : "5429", "sni" : "0", "sa" : "5429", "sna" : "0", "pst" : "98,74", "psnt" : "1,26", "psi" : "98,74", "psni" : "0,00", "psa" : "100,00", "psna" : "0,00", "e" : "1671376", "ea" : "1647444", "ena" : "0", "esi" : "1647444", "esni" : "0", "c" : "1345106", "a" : "302338", "pea" : "100,00", "pena" : "0,00", "pesi" : "98,57", "pesni" : "0,00", "pa" : "18,35", "pc" : "81,65", "munnr" : "0", "munpt" : "8", "munf" : "67", "pmunnr" : "00,00", "pmunpt" : "10,67", "pmunf" : "89,33" }, 
{ "and" : "F", "tpabr" : "UF", "cdabr" : "DF", "dt" : "02/10/2022", "ht" : "20:36:59", "s" : "6748", "st" : "6748", "snt" : "0", "si" : "6748", "sni" : "0", "sa" : "6748", "sna" : "0", "pst" : "100,00", "psnt" : "0,00", "psi" : "100,00", "psni" : "0,00", "psa" : "100,00", "psna" : "0,00", "e" : "2206996", "ea" : "2206996", "ena" : "0", "esi" : "2206996", "esni" : "0", "c" : "1819900", "a" : "387096", "pea" : "100,00", "pena" : "0,00", "pesi" : "100,00", "pesni" : "0,00", "pa" : "17,54", "pc" : "82,46", "munnr" : "0", "munpt" : "0", "munf" : "1", "pmunnr" : "00,00", "pmunpt" : "00,00", "pmunf" : "100,00" }, 
{ "and" : "F", "tpabr" : "UF", "cdabr" : "ES", "dt" : "02/10/2022", "ht" : "20:41:59", "s" : "9239", "st" : "9239", "snt" : "0", "si" : "9239", "sni" : "0", "sa" : "9239", "sna" : "0", "pst" : "100,00", "psnt" : "0,00", "psi" : "100,00", "psni" : "0,00", "psa" : "100,00", "psna" : "0,00", "e" : "2922379", "ea" : "2922379", "ena" : "0", "esi" : "2922379", "esni" : "0", "c" : "2315889", "a" : "606490", "pea" : "100,00", "pena" : "0,00", "pesi" : "100,00", "pesni" : "0,00", "pa" : "20,75", "pc" : "79,25", "munnr" : "0", "munpt" : "0", "munf" : "78", "pmunnr" : "00,00", "pmunpt" : "00,00", "pmunf" : "100,00" }, 
{ "and" : "P", "tpabr" : "UF", "cdabr" : "MA", "dt" : "02/10/2022", "ht" : "21:12:30", "s" : "16423", "st" : "12615", "snt" : "3808", "si" : "12615", "sni" : "0", "sa" : "12615", "sna" : "0", "pst" : "76,81", "psnt" : "23,19", "psi" : "76,81", "psni" : "0,00", "psa" : "100,00", "psna" : "0,00", "e" : "5039287", "ea" : "3881195", "ena" : "0", "esi" : "3881195", "esni" : "0", "c" : "3037452", "a" : "843743", "pea" : "100,00", "pena" : "0,00", "pesi" : "77,02", "pesni" : "0,00", "pa" : "21,74", "pc" : "78,26", "munnr" : "29", "munpt" : "134", "munf" : "54", "pmunnr" : "13,36", "pmunpt" : "61,75", "pmunf" : "24,88" }, 
{ "and" : "P", "tpabr" : "UF", "cdabr" : "PA", "dt" : "02/10/2022", "ht" : "21:12:30", "s" : "18235", "st" : "17368", "snt" : "867", "si" : "17368", "sni" : "0", "sa" : "17368", "sna" : "0", "pst" : "95,25", "psnt" : "4,75", "psi" : "95,25", "psni" : "0,00", "psa" : "100,00", "psna" : "0,00", "e" : "6079280", "ea" : "5786135", "ena" : "0", "esi" : "5786135", "esni" : "0", "c" : "4555453", "a" : "1230682", "pea" : "100,00", "pena" : "0,00", "pesi" : "95,18", "pesni" : "0,00", "pa" : "21,27", "pc" : "78,73", "munnr" : "0", "munpt" : "91", "munf" : "53", "pmunnr" : "00,00", "pmunpt" : "63,19", "pmunf" : "36,81" }, 
{ "and" : "P", "tpabr" : "UF", "cdabr" : "PI", "dt" : "02/10/2022", "ht" : "21:12:30", "s" : "8963", "st" : "8346", "snt" : "617", "si" : "8346", "sni" : "0", "sa" : "8346", "sna" : "0", "pst" : "93,12", "psnt" : "6,88", "psi" : "93,12", "psni" : "0,00", "psa" : "100,00", "psna" : "0,00", "e" : "2570433", "ea" : "2385959", "ena" : "0", "esi" : "2385959", "esni" : "0", "c" : "1962945", "a" : "423014", "pea" : "100,00", "pena" : "0,00", "pesi" : "92,82", "pesni" : "0,00", "pa" : "17,73", "pc" : "82,27", "munnr" : "7", "munpt" : "100", "munf" : "117", "pmunnr" : "3,13", "pmunpt" : "44,64", "pmunf" : "52,23" }, 
{ "and" : "P", "tpabr" : "UF", "cdabr" : "RS", "dt" : "02/10/2022", "ht" : "21:12:31", "s" : "27201", "st" : "26916", "snt" : "285", "si" : "26916", "sni" : "0", "sa" : "26916", "sna" : "0", "pst" : "98,95", "psnt" : "1,05", "psi" : "98,95", "psni" : "0,00", "psa" : "100,00", "psna" : "0,00", "e" : "8589432", "ea" : "8487295", "ena" : "0", "esi" : "8487295", "esni" : "0", "c" : "6809477", "a" : "1677818", "pea" : "100,00", "pena" : "0,00", "pesi" : "98,81", "pesni" : "0,00", "pa" : "19,77", "pc" : "80,23", "munnr" : "2", "munpt" : "15", "munf" : "480", "pmunnr" : "0,40", "pmunpt" : "3,02", "pmunf" : "96,58" }, 
{ "and" : "P", "tpabr" : "UF", "cdabr" : "AC", "dt" : "02/10/2022", "ht" : "21:13:35", "s" : "2124", "st" : "2091", "snt" : "33", "si" : "2091", "sni" : "0", "sa" : "2091", "sna" : "0", "pst" : "98,45", "psnt" : "1,55", "psi" : "98,45", "psni" : "0,00", "psa" : "100,00", "psna" : "0,00", "e" : "587738", "ea" : "578663", "ena" : "0", "esi" : "578663", "esni" : "0", "c" : "449351", "a" : "129312", "pea" : "100,00", "pena" : "0,00", "pesi" : "98,46", "pesni" : "0,00", "pa" : "22,35", "pc" : "77,65", "munnr" : "0", "munpt" : "4", "munf" : "18", "pmunnr" : "00,00", "pmunpt" : "18,18", "pmunf" : "81,82" }, 
{ "and" : "P", "tpabr" : "UF", "cdabr" : "PR", "dt" : "02/10/2022", "ht" : "21:11:26", "s" : "25721", "st" : "25634", "snt" : "87", "si" : "25634", "sni" : "0", "sa" : "25634", "sna" : "0", "pst" : "99,66", "psnt" : "0,34", "psi" : "99,66", "psni" : "0,00", "psa" : "100,00", "psna" : "0,00", "e" : "8480435", "ea" : "8449713", "ena" : "0", "esi" : "8449713", "esni" : "0", "c" : "6804984", "a" : "1644729", "pea" : "100,00", "pena" : "0,00", "pesi" : "99,64", "pesni" : "0,00", "pa" : "19,46", "pc" : "80,54", "munnr" : "2", "munpt" : "21", "munf" : "376", "pmunnr" : "0,50", "pmunpt" : "5,26", "pmunf" : "94,24" }, 
{ "and" : "P", "tpabr" : "UF", "cdabr" : "SC", "dt" : "02/10/2022", "ht" : "21:12:34", "s" : "16242", "st" : "16128", "snt" : "114", "si" : "16128", "sni" : "0", "sa" : "16128", "sna" : "0", "pst" : "99,30", "psnt" : "0,70", "psi" : "99,30", "psni" : "0,00", "psa" : "100,00", "psna" : "0,00", "e" : "5501478", "ea" : "5461184", "ena" : "0", "esi" : "5461184", "esni" : "0", "c" : "4455250", "a" : "1005934", "pea" : "100,00", "pena" : "0,00", "pesi" : "99,27", "pesni" : "0,00", "pa" : "18,42", "pc" : "81,58", "munnr" : "1", "munpt" : "12", "munf" : "282", "pmunnr" : "0,34", "pmunpt" : "4,07", "pmunf" : "95,59" }, 
{ "and" : "P", "tpabr" : "UF", "cdabr" : "TO", "dt" : "02/10/2022", "ht" : "21:11:26", "s" : "3957", "st" : "3949", "snt" : "8", "si" : "3949", "sni" : "0", "sa" : "3949", "sna" : "0", "pst" : "99,80", "psnt" : "0,20", "psi" : "99,80", "psni" : "0,00", "psa" : "100,00", "psna" : "0,00", "e" : "1094346", "ea" : "1092009", "ena" : "0", "esi" : "1092009", "esni" : "0", "c" : "889558", "a" : "202451", "pea" : "100,00", "pena" : "0,00", "pesi" : "99,79", "pesni" : "0,00", "pa" : "18,54", "pc" : "81,46", "munnr" : "0", "munpt" : "4", "munf" : "135", "pmunnr" : "00,00", "pmunpt" : "2,88", "pmunf" : "97,12" }, 
{ "and" : "P", "tpabr" : "UF", "cdabr" : "AL", "dt" : "02/10/2022", "ht" : "21:12:34", "s" : "6626", "st" : "5373", "snt" : "1253", "si" : "5373", "sni" : "0", "sa" : "5373", "sna" : "0", "pst" : "81,09", "psnt" : "18,91", "psi" : "81,09", "psni" : "0,00", "psa" : "100,00", "psna" : "0,00", "e" : "2326491", "ea" : "1860475", "ena" : "0", "esi" : "1860475", "esni" : "0", "c" : "1447767", "a" : "412708", "pea" : "100,00", "pena" : "0,00", "pesi" : "79,97", "pesni" : "0,00", "pa" : "22,18", "pc" : "77,82", "munnr" : "12", "munpt" : "37", "munf" : "53", "pmunnr" : "11,76", "pmunpt" : "36,27", "pmunf" : "51,96" }, 
{ "and" : "P", "tpabr" : "UF", "cdabr" : "BA", "dt" : "02/10/2022", "ht" : "21:12:30", "s" : "34424", "st" : "30957", "snt" : "3467", "si" : "30957", "sni" : "0", "sa" : "30957", "sna" : "0", "pst" : "89,93", "psnt" : "10,07", "psi" : "89,93", "psni" : "0,00", "psa" : "100,00", "psna" : "0,00", "e" : "11283405", "ea" : "10130040", "ena" : "0", "esi" : "10130040", "esni" : "0", "c" : "7981565", "a" : "2148475", "pea" : "100,00", "pena" : "0,00", "pesi" : "89,78", "pesni" : "0,00", "pa" : "21,21", "pc" : "78,79", "munnr" : "17", "munpt" : "205", "munf" : "195", "pmunnr" : "4,08", "pmunpt" : "49,16", "pmunf" : "46,76" }, 
{ "and" : "P", "tpabr" : "UF", "cdabr" : "PB", "dt" : "02/10/2022", "ht" : "21:11:22", "s" : "9602", "st" : "9572", "snt" : "30", "si" : "9572", "sni" : "0", "sa" : "9572", "sna" : "0", "pst" : "99,69", "psnt" : "0,31", "psi" : "99,69", "psni" : "0,00", "psa" : "100,00", "psna" : "0,00", "e" : "3092053", "ea" : "3082529", "ena" : "0", "esi" : "3082529", "esni" : "0", "c" : "2549565", "a" : "532964", "pea" : "100,00", "pena" : "0,00", "pesi" : "99,69", "pesni" : "0,00", "pa" : "17,29", "pc" : "82,71", "munnr" : "1", "munpt" : "6", "munf" : "216", "pmunnr" : "0,45", "pmunpt" : "2,69", "pmunf" : "96,86" }, 
{ "and" : "P", "tpabr" : "UF", "cdabr" : "AP", "dt" : "02/10/2022", "ht" : "21:13:35", "s" : "1740", "st" : "1730", "snt" : "10", "si" : "1730", "sni" : "0", "sa" : "1730", "sna" : "0", "pst" : "99,43", "psnt" : "0,57", "psi" : "99,43", "psni" : "0,00", "psa" : "100,00", "psna" : "0,00", "e" : "550165", "ea" : "546213", "ena" : "0", "esi" : "546213", "esni" : "0", "c" : "439604", "a" : "106609", "pea" : "100,00", "pena" : "0,00", "pesi" : "99,28", "pesni" : "0,00", "pa" : "19,52", "pc" : "80,48", "munnr" : "0", "munpt" : "5", "munf" : "11", "pmunnr" : "00,00", "pmunpt" : "31,25", "pmunf" : "68,75" }, 
{ "and" : "P", "tpabr" : "UF", "cdabr" : "RJ", "dt" : "02/10/2022", "ht" : "21:12:31", "s" : "34068", "st" : "32933", "snt" : "1135", "si" : "32933", "sni" : "0", "sa" : "32933", "sna" : "0", "pst" : "96,67", "psnt" : "3,33", "psi" : "96,67", "psni" : "0,00", "psa" : "100,00", "psna" : "0,00", "e" : "12826356", "ea" : "12382936", "ena" : "0", "esi" : "12382936", "esni" : "0", "c" : "9568716", "a" : "2814220", "pea" : "100,00", "pena" : "0,00", "pesi" : "96,54", "pesni" : "0,00", "pa" : "22,73", "pc" : "77,27", "munnr" : "1", "munpt" : "38", "munf" : "53", "pmunnr" : "1,09", "pmunpt" : "41,30", "pmunf" : "57,61" }, 
{ "and" : "F", "tpabr" : "UF", "cdabr" : "RR", "dt" : "02/10/2022", "ht" : "21:07:58", "s" : "1268", "st" : "1268", "snt" : "0", "si" : "1268", "sni" : "0", "sa" : "1268", "sna" : "0", "pst" : "100,00", "psnt" : "0,00", "psi" : "100,00", "psni" : "0,00", "psa" : "100,00", "psna" : "0,00", "e" : "366632", "ea" : "366632", "ena" : "0", "esi" : "366632", "esni" : "0", "c" : "305404", "a" : "61228", "pea" : "100,00", "pena" : "0,00", "pesi" : "100,00", "pesni" : "0,00", "pa" : "16,70", "pc" : "83,30", "munnr" : "0", "munpt" : "0", "munf" : "15", "pmunnr" : "00,00", "pmunpt" : "00,00", "pmunf" : "100,00" }, 
{ "and" : "P", "tpabr" : "UF", "cdabr" : "ZZ", "dt" : "02/10/2022", "ht" : "21:13:38", "s" : "1064", "st" : "914", "snt" : "150", "si" : "868", "sni" : "46", "sa" : "868", "sna" : "0", "pst" : "85,90", "psnt" : "14,10", "psi" : "81,58", "psni" : "18,42", "psa" : "100,00", "psna" : "0,00", "e" : "695355", "ea" : "601457", "ena" : "0", "esi" : "601457", "esni" : "573", "c" : "268030", "a" : "333427", "pea" : "100,00", "pena" : "0,00", "pesi" : "86,50", "pesni" : "99,92", "pa" : "55,44", "pc" : "44,56", "munnr" : "24", "munpt" : "25", "munf" : "132", "pmunnr" : "13,26", "pmunpt" : "13,81", "pmunf" : "72,93" }, 
{ "and" : "P", "tpabr" : "UF", "cdabr" : "SP", "dt" : "02/10/2022", "ht" : "21:12:32", "s" : "101073", "st" : "99501", "snt" : "1572", "si" : "99501", "sni" : "0", "sa" : "99501", "sna" : "0", "pst" : "98,44", "psnt" : "1,56", "psi" : "98,44", "psni" : "0,00", "psa" : "100,00", "psna" : "0,00", "e" : "34684927", "ea" : "34130791", "ena" : "0", "esi" : "34130791", "esni" : "0", "c" : "26753520", "a" : "7377271", "pea" : "100,00", "pena" : "0,00", "pesi" : "98,40", "pesni" : "0,00", "pa" : "21,61", "pc" : "78,39", "munnr" : "7", "munpt" : "37", "munf" : "601", "pmunnr" : "1,09", "pmunpt" : "5,74", "pmunf" : "93,18" }, 
{ "and" : "P", "tpabr" : "BR", "cdabr" : "BR", "dt" : "02/10/2022", "ht" : "21:13:38", "s" : "472075", "st" : "453189", "snt" : "18886", "si" : "453142", "sni" : "47", "sa" : "453142", "sna" : "0", "pst" : "95,99", "psnt" : "4,01", "psi" : "95,98", "psni" : "4,02", "psa" : "100,00", "psna" : "0,00", "e" : "156454011", "ea" : "150158646", "ena" : "0", "esi" : "150158646", "esni" : "657", "c" : "118820885", "a" : "31337761", "pea" : "100,00", "pena" : "0,00", "pesi" : "95,97", "pesni" : "100,00", "pa" : "20,87", "pc" : "79,13", "ufsnr" : "0", "ufspt" : "25", "ufsf" : "3", "pufsnr" : "00,00", "pufspt" : "89,29", "pufsf" : "10,71" } ] }