
{ "ele" : "544", "t" : "1", "f" : "O", "dg" : "02/10/2022", "hg" : "18:56:10", "abr" : [ 
{ "and" : "P", "tpabr" : "UF", "cdabr" : "AM", "dt" : "02/10/2022", "ht" : "18:55:12", "s" : "7454", "st" : "2733", "snt" : "4721", "si" : "2733", "sni" : "0", "sa" : "2733", "sna" : "0", "pst" : "36,66", "psnt" : "63,34", "psi" : "36,66", "psni" : "0,00", "psa" : "100,00", "psna" : "0,00", "e" : "2646924", "ea" : "948000", "ena" : "0", "esi" : "948000", "esni" : "0", "c" : "780276", "a" : "167724", "pea" : "100,00", "pena" : "0,00", "pesi" : "35,82", "pesni" : "0,00", "pa" : "17,69", "pc" : "82,31", "munnr" : "7", "munpt" : "55", "munf" : "0", "pmunnr" : "11,29", "pmunpt" : "88,71", "pmunf" : "00,00" }, 
{ "and" : "P", "tpabr" : "UF", "cdabr" : "PE", "dt" : "02/10/2022", "ht" : "18:55:57", "s" : "20572", "st" : "1865", "snt" : "18707", "si" : "1865", "sni" : "0", "sa" : "1865", "sna" : "0", "pst" : "9,07", "psnt" : "90,93", "psi" : "9,07", "psni" : "0,00", "psa" : "100,00", "psna" : "0,00", "e" : "7015421", "ea" : "562431", "ena" : "0", "esi" : "562431", "esni" : "0", "c" : "456995", "a" : "105436", "pea" : "100,00", "pena" : "0,00", "pesi" : "8,02", "pesni" : "0,00", "pa" : "18,75", "pc" : "81,25", "munnr" : "101", "munpt" : "84", "munf" : "0", "pmunnr" : "54,59", "pmunpt" : "45,41", "pmunf" : "00,00" }, 
{ "and" : "P", "tpabr" : "UF", "cdabr" : "RN", "dt" : "02/10/2022", "ht" : "18:55:16", "s" : "7674", "st" : "2037", "snt" : "5637", "si" : "2037", "sni" : "0", "sa" : "2037", "sna" : "0", "pst" : "26,54", "psnt" : "73,46", "psi" : "26,54", "psni" : "0,00", "psa" : "100,00", "psna" : "0,00", "e" : "2554716", "ea" : "611247", "ena" : "0", "esi" : "611247", "esni" : "0", "c" : "502561", "a" : "108686", "pea" : "100,00", "pena" : "0,00", "pesi" : "23,93", "pesni" : "0,00", "pa" : "17,78", "pc" : "82,22", "munnr" : "44", "munpt" : "111", "munf" : "12", "pmunnr" : "26,35", "pmunpt" : "66,47", "pmunf" : "7,19" }, 
{ "and" : "P", "tpabr" : "UF", "cdabr" : "MG", "dt" : "02/10/2022", "ht" : "18:54:57", "s" : "49981", "st" : "7501", "snt" : "42480", "si" : "7501", "sni" : "0", "sa" : "7501", "sna" : "0", "pst" : "15,01", "psnt" : "84,99", "psi" : "15,01", "psni" : "0,00", "psa" : "100,00", "psna" : "0,00", "e" : "16283828", "ea" : "2288163", "ena" : "0", "esi" : "2288163", "esni" : "0", "c" : "1764398", "a" : "523765", "pea" : "100,00", "pena" : "0,00", "pesi" : "14,05", "pesni" : "0,00", "pa" : "22,89", "pc" : "77,11", "munnr" : "565", "munpt" : "276", "munf" : "12", "pmunnr" : "66,24", "pmunpt" : "32,36", "pmunf" : "1,41" }, 
{ "and" : "P", "tpabr" : "UF", "cdabr" : "RO", "dt" : "02/10/2022", "ht" : "18:54:18", "s" : "4198", "st" : "1819", "snt" : "2379", "si" : "1819", "sni" : "0", "sa" : "1819", "sna" : "0", "pst" : "43,33", "psnt" : "56,67", "psi" : "43,33", "psni" : "0,00", "psa" : "100,00", "psna" : "0,00", "e" : "1229998", "ea" : "527496", "ena" : "0", "esi" : "527496", "esni" : "0", "c" : "408000", "a" : "119496", "pea" : "100,00", "pena" : "0,00", "pesi" : "42,89", "pesni" : "0,00", "pa" : "22,65", "pc" : "77,35", "munnr" : "21", "munpt" : "28", "munf" : "3", "pmunnr" : "40,38", "pmunpt" : "53,85", "pmunf" : "5,77" }, 
{ "and" : "P", "tpabr" : "UF", "cdabr" : "CE", "dt" : "02/10/2022", "ht" : "18:54:55", "s" : "22796", "st" : "3013", "snt" : "19783", "si" : "3013", "sni" : "0", "sa" : "3013", "sna" : "0", "pst" : "13,22", "psnt" : "86,78", "psi" : "13,22", "psni" : "0,00", "psa" : "100,00", "psna" : "0,00", "e" : "6818732", "ea" : "869172", "ena" : "0", "esi" : "869172", "esni" : "0", "c" : "701130", "a" : "168042", "pea" : "100,00", "pena" : "0,00", "pesi" : "12,75", "pesni" : "0,00", "pa" : "19,33", "pc" : "80,67", "munnr" : "84", "munpt" : "100", "munf" : "0", "pmunnr" : "45,65", "pmunpt" : "54,35", "pmunf" : "00,00" }, 
{ "and" : "P", "tpabr" : "UF", "cdabr" : "GO", "dt" : "02/10/2022", "ht" : "18:55:08", "s" : "14620", "st" : "5436", "snt" : "9184", "si" : "5436", "sni" : "0", "sa" : "5436", "sna" : "0", "pst" : "37,18", "psnt" : "62,82", "psi" : "37,18", "psni" : "0,00", "psa" : "100,00", "psna" : "0,00", "e" : "4870292", "ea" : "1782970", "ena" : "0", "esi" : "1782970", "esni" : "0", "c" : "1402682", "a" : "380288", "pea" : "100,00", "pena" : "0,00", "pesi" : "36,61", "pesni" : "0,00", "pa" : "21,33", "pc" : "78,67", "munnr" : "144", "munpt" : "96", "munf" : "6", "pmunnr" : "58,54", "pmunpt" : "39,02", "pmunf" : "2,44" }, 
{ "and" : "P", "tpabr" : "UF", "cdabr" : "MS", "dt" : "02/10/2022", "ht" : "18:55:31", "s" : "6912", "st" : "5131", "snt" : "1781", "si" : "5131", "sni" : "0", "sa" : "5131", "sna" : "0", "pst" : "74,23", "psnt" : "25,77", "psi" : "74,23", "psni" : "0,00", "psa" : "100,00", "psna" : "0,00", "e" : "1995932", "ea" : "1465071", "ena" : "0", "esi" : "1465071", "esni" : "0", "c" : "1149210", "a" : "315861", "pea" : "100,00", "pena" : "0,00", "pesi" : "73,40", "pesni" : "0,00", "pa" : "21,56", "pc" : "78,44", "munnr" : "6", "munpt" : "58", "munf" : "15", "pmunnr" : "7,59", "pmunpt" : "73,42", "pmunf" : "18,99" }, 
{ "and" : "P", "tpabr" : "UF", "cdabr" : "MT", "dt" : "02/10/2022", "ht" : "18:55:25", "s" : "7652", "st" : "3040", "snt" : "4612", "si" : "3040", "sni" : "0", "sa" : "3040", "sna" : "0", "pst" : "39,73", "psnt" : "60,27", "psi" : "39,73", "psni" : "0,00", "psa" : "100,00", "psna" : "0,00", "e" : "2469604", "ea" : "941984", "ena" : "0", "esi" : "941984", "esni" : "0", "c" : "736988", "a" : "204996", "pea" : "100,00", "pena" : "0,00", "pesi" : "38,14", "pesni" : "0,00", "pa" : "21,76", "pc" : "78,24", "munnr" : "40", "munpt" : "89", "munf" : "12", "pmunnr" : "28,37", "pmunpt" : "63,12", "pmunf" : "8,51" }, 
{ "and" : "P", "tpabr" : "UF", "cdabr" : "SE", "dt" : "02/10/2022", "ht" : "18:55:12", "s" : "5498", "st" : "1560", "snt" : "3938", "si" : "1560", "sni" : "0", "sa" : "1560", "sna" : "0", "pst" : "28,37", "psnt" : "71,63", "psi" : "28,37", "psni" : "0,00", "psa" : "100,00", "psna" : "0,00", "e" : "1671376", "ea" : "452095", "ena" : "0", "esi" : "452095", "esni" : "0", "c" : "373473", "a" : "78622", "pea" : "100,00", "pena" : "0,00", "pesi" : "27,05", "pesni" : "0,00", "pa" : "17,39", "pc" : "82,61", "munnr" : "36", "munpt" : "39", "munf" : "0", "pmunnr" : "48,00", "pmunpt" : "52,00", "pmunf" : "00,00" }, 
{ "and" : "P", "tpabr" : "UF", "cdabr" : "DF", "dt" : "02/10/2022", "ht" : "18:55:02", "s" : "6748", "st" : "5841", "snt" : "907", "si" : "5841", "sni" : "0", "sa" : "5841", "sna" : "0", "pst" : "86,56", "psnt" : "13,44", "psi" : "86,56", "psni" : "0,00", "psa" : "100,00", "psna" : "0,00", "e" : "2206996", "ea" : "1888772", "ena" : "0", "esi" : "1888772", "esni" : "0", "c" : "1560779", "a" : "327993", "pea" : "100,00", "pena" : "0,00", "pesi" : "85,58", "pesni" : "0,00", "pa" : "17,37", "pc" : "82,63", "munnr" : "0", "munpt" : "1", "munf" : "0", "pmunnr" : "00,00", "pmunpt" : "100,00", "pmunf" : "00,00" }, 
{ "and" : "P", "tpabr" : "UF", "cdabr" : "ES", "dt" : "02/10/2022", "ht" : "18:55:29", "s" : "9239", "st" : "6925", "snt" : "2314", "si" : "6925", "sni" : "0", "sa" : "6925", "sna" : "0", "pst" : "74,95", "psnt" : "25,05", "psi" : "74,95", "psni" : "0,00", "psa" : "100,00", "psna" : "0,00", "e" : "2922379", "ea" : "2164110", "ena" : "0", "esi" : "2164110", "esni" : "0", "c" : "1718992", "a" : "445118", "pea" : "100,00", "pena" : "0,00", "pesi" : "74,05", "pesni" : "0,00", "pa" : "20,57", "pc" : "79,43", "munnr" : "0", "munpt" : "55", "munf" : "23", "pmunnr" : "00,00", "pmunpt" : "70,51", "pmunf" : "29,49" }, 
{ "and" : "P", "tpabr" : "UF", "cdabr" : "MA", "dt" : "02/10/2022", "ht" : "18:55:50", "s" : "16423", "st" : "1091", "snt" : "15332", "si" : "1091", "sni" : "0", "sa" : "1091", "sna" : "0", "pst" : "6,64", "psnt" : "93,36", "psi" : "6,64", "psni" : "0,00", "psa" : "100,00", "psna" : "0,00", "e" : "5039287", "ea" : "307896", "ena" : "0", "esi" : "307896", "esni" : "0", "c" : "240429", "a" : "67467", "pea" : "100,00", "pena" : "0,00", "pesi" : "6,11", "pesni" : "0,00", "pa" : "21,91", "pc" : "78,09", "munnr" : "140", "munpt" : "77", "munf" : "0", "pmunnr" : "64,52", "pmunpt" : "35,48", "pmunf" : "00,00" }, 
{ "and" : "P", "tpabr" : "UF", "cdabr" : "PA", "dt" : "02/10/2022", "ht" : "18:55:42", "s" : "18235", "st" : "5135", "snt" : "13100", "si" : "5135", "sni" : "0", "sa" : "5135", "sna" : "0", "pst" : "28,16", "psnt" : "71,84", "psi" : "28,16", "psni" : "0,00", "psa" : "100,00", "psna" : "0,00", "e" : "6079280", "ea" : "1629640", "ena" : "0", "esi" : "1629640", "esni" : "0", "c" : "1298992", "a" : "330648", "pea" : "100,00", "pena" : "0,00", "pesi" : "26,81", "pesni" : "0,00", "pa" : "20,29", "pc" : "79,71", "munnr" : "10", "munpt" : "134", "munf" : "0", "pmunnr" : "6,94", "pmunpt" : "93,06", "pmunf" : "00,00" }, 
{ "and" : "P", "tpabr" : "UF", "cdabr" : "PI", "dt" : "02/10/2022", "ht" : "18:55:17", "s" : "8963", "st" : "2571", "snt" : "6392", "si" : "2571", "sni" : "0", "sa" : "2571", "sna" : "0", "pst" : "28,68", "psnt" : "71,32", "psi" : "28,68", "psni" : "0,00", "psa" : "100,00", "psna" : "0,00", "e" : "2570433", "ea" : "712567", "ena" : "0", "esi" : "712567", "esni" : "0", "c" : "586092", "a" : "126475", "pea" : "100,00", "pena" : "0,00", "pesi" : "27,72", "pesni" : "0,00", "pa" : "17,75", "pc" : "82,25", "munnr" : "72", "munpt" : "152", "munf" : "0", "pmunnr" : "32,14", "pmunpt" : "67,86", "pmunf" : "00,00" }, 
{ "and" : "P", "tpabr" : "UF", "cdabr" : "RS", "dt" : "02/10/2022", "ht" : "18:55:23", "s" : "27201", "st" : "10258", "snt" : "16943", "si" : "10258", "sni" : "0", "sa" : "10258", "sna" : "0", "pst" : "37,71", "psnt" : "62,29", "psi" : "37,71", "psni" : "0,00", "psa" : "100,00", "psna" : "0,00", "e" : "8589432", "ea" : "3199831", "ena" : "0", "esi" : "3199831", "esni" : "0", "c" : "2569845", "a" : "629986", "pea" : "100,00", "pena" : "0,00", "pesi" : "37,25", "pesni" : "0,00", "pa" : "19,69", "pc" : "80,31", "munnr" : "261", "munpt" : "214", "munf" : "22", "pmunnr" : "52,52", "pmunpt" : "43,06", "pmunf" : "4,43" }, 
{ "and" : "P", "tpabr" : "UF", "cdabr" : "AC", "dt" : "02/10/2022", "ht" : "18:55:24", "s" : "2124", "st" : "1137", "snt" : "987", "si" : "1137", "sni" : "0", "sa" : "1137", "sna" : "0", "pst" : "53,53", "psnt" : "46,47", "psi" : "53,53", "psni" : "0,00", "psa" : "100,00", "psna" : "0,00", "e" : "587738", "ea" : "315986", "ena" : "0", "esi" : "315986", "esni" : "0", "c" : "243561", "a" : "72425", "pea" : "100,00", "pena" : "0,00", "pesi" : "53,76", "pesni" : "0,00", "pa" : "22,92", "pc" : "77,08", "munnr" : "1", "munpt" : "21", "munf" : "0", "pmunnr" : "4,55", "pmunpt" : "95,45", "pmunf" : "00,00" }, 
{ "and" : "P", "tpabr" : "UF", "cdabr" : "PR", "dt" : "02/10/2022", "ht" : "18:55:04", "s" : "25721", "st" : "9484", "snt" : "16237", "si" : "9484", "sni" : "0", "sa" : "9484", "sna" : "0", "pst" : "36,87", "psnt" : "63,13", "psi" : "36,87", "psni" : "0,00", "psa" : "100,00", "psna" : "0,00", "e" : "8480435", "ea" : "3065207", "ena" : "0", "esi" : "3065207", "esni" : "0", "c" : "2470094", "a" : "595113", "pea" : "100,00", "pena" : "0,00", "pesi" : "36,14", "pesni" : "0,00", "pa" : "19,42", "pc" : "80,58", "munnr" : "168", "munpt" : "210", "munf" : "21", "pmunnr" : "42,11", "pmunpt" : "52,63", "pmunf" : "5,26" }, 
{ "and" : "P", "tpabr" : "UF", "cdabr" : "SC", "dt" : "02/10/2022", "ht" : "18:54:41", "s" : "16242", "st" : "1639", "snt" : "14603", "si" : "1639", "sni" : "0", "sa" : "1639", "sna" : "0", "pst" : "10,09", "psnt" : "89,91", "psi" : "10,09", "psni" : "0,00", "psa" : "100,00", "psna" : "0,00", "e" : "5501478", "ea" : "515794", "ena" : "0", "esi" : "515794", "esni" : "0", "c" : "424830", "a" : "90964", "pea" : "100,00", "pena" : "0,00", "pesi" : "9,38", "pesni" : "0,00", "pa" : "17,64", "pc" : "82,36", "munnr" : "202", "munpt" : "88", "munf" : "5", "pmunnr" : "68,47", "pmunpt" : "29,83", "pmunf" : "1,69" }, 
{ "and" : "P", "tpabr" : "UF", "cdabr" : "TO", "dt" : "02/10/2022", "ht" : "18:55:30", "s" : "3957", "st" : "2562", "snt" : "1395", "si" : "2562", "sni" : "0", "sa" : "2562", "sna" : "0", "pst" : "64,75", "psnt" : "35,25", "psi" : "64,75", "psni" : "0,00", "psa" : "100,00", "psna" : "0,00", "e" : "1094346", "ea" : "689668", "ena" : "0", "esi" : "689668", "esni" : "0", "c" : "561910", "a" : "127758", "pea" : "100,00", "pena" : "0,00", "pesi" : "63,02", "pesni" : "0,00", "pa" : "18,52", "pc" : "81,48", "munnr" : "20", "munpt" : "96", "munf" : "23", "pmunnr" : "14,39", "pmunpt" : "69,06", "pmunf" : "16,55" }, 
{ "and" : "P", "tpabr" : "UF", "cdabr" : "AL", "dt" : "02/10/2022", "ht" : "18:55:48", "s" : "6626", "st" : "120", "snt" : "6506", "si" : "120", "sni" : "0", "sa" : "120", "sna" : "0", "pst" : "1,81", "psnt" : "98,19", "psi" : "1,81", "psni" : "0,00", "psa" : "100,00", "psna" : "0,00", "e" : "2326491", "ea" : "37565", "ena" : "0", "esi" : "37565", "esni" : "0", "c" : "29587", "a" : "7978", "pea" : "100,00", "pena" : "0,00", "pesi" : "1,61", "pesni" : "0,00", "pa" : "21,24", "pc" : "78,76", "munnr" : "89", "munpt" : "13", "munf" : "0", "pmunnr" : "87,25", "pmunpt" : "12,75", "pmunf" : "00,00" }, 
{ "and" : "P", "tpabr" : "UF", "cdabr" : "BA", "dt" : "02/10/2022", "ht" : "18:55:52", "s" : "34424", "st" : "3983", "snt" : "30441", "si" : "3983", "sni" : "0", "sa" : "3983", "sna" : "0", "pst" : "11,57", "psnt" : "88,43", "psi" : "11,57", "psni" : "0,00", "psa" : "100,00", "psna" : "0,00", "e" : "11283405", "ea" : "1208120", "ena" : "0", "esi" : "1208120", "esni" : "0", "c" : "952158", "a" : "255962", "pea" : "100,00", "pena" : "0,00", "pesi" : "10,71", "pesni" : "0,00", "pa" : "21,19", "pc" : "78,81", "munnr" : "199", "munpt" : "216", "munf" : "2", "pmunnr" : "47,72", "pmunpt" : "51,80", "pmunf" : "0,48" }, 
{ "and" : "P", "tpabr" : "UF", "cdabr" : "PB", "dt" : "02/10/2022", "ht" : "18:55:11", "s" : "9602", "st" : "2371", "snt" : "7231", "si" : "2371", "sni" : "0", "sa" : "2371", "sna" : "0", "pst" : "24,69", "psnt" : "75,31", "psi" : "24,69", "psni" : "0,00", "psa" : "100,00", "psna" : "0,00", "e" : "3092053", "ea" : "745815", "ena" : "0", "esi" : "745815", "esni" : "0", "c" : "621664", "a" : "124151", "pea" : "100,00", "pena" : "0,00", "pesi" : "24,12", "pesni" : "0,00", "pa" : "16,65", "pc" : "83,35", "munnr" : "104", "munpt" : "114", "munf" : "5", "pmunnr" : "46,64", "pmunpt" : "51,12", "pmunf" : "2,24" }, 
{ "and" : "P", "tpabr" : "UF", "cdabr" : "AP", "dt" : "02/10/2022", "ht" : "18:55:07", "s" : "1740", "st" : "495", "snt" : "1245", "si" : "495", "sni" : "0", "sa" : "495", "sna" : "0", "pst" : "28,45", "psnt" : "71,55", "psi" : "28,45", "psni" : "0,00", "psa" : "100,00", "psna" : "0,00", "e" : "550165", "ea" : "140236", "ena" : "0", "esi" : "140236", "esni" : "0", "c" : "111163", "a" : "29073", "pea" : "100,00", "pena" : "0,00", "pesi" : "25,49", "pesni" : "0,00", "pa" : "20,73", "pc" : "79,27", "munnr" : "1", "munpt" : "15", "munf" : "0", "pmunnr" : "6,25", "pmunpt" : "93,75", "pmunf" : "00,00" }, 
{ "and" : "P", "tpabr" : "UF", "cdabr" : "RJ", "dt" : "02/10/2022", "ht" : "18:55:51", "s" : "34068", "st" : "2353", "snt" : "31715", "si" : "2353", "sni" : "0", "sa" : "2353", "sna" : "0", "pst" : "6,91", "psnt" : "93,09", "psi" : "6,91", "psni" : "0,00", "psa" : "100,00", "psna" : "0,00", "e" : "12826356", "ea" : "772770", "ena" : "0", "esi" : "772770", "esni" : "0", "c" : "595893", "a" : "176877", "pea" : "100,00", "pena" : "0,00", "pesi" : "6,02", "pesni" : "0,00", "pa" : "22,89", "pc" : "77,11", "munnr" : "33", "munpt" : "59", "munf" : "0", "pmunnr" : "35,87", "pmunpt" : "64,13", "pmunf" : "00,00" }, 
{ "and" : "P", "tpabr" : "UF", "cdabr" : "RR", "dt" : "02/10/2022", "ht" : "18:55:00", "s" : "1268", "st" : "416", "snt" : "852", "si" : "416", "sni" : "0", "sa" : "416", "sna" : "0", "pst" : "32,81", "psnt" : "67,19", "psi" : "32,81", "psni" : "0,00", "psa" : "100,00", "psna" : "0,00", "e" : "366632", "ea" : "111754", "ena" : "0", "esi" : "111754", "esni" : "0", "c" : "93135", "a" : "18619", "pea" : "100,00", "pena" : "0,00", "pesi" : "30,48", "pesni" : "0,00", "pa" : "16,66", "pc" : "83,34", "munnr" : "0", "munpt" : "15", "munf" : "0", "pmunnr" : "00,00", "pmunpt" : "100,00", "pmunf" : "00,00" }, 
{ "and" : "P", "tpabr" : "UF", "cdabr" : "ZZ", "dt" : "02/10/2022", "ht" : "18:51:24", "s" : "1064", "st" : "466", "snt" : "598", "si" : "466", "sni" : "0", "sa" : "466", "sna" : "0", "pst" : "43,80", "psnt" : "56,20", "psi" : "43,80", "psni" : "0,00", "psa" : "100,00", "psna" : "0,00", "e" : "695355", "ea" : "325172", "ena" : "0", "esi" : "325172", "esni" : "0", "c" : "147154", "a" : "178018", "pea" : "100,00", "pena" : "0,00", "pesi" : "46,76", "pesni" : "0,00", "pa" : "54,75", "pc" : "45,25", "munnr" : "114", "munpt" : "13", "munf" : "54", "pmunnr" : "62,98", "pmunpt" : "7,18", "pmunf" : "29,83" }, 
{ "and" : "P", "tpabr" : "UF", "cdabr" : "SP", "dt" : "02/10/2022", "ht" : "18:54:51", "s" : "101073", "st" : "15426", "snt" : "85647", "si" : "15426", "sni" : "0", "sa" : "15426", "sna" : "0", "pst" : "15,26", "psnt" : "84,74", "psi" : "15,26", "psni" : "0,00", "psa" : "100,00", "psna" : "0,00", "e" : "34684927", "ea" : "4947537", "ena" : "0", "esi" : "4947537", "esni" : "0", "c" : "3854525", "a" : "1093012", "pea" : "100,00", "pena" : "0,00", "pesi" : "14,26", "pesni" : "0,00", "pa" : "22,09", "pc" : "77,91", "munnr" : "371", "munpt" : "212", "munf" : "62", "pmunnr" : "57,52", "pmunpt" : "32,87", "pmunf" : "9,61" }, 
{ "and" : "P", "tpabr" : "BR", "cdabr" : "BR", "dt" : "02/10/2022", "ht" : "18:55:57", "s" : "472075", "st" : "106408", "snt" : "365667", "si" : "106408", "sni" : "0", "sa" : "106408", "sna" : "0", "pst" : "22,54", "psnt" : "77,46", "psi" : "22,54", "psni" : "0,00", "psa" : "100,00", "psna" : "0,00", "e" : "156454011", "ea" : "33227069", "ena" : "0", "esi" : "33227069", "esni" : "0", "c" : "26356516", "a" : "6870553", "pea" : "100,00", "pena" : "0,00", "pesi" : "21,23", "pesni" : "0,00", "pa" : "20,68", "pc" : "79,32", "ufsnr" : "0", "ufspt" : "28", "ufsf" : "0", "pufsnr" : "00,00", "pufspt" : "100,00", "pufsf" : "00,00" } ] }