
{ "ele" : "544", "t" : "1", "f" : "O", "dg" : "02/10/2022", "hg" : "21:35:51", "abr" : [ 
{ "and" : "P", "tpabr" : "UF", "cdabr" : "AM", "dt" : "02/10/2022", "ht" : "21:34:49", "s" : "7454", "st" : "7253", "snt" : "201", "si" : "7252", "sni" : "1", "sa" : "7252", "sna" : "0", "pst" : "97,30", "psnt" : "2,70", "psi" : "97,29", "psni" : "2,71", "psa" : "100,00", "psna" : "0,00", "e" : "2646924", "ea" : "2570655", "ena" : "0", "esi" : "2570655", "esni" : "84", "c" : "2055455", "a" : "515200", "pea" : "100,00", "pena" : "0,00", "pesi" : "97,12", "pesni" : "100,00", "pa" : "20,04", "pc" : "79,96", "munnr" : "0", "munpt" : "32", "munf" : "30", "pmunnr" : "00,00", "pmunpt" : "51,61", "pmunf" : "48,39" }, 
{ "and" : "P", "tpabr" : "UF", "cdabr" : "PE", "dt" : "02/10/2022", "ht" : "21:34:53", "s" : "20572", "st" : "19896", "snt" : "676", "si" : "19896", "sni" : "0", "sa" : "19896", "sna" : "0", "pst" : "96,71", "psnt" : "3,29", "psi" : "96,71", "psni" : "0,00", "psa" : "100,00", "psna" : "0,00", "e" : "7015421", "ea" : "6781534", "ena" : "0", "esi" : "6781534", "esni" : "0", "c" : "5555291", "a" : "1226243", "pea" : "100,00", "pena" : "0,00", "pesi" : "96,67", "pesni" : "0,00", "pa" : "18,08", "pc" : "81,92", "munnr" : "3", "munpt" : "42", "munf" : "140", "pmunnr" : "1,62", "pmunpt" : "22,70", "pmunf" : "75,68" }, 
{ "and" : "P", "tpabr" : "UF", "cdabr" : "RN", "dt" : "02/10/2022", "ht" : "21:31:36", "s" : "7674", "st" : "7630", "snt" : "44", "si" : "7630", "sni" : "0", "sa" : "7630", "sna" : "0", "pst" : "99,43", "psnt" : "0,57", "psi" : "99,43", "psni" : "0,00", "psa" : "100,00", "psna" : "0,00", "e" : "2554716", "ea" : "2539351", "ena" : "0", "esi" : "2539351", "esni" : "0", "c" : "2078288", "a" : "461063", "pea" : "100,00", "pena" : "0,00", "pesi" : "99,40", "pesni" : "0,00", "pa" : "18,16", "pc" : "81,84", "munnr" : "0", "munpt" : "14", "munf" : "153", "pmunnr" : "00,00", "pmunpt" : "8,38", "pmunf" : "91,62" }, 
{ "and" : "P", "tpabr" : "UF", "cdabr" : "MG", "dt" : "02/10/2022", "ht" : "21:34:50", "s" : "49981", "st" : "48789", "snt" : "1192", "si" : "48789", "sni" : "0", "sa" : "48789", "sna" : "0", "pst" : "97,62", "psnt" : "2,38", "psi" : "97,62", "psni" : "0,00", "psa" : "100,00", "psna" : "0,00", "e" : "16283828", "ea" : "15905787", "ena" : "0", "esi" : "15905787", "esni" : "0", "c" : "12371796", "a" : "3533991", "pea" : "100,00", "pena" : "0,00", "pesi" : "97,68", "pesni" : "0,00", "pa" : "22,22", "pc" : "77,78", "munnr" : "27", "munpt" : "60", "munf" : "766", "pmunnr" : "3,17", "pmunpt" : "7,03", "pmunf" : "89,80" }, 
{ "and" : "P", "tpabr" : "UF", "cdabr" : "RO", "dt" : "02/10/2022", "ht" : "21:34:50", "s" : "4198", "st" : "4169", "snt" : "29", "si" : "4169", "sni" : "0", "sa" : "4169", "sna" : "0", "pst" : "99,31", "psnt" : "0,69", "psi" : "99,31", "psni" : "0,00", "psa" : "100,00", "psna" : "0,00", "e" : "1229998", "ea" : "1219665", "ena" : "0", "esi" : "1219665", "esni" : "0", "c" : "919337", "a" : "300328", "pea" : "100,00", "pena" : "0,00", "pesi" : "99,16", "pesni" : "0,00", "pa" : "24,62", "pc" : "75,38", "munnr" : "0", "munpt" : "6", "munf" : "46", "pmunnr" : "00,00", "pmunpt" : "11,54", "pmunf" : "88,46" }, 
{ "and" : "P", "tpabr" : "UF", "cdabr" : "CE", "dt" : "02/10/2022", "ht" : "21:34:49", "s" : "22796", "st" : "21757", "snt" : "1039", "si" : "21757", "sni" : "0", "sa" : "21757", "sna" : "0", "pst" : "95,44", "psnt" : "4,56", "psi" : "95,44", "psni" : "0,00", "psa" : "100,00", "psna" : "0,00", "e" : "6818732", "ea" : "6517843", "ena" : "0", "esi" : "6517843", "esni" : "0", "c" : "5381644", "a" : "1136199", "pea" : "100,00", "pena" : "0,00", "pesi" : "95,59", "pesni" : "0,00", "pa" : "17,43", "pc" : "82,57", "munnr" : "4", "munpt" : "61", "munf" : "119", "pmunnr" : "2,17", "pmunpt" : "33,15", "pmunf" : "64,67" }, 
{ "and" : "P", "tpabr" : "UF", "cdabr" : "GO", "dt" : "02/10/2022", "ht" : "21:29:13", "s" : "14620", "st" : "14588", "snt" : "32", "si" : "14588", "sni" : "0", "sa" : "14588", "sna" : "0", "pst" : "99,78", "psnt" : "0,22", "psi" : "99,78", "psni" : "0,00", "psa" : "100,00", "psna" : "0,00", "e" : "4870292", "ea" : "4860893", "ena" : "0", "esi" : "4860893", "esni" : "0", "c" : "3805296", "a" : "1055597", "pea" : "100,00", "pena" : "0,00", "pesi" : "99,81", "pesni" : "0,00", "pa" : "21,72", "pc" : "78,28", "munnr" : "1", "munpt" : "9", "munf" : "236", "pmunnr" : "0,41", "pmunpt" : "3,66", "pmunf" : "95,93" }, 
{ "and" : "P", "tpabr" : "UF", "cdabr" : "MS", "dt" : "02/10/2022", "ht" : "20:54:51", "s" : "6912", "st" : "6910", "snt" : "2", "si" : "6910", "sni" : "0", "sa" : "6910", "sna" : "0", "pst" : "99,97", "psnt" : "0,03", "psi" : "99,97", "psni" : "0,00", "psa" : "100,00", "psna" : "0,00", "e" : "1995932", "ea" : "1995509", "ena" : "0", "esi" : "1995509", "esni" : "0", "c" : "1554759", "a" : "440750", "pea" : "100,00", "pena" : "0,00", "pesi" : "99,98", "pesni" : "0,00", "pa" : "22,09", "pc" : "77,91", "munnr" : "0", "munpt" : "1", "munf" : "78", "pmunnr" : "00,00", "pmunpt" : "1,27", "pmunf" : "98,73" }, 
{ "and" : "P", "tpabr" : "UF", "cdabr" : "MT", "dt" : "02/10/2022", "ht" : "21:31:29", "s" : "7652", "st" : "7637", "snt" : "15", "si" : "7637", "sni" : "0", "sa" : "7637", "sna" : "0", "pst" : "99,80", "psnt" : "0,20", "psi" : "99,80", "psni" : "0,00", "psa" : "100,00", "psna" : "0,00", "e" : "2469604", "ea" : "2464460", "ena" : "0", "esi" : "2464460", "esni" : "0", "c" : "1888481", "a" : "575979", "pea" : "100,00", "pena" : "0,00", "pesi" : "99,79", "pesni" : "0,00", "pa" : "23,37", "pc" : "76,63", "munnr" : "0", "munpt" : "9", "munf" : "132", "pmunnr" : "00,00", "pmunpt" : "6,38", "pmunf" : "93,62" }, 
{ "and" : "P", "tpabr" : "UF", "cdabr" : "SE", "dt" : "02/10/2022", "ht" : "21:32:37", "s" : "5498", "st" : "5481", "snt" : "17", "si" : "5481", "sni" : "0", "sa" : "5481", "sna" : "0", "pst" : "99,69", "psnt" : "0,31", "psi" : "99,69", "psni" : "0,00", "psa" : "100,00", "psna" : "0,00", "e" : "1671376", "ea" : "1665410", "ena" : "0", "esi" : "1665410", "esni" : "0", "c" : "1359875", "a" : "305535", "pea" : "100,00", "pena" : "0,00", "pesi" : "99,64", "pesni" : "0,00", "pa" : "18,35", "pc" : "81,65", "munnr" : "0", "munpt" : "6", "munf" : "69", "pmunnr" : "00,00", "pmunpt" : "8,00", "pmunf" : "92,00" }, 
{ "and" : "F", "tpabr" : "UF", "cdabr" : "DF", "dt" : "02/10/2022", "ht" : "20:36:59", "s" : "6748", "st" : "6748", "snt" : "0", "si" : "6748", "sni" : "0", "sa" : "6748", "sna" : "0", "pst" : "100,00", "psnt" : "0,00", "psi" : "100,00", "psni" : "0,00", "psa" : "100,00", "psna" : "0,00", "e" : "2206996", "ea" : "2206996", "ena" : "0", "esi" : "2206996", "esni" : "0", "c" : "1819900", "a" : "387096", "pea" : "100,00", "pena" : "0,00", "pesi" : "100,00", "pesni" : "0,00", "pa" : "17,54", "pc" : "82,46", "munnr" : "0", "munpt" : "0", "munf" : "1", "pmunnr" : "00,00", "pmunpt" : "00,00", "pmunf" : "100,00" }, 
{ "and" : "F", "tpabr" : "UF", "cdabr" : "ES", "dt" : "02/10/2022", "ht" : "20:41:59", "s" : "9239", "st" : "9239", "snt" : "0", "si" : "9239", "sni" : "0", "sa" : "9239", "sna" : "0", "pst" : "100,00", "psnt" : "0,00", "psi" : "100,00", "psni" : "0,00", "psa" : "100,00", "psna" : "0,00", "e" : "2922379", "ea" : "2922379", "ena" : "0", "esi" : "2922379", "esni" : "0", "c" : "2315889", "a" : "606490", "pea" : "100,00", "pena" : "0,00", "pesi" : "100,00", "pesni" : "0,00", "pa" : "20,75", "pc" : "79,25", "munnr" : "0", "munpt" : "0", "munf" : "78", "pmunnr" : "00,00", "pmunpt" : "00,00", "pmunf" : "100,00" }, 
{ "and" : "P", "tpabr" : "UF", "cdabr" : "MA", "dt" : "02/10/2022", "ht" : "21:34:59", "s" : "16423", "st" : "13574", "snt" : "2849", "si" : "13574", "sni" : "0", "sa" : "13574", "sna" : "0", "pst" : "82,65", "psnt" : "17,35", "psi" : "82,65", "psni" : "0,00", "psa" : "100,00", "psna" : "0,00", "e" : "5039287", "ea" : "4170838", "ena" : "0", "esi" : "4170838", "esni" : "0", "c" : "3257774", "a" : "913064", "pea" : "100,00", "pena" : "0,00", "pesi" : "82,77", "pesni" : "0,00", "pa" : "21,89", "pc" : "78,11", "munnr" : "18", "munpt" : "125", "munf" : "74", "pmunnr" : "8,29", "pmunpt" : "57,60", "pmunf" : "34,10" }, 
{ "and" : "P", "tpabr" : "UF", "cdabr" : "PA", "dt" : "02/10/2022", "ht" : "21:34:53", "s" : "18235", "st" : "17636", "snt" : "599", "si" : "17636", "sni" : "0", "sa" : "17636", "sna" : "0", "pst" : "96,72", "psnt" : "3,28", "psi" : "96,72", "psni" : "0,00", "psa" : "100,00", "psna" : "0,00", "e" : "6079280", "ea" : "5876610", "ena" : "0", "esi" : "5876610", "esni" : "0", "c" : "4627063", "a" : "1249547", "pea" : "100,00", "pena" : "0,00", "pesi" : "96,67", "pesni" : "0,00", "pa" : "21,26", "pc" : "78,74", "munnr" : "0", "munpt" : "70", "munf" : "74", "pmunnr" : "00,00", "pmunpt" : "48,61", "pmunf" : "51,39" }, 
{ "and" : "P", "tpabr" : "UF", "cdabr" : "PI", "dt" : "02/10/2022", "ht" : "21:34:51", "s" : "8963", "st" : "8540", "snt" : "423", "si" : "8540", "sni" : "0", "sa" : "8540", "sna" : "0", "pst" : "95,28", "psnt" : "4,72", "psi" : "95,28", "psni" : "0,00", "psa" : "100,00", "psna" : "0,00", "e" : "2570433", "ea" : "2442685", "ena" : "0", "esi" : "2442685", "esni" : "0", "c" : "2009263", "a" : "433422", "pea" : "100,00", "pena" : "0,00", "pesi" : "95,03", "pesni" : "0,00", "pa" : "17,74", "pc" : "82,26", "munnr" : "5", "munpt" : "78", "munf" : "141", "pmunnr" : "2,23", "pmunpt" : "34,82", "pmunf" : "62,95" }, 
{ "and" : "P", "tpabr" : "UF", "cdabr" : "RS", "dt" : "02/10/2022", "ht" : "21:33:44", "s" : "27201", "st" : "27040", "snt" : "161", "si" : "27040", "sni" : "0", "sa" : "27040", "sna" : "0", "pst" : "99,41", "psnt" : "0,59", "psi" : "99,41", "psni" : "0,00", "psa" : "100,00", "psna" : "0,00", "e" : "8589432", "ea" : "8531186", "ena" : "0", "esi" : "8531186", "esni" : "0", "c" : "6843814", "a" : "1687372", "pea" : "100,00", "pena" : "0,00", "pesi" : "99,32", "pesni" : "0,00", "pa" : "19,78", "pc" : "80,22", "munnr" : "1", "munpt" : "10", "munf" : "486", "pmunnr" : "0,20", "pmunpt" : "2,01", "pmunf" : "97,79" }, 
{ "and" : "P", "tpabr" : "UF", "cdabr" : "AC", "dt" : "02/10/2022", "ht" : "21:34:49", "s" : "2124", "st" : "2095", "snt" : "29", "si" : "2095", "sni" : "0", "sa" : "2095", "sna" : "0", "pst" : "98,63", "psnt" : "1,37", "psi" : "98,63", "psni" : "0,00", "psa" : "100,00", "psna" : "0,00", "e" : "587738", "ea" : "579706", "ena" : "0", "esi" : "579706", "esni" : "0", "c" : "450027", "a" : "129679", "pea" : "100,00", "pena" : "0,00", "pesi" : "98,63", "pesni" : "0,00", "pa" : "22,37", "pc" : "77,63", "munnr" : "0", "munpt" : "2", "munf" : "20", "pmunnr" : "00,00", "pmunpt" : "9,09", "pmunf" : "90,91" }, 
{ "and" : "P", "tpabr" : "UF", "cdabr" : "PR", "dt" : "02/10/2022", "ht" : "21:34:50", "s" : "25721", "st" : "25690", "snt" : "31", "si" : "25690", "sni" : "0", "sa" : "25690", "sna" : "0", "pst" : "99,88", "psnt" : "0,12", "psi" : "99,88", "psni" : "0,00", "psa" : "100,00", "psna" : "0,00", "e" : "8480435", "ea" : "8469777", "ena" : "0", "esi" : "8469777", "esni" : "0", "c" : "6820459", "a" : "1649318", "pea" : "100,00", "pena" : "0,00", "pesi" : "99,87", "pesni" : "0,00", "pa" : "19,47", "pc" : "80,53", "munnr" : "0", "munpt" : "10", "munf" : "389", "pmunnr" : "00,00", "pmunpt" : "2,51", "pmunf" : "97,49" }, 
{ "and" : "P", "tpabr" : "UF", "cdabr" : "SC", "dt" : "02/10/2022", "ht" : "21:33:44", "s" : "16242", "st" : "16232", "snt" : "10", "si" : "16232", "sni" : "0", "sa" : "16232", "sna" : "0", "pst" : "99,94", "psnt" : "0,06", "psi" : "99,94", "psni" : "0,00", "psa" : "100,00", "psna" : "0,00", "e" : "5501478", "ea" : "5497967", "ena" : "0", "esi" : "5497967", "esni" : "0", "c" : "4484697", "a" : "1013270", "pea" : "100,00", "pena" : "0,00", "pesi" : "99,94", "pesni" : "0,00", "pa" : "18,43", "pc" : "81,57", "munnr" : "0", "munpt" : "6", "munf" : "289", "pmunnr" : "00,00", "pmunpt" : "2,03", "pmunf" : "97,97" }, 
{ "and" : "P", "tpabr" : "UF", "cdabr" : "TO", "dt" : "02/10/2022", "ht" : "21:34:51", "s" : "3957", "st" : "3955", "snt" : "2", "si" : "3955", "sni" : "0", "sa" : "3955", "sna" : "0", "pst" : "99,95", "psnt" : "0,05", "psi" : "99,95", "psni" : "0,00", "psa" : "100,00", "psna" : "0,00", "e" : "1094346", "ea" : "1093754", "ena" : "0", "esi" : "1093754", "esni" : "0", "c" : "890974", "a" : "202780", "pea" : "100,00", "pena" : "0,00", "pesi" : "99,95", "pesni" : "0,00", "pa" : "18,54", "pc" : "81,46", "munnr" : "0", "munpt" : "2", "munf" : "137", "pmunnr" : "00,00", "pmunpt" : "1,44", "pmunf" : "98,56" }, 
{ "and" : "P", "tpabr" : "UF", "cdabr" : "AL", "dt" : "02/10/2022", "ht" : "21:34:54", "s" : "6626", "st" : "6014", "snt" : "612", "si" : "6014", "sni" : "0", "sa" : "6014", "sna" : "0", "pst" : "90,76", "psnt" : "9,24", "psi" : "90,76", "psni" : "0,00", "psa" : "100,00", "psna" : "0,00", "e" : "2326491", "ea" : "2098788", "ena" : "0", "esi" : "2098788", "esni" : "0", "c" : "1631541", "a" : "467247", "pea" : "100,00", "pena" : "0,00", "pesi" : "90,21", "pesni" : "0,00", "pa" : "22,26", "pc" : "77,74", "munnr" : "6", "munpt" : "28", "munf" : "68", "pmunnr" : "5,88", "pmunpt" : "27,45", "pmunf" : "66,67" }, 
{ "and" : "P", "tpabr" : "UF", "cdabr" : "BA", "dt" : "02/10/2022", "ht" : "21:34:50", "s" : "34424", "st" : "32156", "snt" : "2268", "si" : "32156", "sni" : "0", "sa" : "32156", "sna" : "0", "pst" : "93,41", "psnt" : "6,59", "psi" : "93,41", "psni" : "0,00", "psa" : "100,00", "psna" : "0,00", "e" : "11283405", "ea" : "10533691", "ena" : "0", "esi" : "10533691", "esni" : "0", "c" : "8294094", "a" : "2239597", "pea" : "100,00", "pena" : "0,00", "pesi" : "93,36", "pesni" : "0,00", "pa" : "21,26", "pc" : "78,74", "munnr" : "13", "munpt" : "164", "munf" : "240", "pmunnr" : "3,12", "pmunpt" : "39,33", "pmunf" : "57,55" }, 
{ "and" : "P", "tpabr" : "UF", "cdabr" : "PB", "dt" : "02/10/2022", "ht" : "21:33:43", "s" : "9602", "st" : "9599", "snt" : "3", "si" : "9599", "sni" : "0", "sa" : "9599", "sna" : "0", "pst" : "99,97", "psnt" : "0,03", "psi" : "99,97", "psni" : "0,00", "psa" : "100,00", "psna" : "0,00", "e" : "3092053", "ea" : "3090853", "ena" : "0", "esi" : "3090853", "esni" : "0", "c" : "2556447", "a" : "534406", "pea" : "100,00", "pena" : "0,00", "pesi" : "99,96", "pesni" : "0,00", "pa" : "17,29", "pc" : "82,71", "munnr" : "0", "munpt" : "1", "munf" : "222", "pmunnr" : "00,00", "pmunpt" : "0,45", "pmunf" : "99,55" }, 
{ "and" : "P", "tpabr" : "UF", "cdabr" : "AP", "dt" : "02/10/2022", "ht" : "21:31:28", "s" : "1740", "st" : "1734", "snt" : "6", "si" : "1734", "sni" : "0", "sa" : "1734", "sna" : "0", "pst" : "99,66", "psnt" : "0,34", "psi" : "99,66", "psni" : "0,00", "psa" : "100,00", "psna" : "0,00", "e" : "550165", "ea" : "547727", "ena" : "0", "esi" : "547727", "esni" : "0", "c" : "440814", "a" : "106913", "pea" : "100,00", "pena" : "0,00", "pesi" : "99,56", "pesni" : "0,00", "pa" : "19,52", "pc" : "80,48", "munnr" : "0", "munpt" : "4", "munf" : "12", "pmunnr" : "00,00", "pmunpt" : "25,00", "pmunf" : "75,00" }, 
{ "and" : "P", "tpabr" : "UF", "cdabr" : "RJ", "dt" : "02/10/2022", "ht" : "21:34:51", "s" : "34068", "st" : "33516", "snt" : "552", "si" : "33516", "sni" : "0", "sa" : "33516", "sna" : "0", "pst" : "98,38", "psnt" : "1,62", "psi" : "98,38", "psni" : "0,00", "psa" : "100,00", "psna" : "0,00", "e" : "12826356", "ea" : "12612481", "ena" : "0", "esi" : "12612481", "esni" : "0", "c" : "9745449", "a" : "2867032", "pea" : "100,00", "pena" : "0,00", "pesi" : "98,33", "pesni" : "0,00", "pa" : "22,73", "pc" : "77,27", "munnr" : "1", "munpt" : "28", "munf" : "63", "pmunnr" : "1,09", "pmunpt" : "30,43", "pmunf" : "68,48" }, 
{ "and" : "F", "tpabr" : "UF", "cdabr" : "RR", "dt" : "02/10/2022", "ht" : "21:07:58", "s" : "1268", "st" : "1268", "snt" : "0", "si" : "1268", "sni" : "0", "sa" : "1268", "sna" : "0", "pst" : "100,00", "psnt" : "0,00", "psi" : "100,00", "psni" : "0,00", "psa" : "100,00", "psna" : "0,00", "e" : "366632", "ea" : "366632", "ena" : "0", "esi" : "366632", "esni" : "0", "c" : "305404", "a" : "61228", "pea" : "100,00", "pena" : "0,00", "pesi" : "100,00", "pesni" : "0,00", "pa" : "16,70", "pc" : "83,30", "munnr" : "0", "munpt" : "0", "munf" : "15", "pmunnr" : "00,00", "pmunpt" : "00,00", "pmunf" : "100,00" }, 
{ "and" : "P", "tpabr" : "UF", "cdabr" : "ZZ", "dt" : "02/10/2022", "ht" : "21:34:54", "s" : "1064", "st" : "947", "snt" : "117", "si" : "901", "sni" : "46", "sa" : "901", "sna" : "0", "pst" : "89,00", "psnt" : "11,00", "psi" : "84,68", "psni" : "15,32", "psa" : "100,00", "psna" : "0,00", "e" : "695355", "ea" : "616439", "ena" : "0", "esi" : "616439", "esni" : "573", "c" : "273255", "a" : "343184", "pea" : "100,00", "pena" : "0,00", "pesi" : "88,65", "pesni" : "99,92", "pa" : "55,67", "pc" : "44,33", "munnr" : "11", "munpt" : "26", "munf" : "144", "pmunnr" : "6,08", "pmunpt" : "14,36", "pmunf" : "79,56" }, 
{ "and" : "P", "tpabr" : "UF", "cdabr" : "SP", "dt" : "02/10/2022", "ht" : "21:34:52", "s" : "101073", "st" : "100481", "snt" : "592", "si" : "100481", "sni" : "0", "sa" : "100481", "sna" : "0", "pst" : "99,41", "psnt" : "0,59", "psi" : "99,41", "psni" : "0,00", "psa" : "100,00", "psna" : "0,00", "e" : "34684927", "ea" : "34475664", "ena" : "0", "esi" : "34475664", "esni" : "0", "c" : "27025653", "a" : "7450011", "pea" : "100,00", "pena" : "0,00", "pesi" : "99,40", "pesni" : "0,00", "pa" : "21,61", "pc" : "78,39", "munnr" : "5", "munpt" : "24", "munf" : "616", "pmunnr" : "0,78", "pmunpt" : "3,72", "pmunf" : "95,50" }, 
{ "and" : "P", "tpabr" : "BR", "cdabr" : "BR", "dt" : "02/10/2022", "ht" : "21:34:59", "s" : "472075", "st" : "460574", "snt" : "11501", "si" : "460527", "sni" : "47", "sa" : "460527", "sna" : "0", "pst" : "97,56", "psnt" : "2,44", "psi" : "97,55", "psni" : "2,45", "psa" : "100,00", "psna" : "0,00", "e" : "156454011", "ea" : "152655280", "ena" : "0", "esi" : "152655280", "esni" : "657", "c" : "120762739", "a" : "31892541", "pea" : "100,00", "pena" : "0,00", "pesi" : "97,57", "pesni" : "100,00", "pa" : "20,90", "pc" : "79,10", "ufsnr" : "0", "ufspt" : "25", "ufsf" : "3", "pufsnr" : "00,00", "pufspt" : "89,29", "pufsf" : "10,71" } ] }