
{ "ele" : "544", "t" : "1", "f" : "O", "dg" : "02/10/2022", "hg" : "18:42:23", "abr" : [ 
{ "and" : "P", "tpabr" : "UF", "cdabr" : "AM", "dt" : "02/10/2022", "ht" : "18:42:03", "s" : "7454", "st" : "2038", "snt" : "5416", "si" : "2038", "sni" : "0", "sa" : "2038", "sna" : "0", "pst" : "27,34", "psnt" : "72,66", "psi" : "27,34", "psni" : "0,00", "psa" : "100,00", "psna" : "0,00", "e" : "2646924", "ea" : "701980", "ena" : "0", "esi" : "701980", "esni" : "0", "c" : "577082", "a" : "124898", "pea" : "100,00", "pena" : "0,00", "pesi" : "26,52", "pesni" : "0,00", "pa" : "17,79", "pc" : "82,21", "munnr" : "9", "munpt" : "53", "munf" : "0", "pmunnr" : "14,52", "pmunpt" : "85,48", "pmunf" : "00,00" }, 
{ "and" : "P", "tpabr" : "UF", "cdabr" : "PE", "dt" : "02/10/2022", "ht" : "18:41:30", "s" : "20572", "st" : "942", "snt" : "19630", "si" : "942", "sni" : "0", "sa" : "942", "sna" : "0", "pst" : "4,58", "psnt" : "95,42", "psi" : "4,58", "psni" : "0,00", "psa" : "100,00", "psna" : "0,00", "e" : "7015421", "ea" : "282158", "ena" : "0", "esi" : "282158", "esni" : "0", "c" : "228603", "a" : "53555", "pea" : "100,00", "pena" : "0,00", "pesi" : "4,02", "pesni" : "0,00", "pa" : "18,98", "pc" : "81,02", "munnr" : "123", "munpt" : "62", "munf" : "0", "pmunnr" : "66,49", "pmunpt" : "33,51", "pmunf" : "00,00" }, 
{ "and" : "P", "tpabr" : "UF", "cdabr" : "RN", "dt" : "02/10/2022", "ht" : "18:41:59", "s" : "7674", "st" : "1523", "snt" : "6151", "si" : "1523", "sni" : "0", "sa" : "1523", "sna" : "0", "pst" : "19,85", "psnt" : "80,15", "psi" : "19,85", "psni" : "0,00", "psa" : "100,00", "psna" : "0,00", "e" : "2554716", "ea" : "453104", "ena" : "0", "esi" : "453104", "esni" : "0", "c" : "373010", "a" : "80094", "pea" : "100,00", "pena" : "0,00", "pesi" : "17,74", "pesni" : "0,00", "pa" : "17,68", "pc" : "82,32", "munnr" : "59", "munpt" : "98", "munf" : "10", "pmunnr" : "35,33", "pmunpt" : "58,68", "pmunf" : "5,99" }, 
{ "and" : "P", "tpabr" : "UF", "cdabr" : "MG", "dt" : "02/10/2022", "ht" : "18:41:34", "s" : "49981", "st" : "4519", "snt" : "45462", "si" : "4519", "sni" : "0", "sa" : "4519", "sna" : "0", "pst" : "9,04", "psnt" : "90,96", "psi" : "9,04", "psni" : "0,00", "psa" : "100,00", "psna" : "0,00", "e" : "16283828", "ea" : "1369638", "ena" : "0", "esi" : "1369638", "esni" : "0", "c" : "1050334", "a" : "319304", "pea" : "100,00", "pena" : "0,00", "pesi" : "8,41", "pesni" : "0,00", "pa" : "23,31", "pc" : "76,69", "munnr" : "626", "munpt" : "221", "munf" : "6", "pmunnr" : "73,39", "pmunpt" : "25,91", "pmunf" : "0,70" }, 
{ "and" : "P", "tpabr" : "UF", "cdabr" : "RO", "dt" : "02/10/2022", "ht" : "18:42:10", "s" : "4198", "st" : "1552", "snt" : "2646", "si" : "1552", "sni" : "0", "sa" : "1552", "sna" : "0", "pst" : "36,97", "psnt" : "63,03", "psi" : "36,97", "psni" : "0,00", "psa" : "100,00", "psna" : "0,00", "e" : "1229998", "ea" : "452445", "ena" : "0", "esi" : "452445", "esni" : "0", "c" : "351719", "a" : "100726", "pea" : "100,00", "pena" : "0,00", "pesi" : "36,78", "pesni" : "0,00", "pa" : "22,26", "pc" : "77,74", "munnr" : "26", "munpt" : "24", "munf" : "2", "pmunnr" : "50,00", "pmunpt" : "46,15", "pmunf" : "3,85" }, 
{ "and" : "P", "tpabr" : "UF", "cdabr" : "CE", "dt" : "02/10/2022", "ht" : "18:41:48", "s" : "22796", "st" : "2028", "snt" : "20768", "si" : "2028", "sni" : "0", "sa" : "2028", "sna" : "0", "pst" : "8,90", "psnt" : "91,10", "psi" : "8,90", "psni" : "0,00", "psa" : "100,00", "psna" : "0,00", "e" : "6818732", "ea" : "582644", "ena" : "0", "esi" : "582644", "esni" : "0", "c" : "467310", "a" : "115334", "pea" : "100,00", "pena" : "0,00", "pesi" : "8,54", "pesni" : "0,00", "pa" : "19,79", "pc" : "80,21", "munnr" : "96", "munpt" : "88", "munf" : "0", "pmunnr" : "52,17", "pmunpt" : "47,83", "pmunf" : "00,00" }, 
{ "and" : "P", "tpabr" : "UF", "cdabr" : "GO", "dt" : "02/10/2022", "ht" : "18:41:56", "s" : "14620", "st" : "3897", "snt" : "10723", "si" : "3897", "sni" : "0", "sa" : "3897", "sna" : "0", "pst" : "26,66", "psnt" : "73,34", "psi" : "26,66", "psni" : "0,00", "psa" : "100,00", "psna" : "0,00", "e" : "4870292", "ea" : "1284603", "ena" : "0", "esi" : "1284603", "esni" : "0", "c" : "1012619", "a" : "271984", "pea" : "100,00", "pena" : "0,00", "pesi" : "26,38", "pesni" : "0,00", "pa" : "21,17", "pc" : "78,83", "munnr" : "168", "munpt" : "76", "munf" : "2", "pmunnr" : "68,29", "pmunpt" : "30,89", "pmunf" : "0,81" }, 
{ "and" : "P", "tpabr" : "UF", "cdabr" : "MS", "dt" : "02/10/2022", "ht" : "18:41:12", "s" : "6912", "st" : "4029", "snt" : "2883", "si" : "4029", "sni" : "0", "sa" : "4029", "sna" : "0", "pst" : "58,29", "psnt" : "41,71", "psi" : "58,29", "psni" : "0,00", "psa" : "100,00", "psna" : "0,00", "e" : "1995932", "ea" : "1139931", "ena" : "0", "esi" : "1139931", "esni" : "0", "c" : "894997", "a" : "244934", "pea" : "100,00", "pena" : "0,00", "pesi" : "57,11", "pesni" : "0,00", "pa" : "21,49", "pc" : "78,51", "munnr" : "8", "munpt" : "64", "munf" : "7", "pmunnr" : "10,13", "pmunpt" : "81,01", "pmunf" : "8,86" }, 
{ "and" : "P", "tpabr" : "UF", "cdabr" : "MT", "dt" : "02/10/2022", "ht" : "18:42:12", "s" : "7652", "st" : "2333", "snt" : "5319", "si" : "2333", "sni" : "0", "sa" : "2333", "sna" : "0", "pst" : "30,49", "psnt" : "69,51", "psi" : "30,49", "psni" : "0,00", "psa" : "100,00", "psna" : "0,00", "e" : "2469604", "ea" : "719196", "ena" : "0", "esi" : "719196", "esni" : "0", "c" : "564870", "a" : "154326", "pea" : "100,00", "pena" : "0,00", "pesi" : "29,12", "pesni" : "0,00", "pa" : "21,46", "pc" : "78,54", "munnr" : "47", "munpt" : "87", "munf" : "7", "pmunnr" : "33,33", "pmunpt" : "61,70", "pmunf" : "4,96" }, 
{ "and" : "P", "tpabr" : "UF", "cdabr" : "SE", "dt" : "02/10/2022", "ht" : "18:41:56", "s" : "5498", "st" : "887", "snt" : "4611", "si" : "887", "sni" : "0", "sa" : "887", "sna" : "0", "pst" : "16,13", "psnt" : "83,87", "psi" : "16,13", "psni" : "0,00", "psa" : "100,00", "psna" : "0,00", "e" : "1671376", "ea" : "251987", "ena" : "0", "esi" : "251987", "esni" : "0", "c" : "209203", "a" : "42784", "pea" : "100,00", "pena" : "0,00", "pesi" : "15,08", "pesni" : "0,00", "pa" : "16,98", "pc" : "83,02", "munnr" : "48", "munpt" : "27", "munf" : "0", "pmunnr" : "64,00", "pmunpt" : "36,00", "pmunf" : "00,00" }, 
{ "and" : "P", "tpabr" : "UF", "cdabr" : "DF", "dt" : "02/10/2022", "ht" : "18:41:56", "s" : "6748", "st" : "5372", "snt" : "1376", "si" : "5372", "sni" : "0", "sa" : "5372", "sna" : "0", "pst" : "79,61", "psnt" : "20,39", "psi" : "79,61", "psni" : "0,00", "psa" : "100,00", "psna" : "0,00", "e" : "2206996", "ea" : "1738603", "ena" : "0", "esi" : "1738603", "esni" : "0", "c" : "1437871", "a" : "300732", "pea" : "100,00", "pena" : "0,00", "pesi" : "78,78", "pesni" : "0,00", "pa" : "17,30", "pc" : "82,70", "munnr" : "0", "munpt" : "1", "munf" : "0", "pmunnr" : "00,00", "pmunpt" : "100,00", "pmunf" : "00,00" }, 
{ "and" : "P", "tpabr" : "UF", "cdabr" : "ES", "dt" : "02/10/2022", "ht" : "18:42:13", "s" : "9239", "st" : "5331", "snt" : "3908", "si" : "5331", "sni" : "0", "sa" : "5331", "sna" : "0", "pst" : "57,70", "psnt" : "42,30", "psi" : "57,70", "psni" : "0,00", "psa" : "100,00", "psna" : "0,00", "e" : "2922379", "ea" : "1659856", "ena" : "0", "esi" : "1659856", "esni" : "0", "c" : "1319944", "a" : "339912", "pea" : "100,00", "pena" : "0,00", "pesi" : "56,80", "pesni" : "0,00", "pa" : "20,48", "pc" : "79,52", "munnr" : "1", "munpt" : "67", "munf" : "10", "pmunnr" : "1,28", "pmunpt" : "85,90", "pmunf" : "12,82" }, 
{ "and" : "P", "tpabr" : "UF", "cdabr" : "MA", "dt" : "02/10/2022", "ht" : "18:41:34", "s" : "16423", "st" : "461", "snt" : "15962", "si" : "461", "sni" : "0", "sa" : "461", "sna" : "0", "pst" : "2,81", "psnt" : "97,19", "psi" : "2,81", "psni" : "0,00", "psa" : "100,00", "psna" : "0,00", "e" : "5039287", "ea" : "125229", "ena" : "0", "esi" : "125229", "esni" : "0", "c" : "95987", "a" : "29242", "pea" : "100,00", "pena" : "0,00", "pesi" : "2,49", "pesni" : "0,00", "pa" : "23,35", "pc" : "76,65", "munnr" : "162", "munpt" : "55", "munf" : "0", "pmunnr" : "74,65", "pmunpt" : "25,35", "pmunf" : "00,00" }, 
{ "and" : "P", "tpabr" : "UF", "cdabr" : "PA", "dt" : "02/10/2022", "ht" : "18:41:15", "s" : "18235", "st" : "3952", "snt" : "14283", "si" : "3952", "sni" : "0", "sa" : "3952", "sna" : "0", "pst" : "21,67", "psnt" : "78,33", "psi" : "21,67", "psni" : "0,00", "psa" : "100,00", "psna" : "0,00", "e" : "6079280", "ea" : "1249927", "ena" : "0", "esi" : "1249927", "esni" : "0", "c" : "1001162", "a" : "248765", "pea" : "100,00", "pena" : "0,00", "pesi" : "20,56", "pesni" : "0,00", "pa" : "19,90", "pc" : "80,10", "munnr" : "13", "munpt" : "131", "munf" : "0", "pmunnr" : "9,03", "pmunpt" : "90,97", "pmunf" : "00,00" }, 
{ "and" : "P", "tpabr" : "UF", "cdabr" : "PI", "dt" : "02/10/2022", "ht" : "18:42:04", "s" : "8963", "st" : "1891", "snt" : "7072", "si" : "1891", "sni" : "0", "sa" : "1891", "sna" : "0", "pst" : "21,10", "psnt" : "78,90", "psi" : "21,10", "psni" : "0,00", "psa" : "100,00", "psna" : "0,00", "e" : "2570433", "ea" : "526104", "ena" : "0", "esi" : "526104", "esni" : "0", "c" : "433364", "a" : "92740", "pea" : "100,00", "pena" : "0,00", "pesi" : "20,47", "pesni" : "0,00", "pa" : "17,63", "pc" : "82,37", "munnr" : "95", "munpt" : "129", "munf" : "0", "pmunnr" : "42,41", "pmunpt" : "57,59", "pmunf" : "00,00" }, 
{ "and" : "P", "tpabr" : "UF", "cdabr" : "RS", "dt" : "02/10/2022", "ht" : "18:42:08", "s" : "27201", "st" : "7714", "snt" : "19487", "si" : "7714", "sni" : "0", "sa" : "7714", "sna" : "0", "pst" : "28,36", "psnt" : "71,64", "psi" : "28,36", "psni" : "0,00", "psa" : "100,00", "psna" : "0,00", "e" : "8589432", "ea" : "2403868", "ena" : "0", "esi" : "2403868", "esni" : "0", "c" : "1936034", "a" : "467834", "pea" : "100,00", "pena" : "0,00", "pesi" : "27,99", "pesni" : "0,00", "pa" : "19,46", "pc" : "80,54", "munnr" : "281", "munpt" : "204", "munf" : "12", "pmunnr" : "56,54", "pmunpt" : "41,05", "pmunf" : "2,41" }, 
{ "and" : "P", "tpabr" : "UF", "cdabr" : "AC", "dt" : "02/10/2022", "ht" : "18:42:09", "s" : "2124", "st" : "864", "snt" : "1260", "si" : "864", "sni" : "0", "sa" : "864", "sna" : "0", "pst" : "40,68", "psnt" : "59,32", "psi" : "40,68", "psni" : "0,00", "psa" : "100,00", "psna" : "0,00", "e" : "587738", "ea" : "240248", "ena" : "0", "esi" : "240248", "esni" : "0", "c" : "185284", "a" : "54964", "pea" : "100,00", "pena" : "0,00", "pesi" : "40,88", "pesni" : "0,00", "pa" : "22,88", "pc" : "77,12", "munnr" : "1", "munpt" : "21", "munf" : "0", "pmunnr" : "4,55", "pmunpt" : "95,45", "pmunf" : "00,00" }, 
{ "and" : "P", "tpabr" : "UF", "cdabr" : "PR", "dt" : "02/10/2022", "ht" : "18:41:50", "s" : "25721", "st" : "3931", "snt" : "21790", "si" : "3931", "sni" : "0", "sa" : "3931", "sna" : "0", "pst" : "15,28", "psnt" : "84,72", "psi" : "15,28", "psni" : "0,00", "psa" : "100,00", "psna" : "0,00", "e" : "8480435", "ea" : "1230858", "ena" : "0", "esi" : "1230858", "esni" : "0", "c" : "988660", "a" : "242198", "pea" : "100,00", "pena" : "0,00", "pesi" : "14,51", "pesni" : "0,00", "pa" : "19,68", "pc" : "80,32", "munnr" : "257", "munpt" : "137", "munf" : "5", "pmunnr" : "64,41", "pmunpt" : "34,34", "pmunf" : "1,25" }, 
{ "and" : "P", "tpabr" : "UF", "cdabr" : "SC", "dt" : "02/10/2022", "ht" : "18:41:21", "s" : "16242", "st" : "747", "snt" : "15495", "si" : "747", "sni" : "0", "sa" : "747", "sna" : "0", "pst" : "4,60", "psnt" : "95,40", "psi" : "4,60", "psni" : "0,00", "psa" : "100,00", "psna" : "0,00", "e" : "5501478", "ea" : "226344", "ena" : "0", "esi" : "226344", "esni" : "0", "c" : "185743", "a" : "40601", "pea" : "100,00", "pena" : "0,00", "pesi" : "4,11", "pesni" : "0,00", "pa" : "17,94", "pc" : "82,06", "munnr" : "232", "munpt" : "60", "munf" : "3", "pmunnr" : "78,64", "pmunpt" : "20,34", "pmunf" : "1,02" }, 
{ "and" : "P", "tpabr" : "UF", "cdabr" : "TO", "dt" : "02/10/2022", "ht" : "18:42:18", "s" : "3957", "st" : "2084", "snt" : "1873", "si" : "2084", "sni" : "0", "sa" : "2084", "sna" : "0", "pst" : "52,67", "psnt" : "47,33", "psi" : "52,67", "psni" : "0,00", "psa" : "100,00", "psna" : "0,00", "e" : "1094346", "ea" : "561727", "ena" : "0", "esi" : "561727", "esni" : "0", "c" : "458152", "a" : "103575", "pea" : "100,00", "pena" : "0,00", "pesi" : "51,33", "pesni" : "0,00", "pa" : "18,44", "pc" : "81,56", "munnr" : "33", "munpt" : "96", "munf" : "10", "pmunnr" : "23,74", "pmunpt" : "69,06", "pmunf" : "7,19" }, 
{ "and" : "P", "tpabr" : "UF", "cdabr" : "AL", "dt" : "02/10/2022", "ht" : "18:40:22", "s" : "6626", "st" : "55", "snt" : "6571", "si" : "55", "sni" : "0", "sa" : "55", "sna" : "0", "pst" : "0,83", "psnt" : "99,17", "psi" : "0,83", "psni" : "0,00", "psa" : "100,00", "psna" : "0,00", "e" : "2326491", "ea" : "18262", "ena" : "0", "esi" : "18262", "esni" : "0", "c" : "14090", "a" : "4172", "pea" : "100,00", "pena" : "0,00", "pesi" : "0,78", "pesni" : "0,00", "pa" : "22,85", "pc" : "77,15", "munnr" : "97", "munpt" : "5", "munf" : "0", "pmunnr" : "95,10", "pmunpt" : "4,90", "pmunf" : "00,00" }, 
{ "and" : "P", "tpabr" : "UF", "cdabr" : "BA", "dt" : "02/10/2022", "ht" : "18:41:29", "s" : "34424", "st" : "2144", "snt" : "32280", "si" : "2144", "sni" : "0", "sa" : "2144", "sna" : "0", "pst" : "6,23", "psnt" : "93,77", "psi" : "6,23", "psni" : "0,00", "psa" : "100,00", "psna" : "0,00", "e" : "11283405", "ea" : "638932", "ena" : "0", "esi" : "638932", "esni" : "0", "c" : "498748", "a" : "140184", "pea" : "100,00", "pena" : "0,00", "pesi" : "5,66", "pesni" : "0,00", "pa" : "21,94", "pc" : "78,06", "munnr" : "245", "munpt" : "172", "munf" : "0", "pmunnr" : "58,75", "pmunpt" : "41,25", "pmunf" : "00,00" }, 
{ "and" : "P", "tpabr" : "UF", "cdabr" : "PB", "dt" : "02/10/2022", "ht" : "18:42:04", "s" : "9602", "st" : "1557", "snt" : "8045", "si" : "1557", "sni" : "0", "sa" : "1557", "sna" : "0", "pst" : "16,22", "psnt" : "83,78", "psi" : "16,22", "psni" : "0,00", "psa" : "100,00", "psna" : "0,00", "e" : "3092053", "ea" : "489460", "ena" : "0", "esi" : "489460", "esni" : "0", "c" : "408099", "a" : "81361", "pea" : "100,00", "pena" : "0,00", "pesi" : "15,83", "pesni" : "0,00", "pa" : "16,62", "pc" : "83,38", "munnr" : "129", "munpt" : "92", "munf" : "2", "pmunnr" : "57,85", "pmunpt" : "41,26", "pmunf" : "0,90" }, 
{ "and" : "P", "tpabr" : "UF", "cdabr" : "AP", "dt" : "02/10/2022", "ht" : "18:41:56", "s" : "1740", "st" : "398", "snt" : "1342", "si" : "398", "sni" : "0", "sa" : "398", "sna" : "0", "pst" : "22,87", "psnt" : "77,13", "psi" : "22,87", "psni" : "0,00", "psa" : "100,00", "psna" : "0,00", "e" : "550165", "ea" : "111718", "ena" : "0", "esi" : "111718", "esni" : "0", "c" : "89196", "a" : "22522", "pea" : "100,00", "pena" : "0,00", "pesi" : "20,31", "pesni" : "0,00", "pa" : "20,16", "pc" : "79,84", "munnr" : "1", "munpt" : "15", "munf" : "0", "pmunnr" : "6,25", "pmunpt" : "93,75", "pmunf" : "00,00" }, 
{ "and" : "P", "tpabr" : "UF", "cdabr" : "RJ", "dt" : "02/10/2022", "ht" : "18:41:30", "s" : "34068", "st" : "1147", "snt" : "32921", "si" : "1147", "sni" : "0", "sa" : "1147", "sna" : "0", "pst" : "3,37", "psnt" : "96,63", "psi" : "3,37", "psni" : "0,00", "psa" : "100,00", "psna" : "0,00", "e" : "12826356", "ea" : "378179", "ena" : "0", "esi" : "378179", "esni" : "0", "c" : "289901", "a" : "88278", "pea" : "100,00", "pena" : "0,00", "pesi" : "2,95", "pesni" : "0,00", "pa" : "23,34", "pc" : "76,66", "munnr" : "42", "munpt" : "50", "munf" : "0", "pmunnr" : "45,65", "pmunpt" : "54,35", "pmunf" : "00,00" }, 
{ "and" : "P", "tpabr" : "UF", "cdabr" : "RR", "dt" : "02/10/2022", "ht" : "18:41:52", "s" : "1268", "st" : "238", "snt" : "1030", "si" : "238", "sni" : "0", "sa" : "238", "sna" : "0", "pst" : "18,77", "psnt" : "81,23", "psi" : "18,77", "psni" : "0,00", "psa" : "100,00", "psna" : "0,00", "e" : "366632", "ea" : "61885", "ena" : "0", "esi" : "61885", "esni" : "0", "c" : "51527", "a" : "10358", "pea" : "100,00", "pena" : "0,00", "pesi" : "16,88", "pesni" : "0,00", "pa" : "16,74", "pc" : "83,26", "munnr" : "1", "munpt" : "14", "munf" : "0", "pmunnr" : "6,67", "pmunpt" : "93,33", "pmunf" : "00,00" }, 
{ "and" : "P", "tpabr" : "UF", "cdabr" : "ZZ", "dt" : "02/10/2022", "ht" : "18:40:25", "s" : "1064", "st" : "465", "snt" : "599", "si" : "465", "sni" : "0", "sa" : "465", "sna" : "0", "pst" : "43,70", "psnt" : "56,30", "psi" : "43,70", "psni" : "0,00", "psa" : "100,00", "psna" : "0,00", "e" : "695355", "ea" : "324395", "ena" : "0", "esi" : "324395", "esni" : "0", "c" : "146575", "a" : "177820", "pea" : "100,00", "pena" : "0,00", "pesi" : "46,65", "pesni" : "0,00", "pa" : "54,82", "pc" : "45,18", "munnr" : "115", "munpt" : "13", "munf" : "53", "pmunnr" : "63,54", "pmunpt" : "7,18", "pmunf" : "29,28" }, 
{ "and" : "P", "tpabr" : "UF", "cdabr" : "SP", "dt" : "02/10/2022", "ht" : "18:41:37", "s" : "101073", "st" : "8108", "snt" : "92965", "si" : "8108", "sni" : "0", "sa" : "8108", "sna" : "0", "pst" : "8,02", "psnt" : "91,98", "psi" : "8,02", "psni" : "0,00", "psa" : "100,00", "psna" : "0,00", "e" : "34684927", "ea" : "2582387", "ena" : "0", "esi" : "2582387", "esni" : "0", "c" : "2008375", "a" : "574012", "pea" : "100,00", "pena" : "0,00", "pesi" : "7,45", "pesni" : "0,00", "pa" : "22,23", "pc" : "77,77", "munnr" : "428", "munpt" : "186", "munf" : "31", "pmunnr" : "66,36", "pmunpt" : "28,84", "pmunf" : "4,81" }, 
{ "and" : "P", "tpabr" : "BR", "cdabr" : "BR", "dt" : "02/10/2022", "ht" : "18:42:18", "s" : "472075", "st" : "70207", "snt" : "401868", "si" : "70207", "sni" : "0", "sa" : "70207", "sna" : "0", "pst" : "14,87", "psnt" : "85,13", "psi" : "14,87", "psni" : "0,00", "psa" : "100,00", "psna" : "0,00", "e" : "156454011", "ea" : "21805668", "ena" : "0", "esi" : "21805668", "esni" : "0", "c" : "17278459", "a" : "4527209", "pea" : "100,00", "pena" : "0,00", "pesi" : "13,93", "pesni" : "0,00", "pa" : "20,77", "pc" : "79,23", "ufsnr" : "0", "ufspt" : "28", "ufsf" : "0", "pufsnr" : "00,00", "pufspt" : "100,00", "pufsf" : "00,00" } ] }