
{ "ele" : "544", "t" : "1", "f" : "O", "dg" : "02/10/2022", "hg" : "19:43:00", "abr" : [ 
{ "and" : "P", "tpabr" : "UF", "cdabr" : "AM", "dt" : "02/10/2022", "ht" : "19:40:51", "s" : "7454", "st" : "4857", "snt" : "2597", "si" : "4857", "sni" : "0", "sa" : "4857", "sna" : "0", "pst" : "65,16", "psnt" : "34,84", "psi" : "65,16", "psni" : "0,00", "psa" : "100,00", "psna" : "0,00", "e" : "2646924", "ea" : "1700233", "ena" : "0", "esi" : "1700233", "esni" : "0", "c" : "1388247", "a" : "311986", "pea" : "100,00", "pena" : "0,00", "pesi" : "64,23", "pesni" : "0,00", "pa" : "18,35", "pc" : "81,65", "munnr" : "2", "munpt" : "58", "munf" : "2", "pmunnr" : "3,23", "pmunpt" : "93,55", "pmunf" : "3,23" }, 
{ "and" : "P", "tpabr" : "UF", "cdabr" : "PE", "dt" : "02/10/2022", "ht" : "19:40:48", "s" : "20572", "st" : "7141", "snt" : "13431", "si" : "7141", "sni" : "0", "sa" : "7141", "sna" : "0", "pst" : "34,71", "psnt" : "65,29", "psi" : "34,71", "psni" : "0,00", "psa" : "100,00", "psna" : "0,00", "e" : "7015421", "ea" : "2286226", "ena" : "0", "esi" : "2286226", "esni" : "0", "c" : "1879245", "a" : "406981", "pea" : "100,00", "pena" : "0,00", "pesi" : "32,59", "pesni" : "0,00", "pa" : "17,80", "pc" : "82,20", "munnr" : "62", "munpt" : "123", "munf" : "0", "pmunnr" : "33,51", "pmunpt" : "66,49", "pmunf" : "00,00" }, 
{ "and" : "P", "tpabr" : "UF", "cdabr" : "RN", "dt" : "02/10/2022", "ht" : "19:41:00", "s" : "7674", "st" : "4268", "snt" : "3406", "si" : "4268", "sni" : "0", "sa" : "4268", "sna" : "0", "pst" : "55,62", "psnt" : "44,38", "psi" : "55,62", "psni" : "0,00", "psa" : "100,00", "psna" : "0,00", "e" : "2554716", "ea" : "1344782", "ena" : "0", "esi" : "1344782", "esni" : "0", "c" : "1104323", "a" : "240459", "pea" : "100,00", "pena" : "0,00", "pesi" : "52,64", "pesni" : "0,00", "pa" : "17,88", "pc" : "82,12", "munnr" : "14", "munpt" : "116", "munf" : "37", "pmunnr" : "8,38", "pmunpt" : "69,46", "pmunf" : "22,16" }, 
{ "and" : "P", "tpabr" : "UF", "cdabr" : "MG", "dt" : "02/10/2022", "ht" : "19:40:43", "s" : "49981", "st" : "22913", "snt" : "27068", "si" : "22913", "sni" : "0", "sa" : "22913", "sna" : "0", "pst" : "45,84", "psnt" : "54,16", "psi" : "45,84", "psni" : "0,00", "psa" : "100,00", "psna" : "0,00", "e" : "16283828", "ea" : "7160614", "ena" : "0", "esi" : "7160614", "esni" : "0", "c" : "5566949", "a" : "1593665", "pea" : "100,00", "pena" : "0,00", "pesi" : "43,97", "pesni" : "0,00", "pa" : "22,26", "pc" : "77,74", "munnr" : "376", "munpt" : "348", "munf" : "129", "pmunnr" : "44,08", "pmunpt" : "40,80", "pmunf" : "15,12" }, 
{ "and" : "P", "tpabr" : "UF", "cdabr" : "RO", "dt" : "02/10/2022", "ht" : "19:41:09", "s" : "4198", "st" : "3074", "snt" : "1124", "si" : "3074", "sni" : "0", "sa" : "3074", "sna" : "0", "pst" : "73,23", "psnt" : "26,77", "psi" : "73,23", "psni" : "0,00", "psa" : "100,00", "psna" : "0,00", "e" : "1229998", "ea" : "883431", "ena" : "0", "esi" : "883431", "esni" : "0", "c" : "672247", "a" : "211184", "pea" : "100,00", "pena" : "0,00", "pesi" : "71,82", "pesni" : "0,00", "pa" : "23,90", "pc" : "76,10", "munnr" : "6", "munpt" : "35", "munf" : "11", "pmunnr" : "11,54", "pmunpt" : "67,31", "pmunf" : "21,15" }, 
{ "and" : "P", "tpabr" : "UF", "cdabr" : "CE", "dt" : "02/10/2022", "ht" : "19:42:42", "s" : "22796", "st" : "9403", "snt" : "13393", "si" : "9403", "sni" : "0", "sa" : "9403", "sna" : "0", "pst" : "41,25", "psnt" : "58,75", "psi" : "41,25", "psni" : "0,00", "psa" : "100,00", "psna" : "0,00", "e" : "6818732", "ea" : "2787666", "ena" : "0", "esi" : "2787666", "esni" : "0", "c" : "2288951", "a" : "498715", "pea" : "100,00", "pena" : "0,00", "pesi" : "40,88", "pesni" : "0,00", "pa" : "17,89", "pc" : "82,11", "munnr" : "37", "munpt" : "145", "munf" : "2", "pmunnr" : "20,11", "pmunpt" : "78,80", "pmunf" : "1,09" }, 
{ "and" : "P", "tpabr" : "UF", "cdabr" : "GO", "dt" : "02/10/2022", "ht" : "19:41:07", "s" : "14620", "st" : "10644", "snt" : "3976", "si" : "10644", "sni" : "0", "sa" : "10644", "sna" : "0", "pst" : "72,80", "psnt" : "27,20", "psi" : "72,80", "psni" : "0,00", "psa" : "100,00", "psna" : "0,00", "e" : "4870292", "ea" : "3511514", "ena" : "0", "esi" : "3511514", "esni" : "0", "c" : "2755105", "a" : "756409", "pea" : "100,00", "pena" : "0,00", "pesi" : "72,10", "pesni" : "0,00", "pa" : "21,54", "pc" : "78,46", "munnr" : "85", "munpt" : "118", "munf" : "43", "pmunnr" : "34,55", "pmunpt" : "47,97", "pmunf" : "17,48" }, 
{ "and" : "P", "tpabr" : "UF", "cdabr" : "MS", "dt" : "02/10/2022", "ht" : "19:41:31", "s" : "6912", "st" : "6578", "snt" : "334", "si" : "6578", "sni" : "0", "sa" : "6578", "sna" : "0", "pst" : "95,17", "psnt" : "4,83", "psi" : "95,17", "psni" : "0,00", "psa" : "100,00", "psna" : "0,00", "e" : "1995932", "ea" : "1894768", "ena" : "0", "esi" : "1894768", "esni" : "0", "c" : "1478343", "a" : "416425", "pea" : "100,00", "pena" : "0,00", "pesi" : "94,93", "pesni" : "0,00", "pa" : "21,98", "pc" : "78,02", "munnr" : "2", "munpt" : "38", "munf" : "39", "pmunnr" : "2,53", "pmunpt" : "48,10", "pmunf" : "49,37" }, 
{ "and" : "P", "tpabr" : "UF", "cdabr" : "MT", "dt" : "02/10/2022", "ht" : "19:41:09", "s" : "7652", "st" : "5587", "snt" : "2065", "si" : "5587", "sni" : "0", "sa" : "5587", "sna" : "0", "pst" : "73,01", "psnt" : "26,99", "psi" : "73,01", "psni" : "0,00", "psa" : "100,00", "psna" : "0,00", "e" : "2469604", "ea" : "1767584", "ena" : "0", "esi" : "1767584", "esni" : "0", "c" : "1364807", "a" : "402777", "pea" : "100,00", "pena" : "0,00", "pesi" : "71,57", "pesni" : "0,00", "pa" : "22,79", "pc" : "77,21", "munnr" : "16", "munpt" : "74", "munf" : "51", "pmunnr" : "11,35", "pmunpt" : "52,48", "pmunf" : "36,17" }, 
{ "and" : "P", "tpabr" : "UF", "cdabr" : "SE", "dt" : "02/10/2022", "ht" : "19:41:10", "s" : "5498", "st" : "3919", "snt" : "1579", "si" : "3919", "sni" : "0", "sa" : "3919", "sna" : "0", "pst" : "71,28", "psnt" : "28,72", "psi" : "71,28", "psni" : "0,00", "psa" : "100,00", "psna" : "0,00", "e" : "1671376", "ea" : "1163457", "ena" : "0", "esi" : "1163457", "esni" : "0", "c" : "955178", "a" : "208279", "pea" : "100,00", "pena" : "0,00", "pesi" : "69,61", "pesni" : "0,00", "pa" : "17,90", "pc" : "82,10", "munnr" : "6", "munpt" : "59", "munf" : "10", "pmunnr" : "8,00", "pmunpt" : "78,67", "pmunf" : "13,33" }, 
{ "and" : "P", "tpabr" : "UF", "cdabr" : "DF", "dt" : "02/10/2022", "ht" : "19:42:39", "s" : "6748", "st" : "6548", "snt" : "200", "si" : "6548", "sni" : "0", "sa" : "6548", "sna" : "0", "pst" : "97,04", "psnt" : "2,96", "psi" : "97,04", "psni" : "0,00", "psa" : "100,00", "psna" : "0,00", "e" : "2206996", "ea" : "2136358", "ena" : "0", "esi" : "2136358", "esni" : "0", "c" : "1763336", "a" : "373022", "pea" : "100,00", "pena" : "0,00", "pesi" : "96,80", "pesni" : "0,00", "pa" : "17,46", "pc" : "82,54", "munnr" : "0", "munpt" : "1", "munf" : "0", "pmunnr" : "00,00", "pmunpt" : "100,00", "pmunf" : "00,00" }, 
{ "and" : "P", "tpabr" : "UF", "cdabr" : "ES", "dt" : "02/10/2022", "ht" : "19:41:10", "s" : "9239", "st" : "8951", "snt" : "288", "si" : "8951", "sni" : "0", "sa" : "8951", "sna" : "0", "pst" : "96,88", "psnt" : "3,12", "psi" : "96,88", "psni" : "0,00", "psa" : "100,00", "psna" : "0,00", "e" : "2922379", "ea" : "2825358", "ena" : "0", "esi" : "2825358", "esni" : "0", "c" : "2240371", "a" : "584987", "pea" : "100,00", "pena" : "0,00", "pesi" : "96,68", "pesni" : "0,00", "pa" : "20,70", "pc" : "79,30", "munnr" : "0", "munpt" : "17", "munf" : "61", "pmunnr" : "00,00", "pmunpt" : "21,79", "pmunf" : "78,21" }, 
{ "and" : "P", "tpabr" : "UF", "cdabr" : "MA", "dt" : "02/10/2022", "ht" : "19:42:23", "s" : "16423", "st" : "4620", "snt" : "11803", "si" : "4620", "sni" : "0", "sa" : "4620", "sna" : "0", "pst" : "28,13", "psnt" : "71,87", "psi" : "28,13", "psni" : "0,00", "psa" : "100,00", "psna" : "0,00", "e" : "5039287", "ea" : "1378832", "ena" : "0", "esi" : "1378832", "esni" : "0", "c" : "1092232", "a" : "286600", "pea" : "100,00", "pena" : "0,00", "pesi" : "27,36", "pesni" : "0,00", "pa" : "20,79", "pc" : "79,21", "munnr" : "79", "munpt" : "137", "munf" : "1", "pmunnr" : "36,41", "pmunpt" : "63,13", "pmunf" : "0,46" }, 
{ "and" : "P", "tpabr" : "UF", "cdabr" : "PA", "dt" : "02/10/2022", "ht" : "19:41:59", "s" : "18235", "st" : "10275", "snt" : "7960", "si" : "10275", "sni" : "0", "sa" : "10275", "sna" : "0", "pst" : "56,35", "psnt" : "43,65", "psi" : "56,35", "psni" : "0,00", "psa" : "100,00", "psna" : "0,00", "e" : "6079280", "ea" : "3348194", "ena" : "0", "esi" : "3348194", "esni" : "0", "c" : "2650699", "a" : "697495", "pea" : "100,00", "pena" : "0,00", "pesi" : "55,08", "pesni" : "0,00", "pa" : "20,83", "pc" : "79,17", "munnr" : "1", "munpt" : "141", "munf" : "2", "pmunnr" : "0,69", "pmunpt" : "97,92", "pmunf" : "1,39" }, 
{ "and" : "P", "tpabr" : "UF", "cdabr" : "PI", "dt" : "02/10/2022", "ht" : "19:41:10", "s" : "8963", "st" : "5080", "snt" : "3883", "si" : "5080", "sni" : "0", "sa" : "5080", "sna" : "0", "pst" : "56,68", "psnt" : "43,32", "psi" : "56,68", "psni" : "0,00", "psa" : "100,00", "psna" : "0,00", "e" : "2570433", "ea" : "1420412", "ena" : "0", "esi" : "1420412", "esni" : "0", "c" : "1168592", "a" : "251820", "pea" : "100,00", "pena" : "0,00", "pesi" : "55,26", "pesni" : "0,00", "pa" : "17,73", "pc" : "82,27", "munnr" : "34", "munpt" : "184", "munf" : "6", "pmunnr" : "15,18", "pmunpt" : "82,14", "pmunf" : "2,68" }, 
{ "and" : "P", "tpabr" : "UF", "cdabr" : "RS", "dt" : "02/10/2022", "ht" : "19:40:58", "s" : "27201", "st" : "20770", "snt" : "6431", "si" : "20770", "sni" : "0", "sa" : "20770", "sna" : "0", "pst" : "76,36", "psnt" : "23,64", "psi" : "76,36", "psni" : "0,00", "psa" : "100,00", "psna" : "0,00", "e" : "8589432", "ea" : "6584698", "ena" : "0", "esi" : "6584698", "esni" : "0", "c" : "5272297", "a" : "1312401", "pea" : "100,00", "pena" : "0,00", "pesi" : "76,66", "pesni" : "0,00", "pa" : "19,93", "pc" : "80,07", "munnr" : "138", "munpt" : "185", "munf" : "174", "pmunnr" : "27,77", "pmunpt" : "37,22", "pmunf" : "35,01" }, 
{ "and" : "P", "tpabr" : "UF", "cdabr" : "AC", "dt" : "02/10/2022", "ht" : "19:40:57", "s" : "2124", "st" : "1814", "snt" : "310", "si" : "1814", "sni" : "0", "sa" : "1814", "sna" : "0", "pst" : "85,40", "psnt" : "14,60", "psi" : "85,40", "psni" : "0,00", "psa" : "100,00", "psna" : "0,00", "e" : "587738", "ea" : "503000", "ena" : "0", "esi" : "503000", "esni" : "0", "c" : "390067", "a" : "112933", "pea" : "100,00", "pena" : "0,00", "pesi" : "85,58", "pesni" : "0,00", "pa" : "22,45", "pc" : "77,55", "munnr" : "0", "munpt" : "21", "munf" : "1", "pmunnr" : "00,00", "pmunpt" : "95,45", "pmunf" : "4,55" }, 
{ "and" : "P", "tpabr" : "UF", "cdabr" : "PR", "dt" : "02/10/2022", "ht" : "19:41:00", "s" : "25721", "st" : "22252", "snt" : "3469", "si" : "22252", "sni" : "0", "sa" : "22252", "sna" : "0", "pst" : "86,51", "psnt" : "13,49", "psi" : "86,51", "psni" : "0,00", "psa" : "100,00", "psna" : "0,00", "e" : "8480435", "ea" : "7301377", "ena" : "0", "esi" : "7301377", "esni" : "0", "c" : "5884053", "a" : "1417324", "pea" : "100,00", "pena" : "0,00", "pesi" : "86,10", "pesni" : "0,00", "pa" : "19,41", "pc" : "80,59", "munnr" : "39", "munpt" : "191", "munf" : "169", "pmunnr" : "9,77", "pmunpt" : "47,87", "pmunf" : "42,36" }, 
{ "and" : "P", "tpabr" : "UF", "cdabr" : "SC", "dt" : "02/10/2022", "ht" : "19:42:14", "s" : "16242", "st" : "8282", "snt" : "7960", "si" : "8282", "sni" : "0", "sa" : "8282", "sna" : "0", "pst" : "50,99", "psnt" : "49,01", "psi" : "50,99", "psni" : "0,00", "psa" : "100,00", "psna" : "0,00", "e" : "5501478", "ea" : "2732856", "ena" : "0", "esi" : "2732856", "esni" : "0", "c" : "2244714", "a" : "488142", "pea" : "100,00", "pena" : "0,00", "pesi" : "49,67", "pesni" : "0,00", "pa" : "17,86", "pc" : "82,14", "munnr" : "67", "munpt" : "174", "munf" : "54", "pmunnr" : "22,71", "pmunpt" : "58,98", "pmunf" : "18,31" }, 
{ "and" : "P", "tpabr" : "UF", "cdabr" : "TO", "dt" : "02/10/2022", "ht" : "19:41:43", "s" : "3957", "st" : "3461", "snt" : "496", "si" : "3461", "sni" : "0", "sa" : "3461", "sna" : "0", "pst" : "87,47", "psnt" : "12,53", "psi" : "87,47", "psni" : "0,00", "psa" : "100,00", "psna" : "0,00", "e" : "1094346", "ea" : "947764", "ena" : "0", "esi" : "947764", "esni" : "0", "c" : "772307", "a" : "175457", "pea" : "100,00", "pena" : "0,00", "pesi" : "86,61", "pesni" : "0,00", "pa" : "18,51", "pc" : "81,49", "munnr" : "7", "munpt" : "65", "munf" : "67", "pmunnr" : "5,04", "pmunpt" : "46,76", "pmunf" : "48,20" }, 
{ "and" : "P", "tpabr" : "UF", "cdabr" : "AL", "dt" : "02/10/2022", "ht" : "19:42:21", "s" : "6626", "st" : "993", "snt" : "5633", "si" : "993", "sni" : "0", "sa" : "993", "sna" : "0", "pst" : "14,99", "psnt" : "85,01", "psi" : "14,99", "psni" : "0,00", "psa" : "100,00", "psna" : "0,00", "e" : "2326491", "ea" : "304941", "ena" : "0", "esi" : "304941", "esni" : "0", "c" : "238346", "a" : "66595", "pea" : "100,00", "pena" : "0,00", "pesi" : "13,11", "pesni" : "0,00", "pa" : "21,84", "pc" : "78,16", "munnr" : "66", "munpt" : "35", "munf" : "1", "pmunnr" : "64,71", "pmunpt" : "34,31", "pmunf" : "0,98" }, 
{ "and" : "P", "tpabr" : "UF", "cdabr" : "BA", "dt" : "02/10/2022", "ht" : "19:42:35", "s" : "34424", "st" : "12947", "snt" : "21477", "si" : "12947", "sni" : "0", "sa" : "12947", "sna" : "0", "pst" : "37,61", "psnt" : "62,39", "psi" : "37,61", "psni" : "0,00", "psa" : "100,00", "psna" : "0,00", "e" : "11283405", "ea" : "4007548", "ena" : "0", "esi" : "4007548", "esni" : "0", "c" : "3157650", "a" : "849898", "pea" : "100,00", "pena" : "0,00", "pesi" : "35,52", "pesni" : "0,00", "pa" : "21,21", "pc" : "78,79", "munnr" : "72", "munpt" : "333", "munf" : "12", "pmunnr" : "17,27", "pmunpt" : "79,86", "pmunf" : "2,88" }, 
{ "and" : "P", "tpabr" : "UF", "cdabr" : "PB", "dt" : "02/10/2022", "ht" : "19:40:56", "s" : "9602", "st" : "5780", "snt" : "3822", "si" : "5780", "sni" : "0", "sa" : "5780", "sna" : "0", "pst" : "60,20", "psnt" : "39,80", "psi" : "60,20", "psni" : "0,00", "psa" : "100,00", "psna" : "0,00", "e" : "3092053", "ea" : "1833730", "ena" : "0", "esi" : "1833730", "esni" : "0", "c" : "1526380", "a" : "307350", "pea" : "100,00", "pena" : "0,00", "pesi" : "59,30", "pesni" : "0,00", "pa" : "16,76", "pc" : "83,24", "munnr" : "62", "munpt" : "124", "munf" : "37", "pmunnr" : "27,80", "pmunpt" : "55,61", "pmunf" : "16,59" }, 
{ "and" : "P", "tpabr" : "UF", "cdabr" : "AP", "dt" : "02/10/2022", "ht" : "19:40:51", "s" : "1740", "st" : "1235", "snt" : "505", "si" : "1235", "sni" : "0", "sa" : "1235", "sna" : "0", "pst" : "70,98", "psnt" : "29,02", "psi" : "70,98", "psni" : "0,00", "psa" : "100,00", "psna" : "0,00", "e" : "550165", "ea" : "371239", "ena" : "0", "esi" : "371239", "esni" : "0", "c" : "297580", "a" : "73659", "pea" : "100,00", "pena" : "0,00", "pesi" : "67,48", "pesni" : "0,00", "pa" : "19,84", "pc" : "80,16", "munnr" : "1", "munpt" : "12", "munf" : "3", "pmunnr" : "6,25", "pmunpt" : "75,00", "pmunf" : "18,75" }, 
{ "and" : "P", "tpabr" : "UF", "cdabr" : "RJ", "dt" : "02/10/2022", "ht" : "19:42:24", "s" : "34068", "st" : "11146", "snt" : "22922", "si" : "11146", "sni" : "0", "sa" : "11146", "sna" : "0", "pst" : "32,72", "psnt" : "67,28", "psi" : "32,72", "psni" : "0,00", "psa" : "100,00", "psna" : "0,00", "e" : "12826356", "ea" : "3860789", "ena" : "0", "esi" : "3860789", "esni" : "0", "c" : "2978545", "a" : "882244", "pea" : "100,00", "pena" : "0,00", "pesi" : "30,10", "pesni" : "0,00", "pa" : "22,85", "pc" : "77,15", "munnr" : "9", "munpt" : "82", "munf" : "1", "pmunnr" : "9,78", "pmunpt" : "89,13", "pmunf" : "1,09" }, 
{ "and" : "P", "tpabr" : "UF", "cdabr" : "RR", "dt" : "02/10/2022", "ht" : "19:42:45", "s" : "1268", "st" : "1010", "snt" : "258", "si" : "1010", "sni" : "0", "sa" : "1010", "sna" : "0", "pst" : "79,65", "psnt" : "20,35", "psi" : "79,65", "psni" : "0,00", "psa" : "100,00", "psna" : "0,00", "e" : "366632", "ea" : "287615", "ena" : "0", "esi" : "287615", "esni" : "0", "c" : "240534", "a" : "47081", "pea" : "100,00", "pena" : "0,00", "pesi" : "78,45", "pesni" : "0,00", "pa" : "16,37", "pc" : "83,63", "munnr" : "0", "munpt" : "14", "munf" : "1", "pmunnr" : "00,00", "pmunpt" : "93,33", "pmunf" : "6,67" }, 
{ "and" : "P", "tpabr" : "UF", "cdabr" : "ZZ", "dt" : "02/10/2022", "ht" : "19:42:25", "s" : "1064", "st" : "586", "snt" : "478", "si" : "586", "sni" : "0", "sa" : "586", "sna" : "0", "pst" : "55,08", "psnt" : "44,92", "psi" : "55,08", "psni" : "0,00", "psa" : "100,00", "psna" : "0,00", "e" : "695355", "ea" : "410047", "ena" : "0", "esi" : "410047", "esni" : "0", "c" : "185870", "a" : "224177", "pea" : "100,00", "pena" : "0,00", "pesi" : "58,97", "pesni" : "0,00", "pa" : "54,67", "pc" : "45,33", "munnr" : "100", "munpt" : "17", "munf" : "64", "pmunnr" : "55,25", "pmunpt" : "9,39", "pmunf" : "35,36" }, 
{ "and" : "P", "tpabr" : "UF", "cdabr" : "SP", "dt" : "02/10/2022", "ht" : "19:42:33", "s" : "101073", "st" : "57235", "snt" : "43838", "si" : "57235", "sni" : "0", "sa" : "57235", "sna" : "0", "pst" : "56,63", "psnt" : "43,37", "psi" : "56,63", "psni" : "0,00", "psa" : "100,00", "psna" : "0,00", "e" : "34684927", "ea" : "19142813", "ena" : "0", "esi" : "19142813", "esni" : "0", "c" : "14965401", "a" : "4177412", "pea" : "100,00", "pena" : "0,00", "pesi" : "55,19", "pesni" : "0,00", "pa" : "21,82", "pc" : "78,18", "munnr" : "171", "munpt" : "209", "munf" : "265", "pmunnr" : "26,51", "pmunpt" : "32,40", "pmunf" : "41,09" }, 
{ "and" : "P", "tpabr" : "BR", "cdabr" : "BR", "dt" : "02/10/2022", "ht" : "19:42:45", "s" : "472075", "st" : "261369", "snt" : "210706", "si" : "261369", "sni" : "0", "sa" : "261369", "sna" : "0", "pst" : "55,36", "psnt" : "44,64", "psi" : "55,36", "psni" : "0,00", "psa" : "100,00", "psna" : "0,00", "e" : "156454011", "ea" : "83897846", "ena" : "0", "esi" : "83897846", "esni" : "0", "c" : "66522369", "a" : "17375477", "pea" : "100,00", "pena" : "0,00", "pesi" : "53,62", "pesni" : "0,00", "pa" : "20,72", "pc" : "79,28", "ufsnr" : "0", "ufspt" : "28", "ufsf" : "0", "pufsnr" : "00,00", "pufspt" : "100,00", "pufsf" : "00,00" } ] }