
{ "ele" : "544", "t" : "1", "f" : "O", "dg" : "02/10/2022", "hg" : "21:10:30", "abr" : [ 
{ "and" : "P", "tpabr" : "UF", "cdabr" : "AM", "dt" : "02/10/2022", "ht" : "21:10:14", "s" : "7454", "st" : "7135", "snt" : "319", "si" : "7134", "sni" : "1", "sa" : "7134", "sna" : "0", "pst" : "95,72", "psnt" : "4,28", "psi" : "95,71", "psni" : "4,29", "psa" : "100,00", "psna" : "0,00", "e" : "2646924", "ea" : "2526565", "ena" : "0", "esi" : "2526565", "esni" : "84", "c" : "2021831", "a" : "504734", "pea" : "100,00", "pena" : "0,00", "pesi" : "95,45", "pesni" : "100,00", "pa" : "19,98", "pc" : "80,02", "munnr" : "0", "munpt" : "36", "munf" : "26", "pmunnr" : "00,00", "pmunpt" : "58,06", "pmunf" : "41,94" }, 
{ "and" : "P", "tpabr" : "UF", "cdabr" : "PE", "dt" : "02/10/2022", "ht" : "21:09:28", "s" : "20572", "st" : "19457", "snt" : "1115", "si" : "19457", "sni" : "0", "sa" : "19457", "sna" : "0", "pst" : "94,58", "psnt" : "5,42", "psi" : "94,58", "psni" : "0,00", "psa" : "100,00", "psna" : "0,00", "e" : "7015421", "ea" : "6631452", "ena" : "0", "esi" : "6631452", "esni" : "0", "c" : "5434955", "a" : "1196497", "pea" : "100,00", "pena" : "0,00", "pesi" : "94,53", "pesni" : "0,00", "pa" : "18,04", "pc" : "81,96", "munnr" : "6", "munpt" : "65", "munf" : "114", "pmunnr" : "3,24", "pmunpt" : "35,14", "pmunf" : "61,62" }, 
{ "and" : "P", "tpabr" : "UF", "cdabr" : "RN", "dt" : "02/10/2022", "ht" : "21:09:25", "s" : "7674", "st" : "7530", "snt" : "144", "si" : "7530", "sni" : "0", "sa" : "7530", "sna" : "0", "pst" : "98,12", "psnt" : "1,88", "psi" : "98,12", "psni" : "0,00", "psa" : "100,00", "psna" : "0,00", "e" : "2554716", "ea" : "2505055", "ena" : "0", "esi" : "2505055", "esni" : "0", "c" : "2050363", "a" : "454692", "pea" : "100,00", "pena" : "0,00", "pesi" : "98,06", "pesni" : "0,00", "pa" : "18,15", "pc" : "81,85", "munnr" : "0", "munpt" : "28", "munf" : "139", "pmunnr" : "00,00", "pmunpt" : "16,77", "pmunf" : "83,23" }, 
{ "and" : "P", "tpabr" : "UF", "cdabr" : "MG", "dt" : "02/10/2022", "ht" : "21:09:08", "s" : "49981", "st" : "47822", "snt" : "2159", "si" : "47822", "sni" : "0", "sa" : "47822", "sna" : "0", "pst" : "95,68", "psnt" : "4,32", "psi" : "95,68", "psni" : "0,00", "psa" : "100,00", "psna" : "0,00", "e" : "16283828", "ea" : "15575656", "ena" : "0", "esi" : "15575656", "esni" : "0", "c" : "12118577", "a" : "3457079", "pea" : "100,00", "pena" : "0,00", "pesi" : "95,65", "pesni" : "0,00", "pa" : "22,20", "pc" : "77,80", "munnr" : "45", "munpt" : "86", "munf" : "722", "pmunnr" : "5,28", "pmunpt" : "10,08", "pmunf" : "84,64" }, 
{ "and" : "P", "tpabr" : "UF", "cdabr" : "RO", "dt" : "02/10/2022", "ht" : "21:01:44", "s" : "4198", "st" : "4154", "snt" : "44", "si" : "4154", "sni" : "0", "sa" : "4154", "sna" : "0", "pst" : "98,95", "psnt" : "1,05", "psi" : "98,95", "psni" : "0,00", "psa" : "100,00", "psna" : "0,00", "e" : "1229998", "ea" : "1214893", "ena" : "0", "esi" : "1214893", "esni" : "0", "c" : "915774", "a" : "299119", "pea" : "100,00", "pena" : "0,00", "pesi" : "98,77", "pesni" : "0,00", "pa" : "24,62", "pc" : "75,38", "munnr" : "0", "munpt" : "8", "munf" : "44", "pmunnr" : "00,00", "pmunpt" : "15,38", "pmunf" : "84,62" }, 
{ "and" : "P", "tpabr" : "UF", "cdabr" : "CE", "dt" : "02/10/2022", "ht" : "21:10:15", "s" : "22796", "st" : "21052", "snt" : "1744", "si" : "21052", "sni" : "0", "sa" : "21052", "sna" : "0", "pst" : "92,35", "psnt" : "7,65", "psi" : "92,35", "psni" : "0,00", "psa" : "100,00", "psna" : "0,00", "e" : "6818732", "ea" : "6320234", "ena" : "0", "esi" : "6320234", "esni" : "0", "c" : "5217958", "a" : "1102276", "pea" : "100,00", "pena" : "0,00", "pesi" : "92,69", "pesni" : "0,00", "pa" : "17,44", "pc" : "82,56", "munnr" : "9", "munpt" : "83", "munf" : "92", "pmunnr" : "4,89", "pmunpt" : "45,11", "pmunf" : "50,00" }, 
{ "and" : "P", "tpabr" : "UF", "cdabr" : "GO", "dt" : "02/10/2022", "ht" : "21:09:08", "s" : "14620", "st" : "14547", "snt" : "73", "si" : "14547", "sni" : "0", "sa" : "14547", "sna" : "0", "pst" : "99,50", "psnt" : "0,50", "psi" : "99,50", "psni" : "0,00", "psa" : "100,00", "psna" : "0,00", "e" : "4870292", "ea" : "4847321", "ena" : "0", "esi" : "4847321", "esni" : "0", "c" : "3795145", "a" : "1052176", "pea" : "100,00", "pena" : "0,00", "pesi" : "99,53", "pesni" : "0,00", "pa" : "21,71", "pc" : "78,29", "munnr" : "2", "munpt" : "16", "munf" : "228", "pmunnr" : "0,81", "pmunpt" : "6,50", "pmunf" : "92,68" }, 
{ "and" : "P", "tpabr" : "UF", "cdabr" : "MS", "dt" : "02/10/2022", "ht" : "20:54:51", "s" : "6912", "st" : "6910", "snt" : "2", "si" : "6910", "sni" : "0", "sa" : "6910", "sna" : "0", "pst" : "99,97", "psnt" : "0,03", "psi" : "99,97", "psni" : "0,00", "psa" : "100,00", "psna" : "0,00", "e" : "1995932", "ea" : "1995509", "ena" : "0", "esi" : "1995509", "esni" : "0", "c" : "1554759", "a" : "440750", "pea" : "100,00", "pena" : "0,00", "pesi" : "99,98", "pesni" : "0,00", "pa" : "22,09", "pc" : "77,91", "munnr" : "0", "munpt" : "1", "munf" : "78", "pmunnr" : "00,00", "pmunpt" : "1,27", "pmunf" : "98,73" }, 
{ "and" : "P", "tpabr" : "UF", "cdabr" : "MT", "dt" : "02/10/2022", "ht" : "21:10:16", "s" : "7652", "st" : "7570", "snt" : "82", "si" : "7570", "sni" : "0", "sa" : "7570", "sna" : "0", "pst" : "98,93", "psnt" : "1,07", "psi" : "98,93", "psni" : "0,00", "psa" : "100,00", "psna" : "0,00", "e" : "2469604", "ea" : "2443382", "ena" : "0", "esi" : "2443382", "esni" : "0", "c" : "1872630", "a" : "570752", "pea" : "100,00", "pena" : "0,00", "pesi" : "98,94", "pesni" : "0,00", "pa" : "23,36", "pc" : "76,64", "munnr" : "1", "munpt" : "11", "munf" : "129", "pmunnr" : "0,71", "pmunpt" : "7,80", "pmunf" : "91,49" }, 
{ "and" : "P", "tpabr" : "UF", "cdabr" : "SE", "dt" : "02/10/2022", "ht" : "21:07:59", "s" : "5498", "st" : "5421", "snt" : "77", "si" : "5421", "sni" : "0", "sa" : "5421", "sna" : "0", "pst" : "98,60", "psnt" : "1,40", "psi" : "98,60", "psni" : "0,00", "psa" : "100,00", "psna" : "0,00", "e" : "1671376", "ea" : "1644494", "ena" : "0", "esi" : "1644494", "esni" : "0", "c" : "1342752", "a" : "301742", "pea" : "100,00", "pena" : "0,00", "pesi" : "98,39", "pesni" : "0,00", "pa" : "18,35", "pc" : "81,65", "munnr" : "0", "munpt" : "10", "munf" : "65", "pmunnr" : "00,00", "pmunpt" : "13,33", "pmunf" : "86,67" }, 
{ "and" : "F", "tpabr" : "UF", "cdabr" : "DF", "dt" : "02/10/2022", "ht" : "20:36:59", "s" : "6748", "st" : "6748", "snt" : "0", "si" : "6748", "sni" : "0", "sa" : "6748", "sna" : "0", "pst" : "100,00", "psnt" : "0,00", "psi" : "100,00", "psni" : "0,00", "psa" : "100,00", "psna" : "0,00", "e" : "2206996", "ea" : "2206996", "ena" : "0", "esi" : "2206996", "esni" : "0", "c" : "1819900", "a" : "387096", "pea" : "100,00", "pena" : "0,00", "pesi" : "100,00", "pesni" : "0,00", "pa" : "17,54", "pc" : "82,46", "munnr" : "0", "munpt" : "0", "munf" : "1", "pmunnr" : "00,00", "pmunpt" : "00,00", "pmunf" : "100,00" }, 
{ "and" : "F", "tpabr" : "UF", "cdabr" : "ES", "dt" : "02/10/2022", "ht" : "20:41:59", "s" : "9239", "st" : "9239", "snt" : "0", "si" : "9239", "sni" : "0", "sa" : "9239", "sna" : "0", "pst" : "100,00", "psnt" : "0,00", "psi" : "100,00", "psni" : "0,00", "psa" : "100,00", "psna" : "0,00", "e" : "2922379", "ea" : "2922379", "ena" : "0", "esi" : "2922379", "esni" : "0", "c" : "2315889", "a" : "606490", "pea" : "100,00", "pena" : "0,00", "pesi" : "100,00", "pesni" : "0,00", "pa" : "20,75", "pc" : "79,25", "munnr" : "0", "munpt" : "0", "munf" : "78", "pmunnr" : "00,00", "pmunpt" : "00,00", "pmunf" : "100,00" }, 
{ "and" : "P", "tpabr" : "UF", "cdabr" : "MA", "dt" : "02/10/2022", "ht" : "21:10:15", "s" : "16423", "st" : "12497", "snt" : "3926", "si" : "12497", "sni" : "0", "sa" : "12497", "sna" : "0", "pst" : "76,09", "psnt" : "23,91", "psi" : "76,09", "psni" : "0,00", "psa" : "100,00", "psna" : "0,00", "e" : "5039287", "ea" : "3847195", "ena" : "0", "esi" : "3847195", "esni" : "0", "c" : "3010811", "a" : "836384", "pea" : "100,00", "pena" : "0,00", "pesi" : "76,34", "pesni" : "0,00", "pa" : "21,74", "pc" : "78,26", "munnr" : "30", "munpt" : "134", "munf" : "53", "pmunnr" : "13,82", "pmunpt" : "61,75", "pmunf" : "24,42" }, 
{ "and" : "P", "tpabr" : "UF", "cdabr" : "PA", "dt" : "02/10/2022", "ht" : "21:09:39", "s" : "18235", "st" : "17320", "snt" : "915", "si" : "17320", "sni" : "0", "sa" : "17320", "sna" : "0", "pst" : "94,98", "psnt" : "5,02", "psi" : "94,98", "psni" : "0,00", "psa" : "100,00", "psna" : "0,00", "e" : "6079280", "ea" : "5770683", "ena" : "0", "esi" : "5770683", "esni" : "0", "c" : "4543294", "a" : "1227389", "pea" : "100,00", "pena" : "0,00", "pesi" : "94,92", "pesni" : "0,00", "pa" : "21,27", "pc" : "78,73", "munnr" : "0", "munpt" : "92", "munf" : "52", "pmunnr" : "00,00", "pmunpt" : "63,89", "pmunf" : "36,11" }, 
{ "and" : "P", "tpabr" : "UF", "cdabr" : "PI", "dt" : "02/10/2022", "ht" : "21:09:12", "s" : "8963", "st" : "8316", "snt" : "647", "si" : "8316", "sni" : "0", "sa" : "8316", "sna" : "0", "pst" : "92,78", "psnt" : "7,22", "psi" : "92,78", "psni" : "0,00", "psa" : "100,00", "psna" : "0,00", "e" : "2570433", "ea" : "2376995", "ena" : "0", "esi" : "2376995", "esni" : "0", "c" : "1955615", "a" : "421380", "pea" : "100,00", "pena" : "0,00", "pesi" : "92,47", "pesni" : "0,00", "pa" : "17,73", "pc" : "82,27", "munnr" : "7", "munpt" : "106", "munf" : "111", "pmunnr" : "3,13", "pmunpt" : "47,32", "pmunf" : "49,55" }, 
{ "and" : "P", "tpabr" : "UF", "cdabr" : "RS", "dt" : "02/10/2022", "ht" : "21:09:12", "s" : "27201", "st" : "26914", "snt" : "287", "si" : "26914", "sni" : "0", "sa" : "26914", "sna" : "0", "pst" : "98,94", "psnt" : "1,06", "psi" : "98,94", "psni" : "0,00", "psa" : "100,00", "psna" : "0,00", "e" : "8589432", "ea" : "8486608", "ena" : "0", "esi" : "8486608", "esni" : "0", "c" : "6808932", "a" : "1677676", "pea" : "100,00", "pena" : "0,00", "pesi" : "98,80", "pesni" : "0,00", "pa" : "19,77", "pc" : "80,23", "munnr" : "2", "munpt" : "16", "munf" : "479", "pmunnr" : "0,40", "pmunpt" : "3,22", "pmunf" : "96,38" }, 
{ "and" : "P", "tpabr" : "UF", "cdabr" : "AC", "dt" : "02/10/2022", "ht" : "20:57:06", "s" : "2124", "st" : "2089", "snt" : "35", "si" : "2089", "sni" : "0", "sa" : "2089", "sna" : "0", "pst" : "98,35", "psnt" : "1,65", "psi" : "98,35", "psni" : "0,00", "psa" : "100,00", "psna" : "0,00", "e" : "587738", "ea" : "578124", "ena" : "0", "esi" : "578124", "esni" : "0", "c" : "448898", "a" : "129226", "pea" : "100,00", "pena" : "0,00", "pesi" : "98,36", "pesni" : "0,00", "pa" : "22,35", "pc" : "77,65", "munnr" : "0", "munpt" : "5", "munf" : "17", "pmunnr" : "00,00", "pmunpt" : "22,73", "pmunf" : "77,27" }, 
{ "and" : "P", "tpabr" : "UF", "cdabr" : "PR", "dt" : "02/10/2022", "ht" : "21:10:16", "s" : "25721", "st" : "25629", "snt" : "92", "si" : "25629", "sni" : "0", "sa" : "25629", "sna" : "0", "pst" : "99,64", "psnt" : "0,36", "psi" : "99,64", "psni" : "0,00", "psa" : "100,00", "psna" : "0,00", "e" : "8480435", "ea" : "8448325", "ena" : "0", "esi" : "8448325", "esni" : "0", "c" : "6803937", "a" : "1644388", "pea" : "100,00", "pena" : "0,00", "pesi" : "99,62", "pesni" : "0,00", "pa" : "19,46", "pc" : "80,54", "munnr" : "2", "munpt" : "22", "munf" : "375", "pmunnr" : "0,50", "pmunpt" : "5,51", "pmunf" : "93,98" }, 
{ "and" : "P", "tpabr" : "UF", "cdabr" : "SC", "dt" : "02/10/2022", "ht" : "21:09:18", "s" : "16242", "st" : "16108", "snt" : "134", "si" : "16108", "sni" : "0", "sa" : "16108", "sna" : "0", "pst" : "99,17", "psnt" : "0,83", "psi" : "99,17", "psni" : "0,00", "psa" : "100,00", "psna" : "0,00", "e" : "5501478", "ea" : "5453710", "ena" : "0", "esi" : "5453710", "esni" : "0", "c" : "4449126", "a" : "1004584", "pea" : "100,00", "pena" : "0,00", "pesi" : "99,13", "pesni" : "0,00", "pa" : "18,42", "pc" : "81,58", "munnr" : "1", "munpt" : "14", "munf" : "280", "pmunnr" : "0,34", "pmunpt" : "4,75", "pmunf" : "94,92" }, 
{ "and" : "P", "tpabr" : "UF", "cdabr" : "TO", "dt" : "02/10/2022", "ht" : "21:10:18", "s" : "3957", "st" : "3948", "snt" : "9", "si" : "3948", "sni" : "0", "sa" : "3948", "sna" : "0", "pst" : "99,77", "psnt" : "0,23", "psi" : "99,77", "psni" : "0,00", "psa" : "100,00", "psna" : "0,00", "e" : "1094346", "ea" : "1091874", "ena" : "0", "esi" : "1091874", "esni" : "0", "c" : "889449", "a" : "202425", "pea" : "100,00", "pena" : "0,00", "pesi" : "99,77", "pesni" : "0,00", "pa" : "18,54", "pc" : "81,46", "munnr" : "0", "munpt" : "5", "munf" : "134", "pmunnr" : "00,00", "pmunpt" : "3,60", "pmunf" : "96,40" }, 
{ "and" : "P", "tpabr" : "UF", "cdabr" : "AL", "dt" : "02/10/2022", "ht" : "21:10:15", "s" : "6626", "st" : "5275", "snt" : "1351", "si" : "5275", "sni" : "0", "sa" : "5275", "sna" : "0", "pst" : "79,61", "psnt" : "20,39", "psi" : "79,61", "psni" : "0,00", "psa" : "100,00", "psna" : "0,00", "e" : "2326491", "ea" : "1824297", "ena" : "0", "esi" : "1824297", "esni" : "0", "c" : "1419583", "a" : "404714", "pea" : "100,00", "pena" : "0,00", "pesi" : "78,41", "pesni" : "0,00", "pa" : "22,18", "pc" : "77,82", "munnr" : "14", "munpt" : "37", "munf" : "51", "pmunnr" : "13,73", "pmunpt" : "36,27", "pmunf" : "50,00" }, 
{ "and" : "P", "tpabr" : "UF", "cdabr" : "BA", "dt" : "02/10/2022", "ht" : "21:09:17", "s" : "34424", "st" : "30786", "snt" : "3638", "si" : "30786", "sni" : "0", "sa" : "30786", "sna" : "0", "pst" : "89,43", "psnt" : "10,57", "psi" : "89,43", "psni" : "0,00", "psa" : "100,00", "psna" : "0,00", "e" : "11283405", "ea" : "10073887", "ena" : "0", "esi" : "10073887", "esni" : "0", "c" : "7937036", "a" : "2136851", "pea" : "100,00", "pena" : "0,00", "pesi" : "89,28", "pesni" : "0,00", "pa" : "21,21", "pc" : "78,79", "munnr" : "17", "munpt" : "215", "munf" : "185", "pmunnr" : "4,08", "pmunpt" : "51,56", "pmunf" : "44,36" }, 
{ "and" : "P", "tpabr" : "UF", "cdabr" : "PB", "dt" : "02/10/2022", "ht" : "21:10:16", "s" : "9602", "st" : "9571", "snt" : "31", "si" : "9571", "sni" : "0", "sa" : "9571", "sna" : "0", "pst" : "99,68", "psnt" : "0,32", "psi" : "99,68", "psni" : "0,00", "psa" : "100,00", "psna" : "0,00", "e" : "3092053", "ea" : "3082334", "ena" : "0", "esi" : "3082334", "esni" : "0", "c" : "2549392", "a" : "532942", "pea" : "100,00", "pena" : "0,00", "pesi" : "99,69", "pesni" : "0,00", "pa" : "17,29", "pc" : "82,71", "munnr" : "1", "munpt" : "7", "munf" : "215", "pmunnr" : "0,45", "pmunpt" : "3,14", "pmunf" : "96,41" }, 
{ "and" : "P", "tpabr" : "UF", "cdabr" : "AP", "dt" : "02/10/2022", "ht" : "21:09:08", "s" : "1740", "st" : "1729", "snt" : "11", "si" : "1729", "sni" : "0", "sa" : "1729", "sna" : "0", "pst" : "99,37", "psnt" : "0,63", "psi" : "99,37", "psni" : "0,00", "psa" : "100,00", "psna" : "0,00", "e" : "550165", "ea" : "545787", "ena" : "0", "esi" : "545787", "esni" : "0", "c" : "439263", "a" : "106524", "pea" : "100,00", "pena" : "0,00", "pesi" : "99,20", "pesni" : "0,00", "pa" : "19,52", "pc" : "80,48", "munnr" : "0", "munpt" : "5", "munf" : "11", "pmunnr" : "00,00", "pmunpt" : "31,25", "pmunf" : "68,75" }, 
{ "and" : "P", "tpabr" : "UF", "cdabr" : "RJ", "dt" : "02/10/2022", "ht" : "21:09:16", "s" : "34068", "st" : "32837", "snt" : "1231", "si" : "32837", "sni" : "0", "sa" : "32837", "sna" : "0", "pst" : "96,39", "psnt" : "3,61", "psi" : "96,39", "psni" : "0,00", "psa" : "100,00", "psna" : "0,00", "e" : "12826356", "ea" : "12343294", "ena" : "0", "esi" : "12343294", "esni" : "0", "c" : "9537567", "a" : "2805727", "pea" : "100,00", "pena" : "0,00", "pesi" : "96,23", "pesni" : "0,00", "pa" : "22,73", "pc" : "77,27", "munnr" : "2", "munpt" : "39", "munf" : "51", "pmunnr" : "2,17", "pmunpt" : "42,39", "pmunf" : "55,43" }, 
{ "and" : "F", "tpabr" : "UF", "cdabr" : "RR", "dt" : "02/10/2022", "ht" : "21:07:58", "s" : "1268", "st" : "1268", "snt" : "0", "si" : "1268", "sni" : "0", "sa" : "1268", "sna" : "0", "pst" : "100,00", "psnt" : "0,00", "psi" : "100,00", "psni" : "0,00", "psa" : "100,00", "psna" : "0,00", "e" : "366632", "ea" : "366632", "ena" : "0", "esi" : "366632", "esni" : "0", "c" : "305404", "a" : "61228", "pea" : "100,00", "pena" : "0,00", "pesi" : "100,00", "pesni" : "0,00", "pa" : "16,70", "pc" : "83,30", "munnr" : "0", "munpt" : "0", "munf" : "15", "pmunnr" : "00,00", "pmunpt" : "00,00", "pmunf" : "100,00" }, 
{ "and" : "P", "tpabr" : "UF", "cdabr" : "ZZ", "dt" : "02/10/2022", "ht" : "21:10:18", "s" : "1064", "st" : "886", "snt" : "178", "si" : "840", "sni" : "46", "sa" : "840", "sna" : "0", "pst" : "83,27", "psnt" : "16,73", "psi" : "78,95", "psni" : "21,05", "psa" : "100,00", "psna" : "0,00", "e" : "695355", "ea" : "580787", "ena" : "0", "esi" : "580787", "esni" : "573", "c" : "258171", "a" : "322616", "pea" : "100,00", "pena" : "0,00", "pesi" : "83,52", "pesni" : "99,92", "pa" : "55,55", "pc" : "44,45", "munnr" : "27", "munpt" : "25", "munf" : "129", "pmunnr" : "14,92", "pmunpt" : "13,81", "pmunf" : "71,27" }, 
{ "and" : "P", "tpabr" : "UF", "cdabr" : "SP", "dt" : "02/10/2022", "ht" : "21:09:12", "s" : "101073", "st" : "99424", "snt" : "1649", "si" : "99424", "sni" : "0", "sa" : "99424", "sna" : "0", "pst" : "98,37", "psnt" : "1,63", "psi" : "98,37", "psni" : "0,00", "psa" : "100,00", "psna" : "0,00", "e" : "34684927", "ea" : "34104159", "ena" : "0", "esi" : "34104159", "esni" : "0", "c" : "26732487", "a" : "7371672", "pea" : "100,00", "pena" : "0,00", "pesi" : "98,33", "pesni" : "0,00", "pa" : "21,62", "pc" : "78,38", "munnr" : "9", "munpt" : "40", "munf" : "596", "pmunnr" : "1,40", "pmunpt" : "6,20", "pmunf" : "92,40" }, 
{ "and" : "P", "tpabr" : "BR", "cdabr" : "BR", "dt" : "02/10/2022", "ht" : "21:10:18", "s" : "472075", "st" : "452182", "snt" : "19893", "si" : "452135", "sni" : "47", "sa" : "452135", "sna" : "0", "pst" : "95,78", "psnt" : "4,22", "psi" : "95,77", "psni" : "4,23", "psa" : "100,00", "psna" : "0,00", "e" : "156454011", "ea" : "149808627", "ena" : "0", "esi" : "149808627", "esni" : "657", "c" : "118549498", "a" : "31259129", "pea" : "100,00", "pena" : "0,00", "pesi" : "95,75", "pesni" : "100,00", "pa" : "20,87", "pc" : "79,13", "ufsnr" : "0", "ufspt" : "25", "ufsf" : "3", "pufsnr" : "00,00", "pufspt" : "89,29", "pufsf" : "10,71" } ] }