
{ "ele" : "544", "t" : "1", "f" : "O", "dg" : "02/10/2022", "hg" : "20:25:10", "abr" : [ 
{ "and" : "P", "tpabr" : "UF", "cdabr" : "AM", "dt" : "02/10/2022", "ht" : "20:24:17", "s" : "7454", "st" : "6638", "snt" : "816", "si" : "6638", "sni" : "0", "sa" : "6638", "sna" : "0", "pst" : "89,05", "psnt" : "10,95", "psi" : "89,05", "psni" : "0,00", "psa" : "100,00", "psna" : "0,00", "e" : "2646924", "ea" : "2343194", "ena" : "0", "esi" : "2343194", "esni" : "0", "c" : "1882511", "a" : "460683", "pea" : "100,00", "pena" : "0,00", "pesi" : "88,53", "pesni" : "0,00", "pa" : "19,66", "pc" : "80,34", "munnr" : "0", "munpt" : "48", "munf" : "14", "pmunnr" : "00,00", "pmunpt" : "77,42", "pmunf" : "22,58" }, 
{ "and" : "P", "tpabr" : "UF", "cdabr" : "PE", "dt" : "02/10/2022", "ht" : "20:24:51", "s" : "20572", "st" : "15975", "snt" : "4597", "si" : "15975", "sni" : "0", "sa" : "15975", "sna" : "0", "pst" : "77,65", "psnt" : "22,35", "psi" : "77,65", "psni" : "0,00", "psa" : "100,00", "psna" : "0,00", "e" : "7015421", "ea" : "5403215", "ena" : "0", "esi" : "5403215", "esni" : "0", "c" : "4445721", "a" : "957494", "pea" : "100,00", "pena" : "0,00", "pesi" : "77,02", "pesni" : "0,00", "pa" : "17,72", "pc" : "82,28", "munnr" : "28", "munpt" : "124", "munf" : "33", "pmunnr" : "15,14", "pmunpt" : "67,03", "pmunf" : "17,84" }, 
{ "and" : "P", "tpabr" : "UF", "cdabr" : "RN", "dt" : "02/10/2022", "ht" : "20:24:33", "s" : "7674", "st" : "6756", "snt" : "918", "si" : "6756", "sni" : "0", "sa" : "6756", "sna" : "0", "pst" : "88,04", "psnt" : "11,96", "psi" : "88,04", "psni" : "0,00", "psa" : "100,00", "psna" : "0,00", "e" : "2554716", "ea" : "2224249", "ena" : "0", "esi" : "2224249", "esni" : "0", "c" : "1822146", "a" : "402103", "pea" : "100,00", "pena" : "0,00", "pesi" : "87,06", "pesni" : "0,00", "pa" : "18,08", "pc" : "81,92", "munnr" : "3", "munpt" : "64", "munf" : "100", "pmunnr" : "1,80", "pmunpt" : "38,32", "pmunf" : "59,88" }, 
{ "and" : "P", "tpabr" : "UF", "cdabr" : "MG", "dt" : "02/10/2022", "ht" : "20:24:21", "s" : "49981", "st" : "41617", "snt" : "8364", "si" : "41617", "sni" : "0", "sa" : "41617", "sna" : "0", "pst" : "83,27", "psnt" : "16,73", "psi" : "83,27", "psni" : "0,00", "psa" : "100,00", "psna" : "0,00", "e" : "16283828", "ea" : "13420893", "ena" : "0", "esi" : "13420893", "esni" : "0", "c" : "10445346", "a" : "2975547", "pea" : "100,00", "pena" : "0,00", "pesi" : "82,42", "pesni" : "0,00", "pa" : "22,17", "pc" : "77,83", "munnr" : "148", "munpt" : "211", "munf" : "494", "pmunnr" : "17,35", "pmunpt" : "24,74", "pmunf" : "57,91" }, 
{ "and" : "P", "tpabr" : "UF", "cdabr" : "RO", "dt" : "02/10/2022", "ht" : "20:24:24", "s" : "4198", "st" : "4052", "snt" : "146", "si" : "4052", "sni" : "0", "sa" : "4052", "sna" : "0", "pst" : "96,52", "psnt" : "3,48", "psi" : "96,52", "psni" : "0,00", "psa" : "100,00", "psna" : "0,00", "e" : "1229998", "ea" : "1178235", "ena" : "0", "esi" : "1178235", "esni" : "0", "c" : "889326", "a" : "288909", "pea" : "100,00", "pena" : "0,00", "pesi" : "95,79", "pesni" : "0,00", "pa" : "24,52", "pc" : "75,48", "munnr" : "0", "munpt" : "24", "munf" : "28", "pmunnr" : "00,00", "pmunpt" : "46,15", "pmunf" : "53,85" }, 
{ "and" : "P", "tpabr" : "UF", "cdabr" : "CE", "dt" : "02/10/2022", "ht" : "20:24:41", "s" : "22796", "st" : "18159", "snt" : "4637", "si" : "18159", "sni" : "0", "sa" : "18159", "sna" : "0", "pst" : "79,66", "psnt" : "20,34", "psi" : "79,66", "psni" : "0,00", "psa" : "100,00", "psna" : "0,00", "e" : "6818732", "ea" : "5481109", "ena" : "0", "esi" : "5481109", "esni" : "0", "c" : "4523762", "a" : "957347", "pea" : "100,00", "pena" : "0,00", "pesi" : "80,38", "pesni" : "0,00", "pa" : "17,47", "pc" : "82,53", "munnr" : "20", "munpt" : "135", "munf" : "29", "pmunnr" : "10,87", "pmunpt" : "73,37", "pmunf" : "15,76" }, 
{ "and" : "P", "tpabr" : "UF", "cdabr" : "GO", "dt" : "02/10/2022", "ht" : "20:23:57", "s" : "14620", "st" : "13911", "snt" : "709", "si" : "13911", "sni" : "0", "sa" : "13911", "sna" : "0", "pst" : "95,15", "psnt" : "4,85", "psi" : "95,15", "psni" : "0,00", "psa" : "100,00", "psna" : "0,00", "e" : "4870292", "ea" : "4629295", "ena" : "0", "esi" : "4629295", "esni" : "0", "c" : "3626921", "a" : "1002374", "pea" : "100,00", "pena" : "0,00", "pesi" : "95,05", "pesni" : "0,00", "pa" : "21,65", "pc" : "78,35", "munnr" : "20", "munpt" : "58", "munf" : "168", "pmunnr" : "8,13", "pmunpt" : "23,58", "pmunf" : "68,29" }, 
{ "and" : "P", "tpabr" : "UF", "cdabr" : "MS", "dt" : "02/10/2022", "ht" : "20:23:57", "s" : "6912", "st" : "6892", "snt" : "20", "si" : "6892", "sni" : "0", "sa" : "6892", "sna" : "0", "pst" : "99,71", "psnt" : "0,29", "psi" : "99,71", "psni" : "0,00", "psa" : "100,00", "psna" : "0,00", "e" : "1995932", "ea" : "1989824", "ena" : "0", "esi" : "1989824", "esni" : "0", "c" : "1550664", "a" : "439160", "pea" : "100,00", "pena" : "0,00", "pesi" : "99,69", "pesni" : "0,00", "pa" : "22,07", "pc" : "77,93", "munnr" : "0", "munpt" : "8", "munf" : "71", "pmunnr" : "00,00", "pmunpt" : "10,13", "pmunf" : "89,87" }, 
{ "and" : "P", "tpabr" : "UF", "cdabr" : "MT", "dt" : "02/10/2022", "ht" : "20:23:57", "s" : "7652", "st" : "7315", "snt" : "337", "si" : "7315", "sni" : "0", "sa" : "7315", "sna" : "0", "pst" : "95,60", "psnt" : "4,40", "psi" : "95,60", "psni" : "0,00", "psa" : "100,00", "psna" : "0,00", "e" : "2469604", "ea" : "2355764", "ena" : "0", "esi" : "2355764", "esni" : "0", "c" : "1807793", "a" : "547971", "pea" : "100,00", "pena" : "0,00", "pesi" : "95,39", "pesni" : "0,00", "pa" : "23,26", "pc" : "76,74", "munnr" : "4", "munpt" : "38", "munf" : "99", "pmunnr" : "2,84", "pmunpt" : "26,95", "pmunf" : "70,21" }, 
{ "and" : "P", "tpabr" : "UF", "cdabr" : "SE", "dt" : "02/10/2022", "ht" : "20:24:42", "s" : "5498", "st" : "5257", "snt" : "241", "si" : "5257", "sni" : "0", "sa" : "5257", "sna" : "0", "pst" : "95,62", "psnt" : "4,38", "psi" : "95,62", "psni" : "0,00", "psa" : "100,00", "psna" : "0,00", "e" : "1671376", "ea" : "1590119", "ena" : "0", "esi" : "1590119", "esni" : "0", "c" : "1299160", "a" : "290959", "pea" : "100,00", "pena" : "0,00", "pesi" : "95,14", "pesni" : "0,00", "pa" : "18,30", "pc" : "81,70", "munnr" : "2", "munpt" : "25", "munf" : "48", "pmunnr" : "2,67", "pmunpt" : "33,33", "pmunf" : "64,00" }, 
{ "and" : "P", "tpabr" : "UF", "cdabr" : "DF", "dt" : "02/10/2022", "ht" : "20:16:24", "s" : "6748", "st" : "6736", "snt" : "12", "si" : "6736", "sni" : "0", "sa" : "6736", "sna" : "0", "pst" : "99,82", "psnt" : "0,18", "psi" : "99,82", "psni" : "0,00", "psa" : "100,00", "psna" : "0,00", "e" : "2206996", "ea" : "2202593", "ena" : "0", "esi" : "2202593", "esni" : "0", "c" : "1816349", "a" : "386244", "pea" : "100,00", "pena" : "0,00", "pesi" : "99,80", "pesni" : "0,00", "pa" : "17,54", "pc" : "82,46", "munnr" : "0", "munpt" : "1", "munf" : "0", "pmunnr" : "00,00", "pmunpt" : "100,00", "pmunf" : "00,00" }, 
{ "and" : "P", "tpabr" : "UF", "cdabr" : "ES", "dt" : "02/10/2022", "ht" : "20:17:34", "s" : "9239", "st" : "9200", "snt" : "39", "si" : "9200", "sni" : "0", "sa" : "9200", "sna" : "0", "pst" : "99,58", "psnt" : "0,42", "psi" : "99,58", "psni" : "0,00", "psa" : "100,00", "psna" : "0,00", "e" : "2922379", "ea" : "2909140", "ena" : "0", "esi" : "2909140", "esni" : "0", "c" : "2305622", "a" : "603518", "pea" : "100,00", "pena" : "0,00", "pesi" : "99,55", "pesni" : "0,00", "pa" : "20,75", "pc" : "79,25", "munnr" : "0", "munpt" : "4", "munf" : "74", "pmunnr" : "00,00", "pmunpt" : "5,13", "pmunf" : "94,87" }, 
{ "and" : "P", "tpabr" : "UF", "cdabr" : "MA", "dt" : "02/10/2022", "ht" : "20:24:55", "s" : "16423", "st" : "9613", "snt" : "6810", "si" : "9613", "sni" : "0", "sa" : "9613", "sna" : "0", "pst" : "58,53", "psnt" : "41,47", "psi" : "58,53", "psni" : "0,00", "psa" : "100,00", "psna" : "0,00", "e" : "5039287", "ea" : "2958359", "ena" : "0", "esi" : "2958359", "esni" : "0", "c" : "2333090", "a" : "625269", "pea" : "100,00", "pena" : "0,00", "pesi" : "58,71", "pesni" : "0,00", "pa" : "21,14", "pc" : "78,86", "munnr" : "50", "munpt" : "154", "munf" : "13", "pmunnr" : "23,04", "pmunpt" : "70,97", "pmunf" : "5,99" }, 
{ "and" : "P", "tpabr" : "UF", "cdabr" : "PA", "dt" : "02/10/2022", "ht" : "20:24:50", "s" : "18235", "st" : "15180", "snt" : "3055", "si" : "15180", "sni" : "0", "sa" : "15180", "sna" : "0", "pst" : "83,25", "psnt" : "16,75", "psi" : "83,25", "psni" : "0,00", "psa" : "100,00", "psna" : "0,00", "e" : "6079280", "ea" : "5041880", "ena" : "0", "esi" : "5041880", "esni" : "0", "c" : "3973816", "a" : "1068064", "pea" : "100,00", "pena" : "0,00", "pesi" : "82,94", "pesni" : "0,00", "pa" : "21,18", "pc" : "78,82", "munnr" : "0", "munpt" : "131", "munf" : "13", "pmunnr" : "00,00", "pmunpt" : "90,97", "pmunf" : "9,03" }, 
{ "and" : "P", "tpabr" : "UF", "cdabr" : "PI", "dt" : "02/10/2022", "ht" : "20:24:32", "s" : "8963", "st" : "7349", "snt" : "1614", "si" : "7349", "sni" : "0", "sa" : "7349", "sna" : "0", "pst" : "81,99", "psnt" : "18,01", "psi" : "81,99", "psni" : "0,00", "psa" : "100,00", "psna" : "0,00", "e" : "2570433", "ea" : "2086598", "ena" : "0", "esi" : "2086598", "esni" : "0", "c" : "1717709", "a" : "368889", "pea" : "100,00", "pena" : "0,00", "pesi" : "81,18", "pesni" : "0,00", "pa" : "17,68", "pc" : "82,32", "munnr" : "12", "munpt" : "160", "munf" : "52", "pmunnr" : "5,36", "pmunpt" : "71,43", "pmunf" : "23,21" }, 
{ "and" : "P", "tpabr" : "UF", "cdabr" : "RS", "dt" : "02/10/2022", "ht" : "20:24:03", "s" : "27201", "st" : "26299", "snt" : "902", "si" : "26299", "sni" : "0", "sa" : "26299", "sna" : "0", "pst" : "96,68", "psnt" : "3,32", "psi" : "96,68", "psni" : "0,00", "psa" : "100,00", "psna" : "0,00", "e" : "8589432", "ea" : "8306107", "ena" : "0", "esi" : "8306107", "esni" : "0", "c" : "6662048", "a" : "1644059", "pea" : "100,00", "pena" : "0,00", "pesi" : "96,70", "pesni" : "0,00", "pa" : "19,79", "pc" : "80,21", "munnr" : "19", "munpt" : "57", "munf" : "421", "pmunnr" : "3,82", "pmunpt" : "11,47", "pmunf" : "84,71" }, 
{ "and" : "P", "tpabr" : "UF", "cdabr" : "AC", "dt" : "02/10/2022", "ht" : "20:23:56", "s" : "2124", "st" : "2049", "snt" : "75", "si" : "2049", "sni" : "0", "sa" : "2049", "sna" : "0", "pst" : "96,47", "psnt" : "3,53", "psi" : "96,47", "psni" : "0,00", "psa" : "100,00", "psna" : "0,00", "e" : "587738", "ea" : "566744", "ena" : "0", "esi" : "566744", "esni" : "0", "c" : "440124", "a" : "126620", "pea" : "100,00", "pena" : "0,00", "pesi" : "96,43", "pesni" : "0,00", "pa" : "22,34", "pc" : "77,66", "munnr" : "0", "munpt" : "13", "munf" : "9", "pmunnr" : "00,00", "pmunpt" : "59,09", "pmunf" : "40,91" }, 
{ "and" : "P", "tpabr" : "UF", "cdabr" : "PR", "dt" : "02/10/2022", "ht" : "20:24:03", "s" : "25721", "st" : "25338", "snt" : "383", "si" : "25338", "sni" : "0", "sa" : "25338", "sna" : "0", "pst" : "98,51", "psnt" : "1,49", "psi" : "98,51", "psni" : "0,00", "psa" : "100,00", "psna" : "0,00", "e" : "8480435", "ea" : "8350683", "ena" : "0", "esi" : "8350683", "esni" : "0", "c" : "6726665", "a" : "1624018", "pea" : "100,00", "pena" : "0,00", "pesi" : "98,47", "pesni" : "0,00", "pa" : "19,45", "pc" : "80,55", "munnr" : "3", "munpt" : "73", "munf" : "323", "pmunnr" : "0,75", "pmunpt" : "18,30", "pmunf" : "80,95" }, 
{ "and" : "P", "tpabr" : "UF", "cdabr" : "SC", "dt" : "02/10/2022", "ht" : "20:24:47", "s" : "16242", "st" : "15137", "snt" : "1105", "si" : "15137", "sni" : "0", "sa" : "15137", "sna" : "0", "pst" : "93,20", "psnt" : "6,80", "psi" : "93,20", "psni" : "0,00", "psa" : "100,00", "psna" : "0,00", "e" : "5501478", "ea" : "5112208", "ena" : "0", "esi" : "5112208", "esni" : "0", "c" : "4173748", "a" : "938460", "pea" : "100,00", "pena" : "0,00", "pesi" : "92,92", "pesni" : "0,00", "pa" : "18,36", "pc" : "81,64", "munnr" : "9", "munpt" : "75", "munf" : "211", "pmunnr" : "3,05", "pmunpt" : "25,42", "pmunf" : "71,53" }, 
{ "and" : "P", "tpabr" : "UF", "cdabr" : "TO", "dt" : "02/10/2022", "ht" : "20:24:07", "s" : "3957", "st" : "3894", "snt" : "63", "si" : "3894", "sni" : "0", "sa" : "3894", "sna" : "0", "pst" : "98,41", "psnt" : "1,59", "psi" : "98,41", "psni" : "0,00", "psa" : "100,00", "psna" : "0,00", "e" : "1094346", "ea" : "1075044", "ena" : "0", "esi" : "1075044", "esni" : "0", "c" : "875874", "a" : "199170", "pea" : "100,00", "pena" : "0,00", "pesi" : "98,24", "pesni" : "0,00", "pa" : "18,53", "pc" : "81,47", "munnr" : "0", "munpt" : "17", "munf" : "122", "pmunnr" : "00,00", "pmunpt" : "12,23", "pmunf" : "87,77" }, 
{ "and" : "P", "tpabr" : "UF", "cdabr" : "AL", "dt" : "02/10/2022", "ht" : "20:24:47", "s" : "6626", "st" : "3264", "snt" : "3362", "si" : "3264", "sni" : "0", "sa" : "3264", "sna" : "0", "pst" : "49,26", "psnt" : "50,74", "psi" : "49,26", "psni" : "0,00", "psa" : "100,00", "psna" : "0,00", "e" : "2326491", "ea" : "1080270", "ena" : "0", "esi" : "1080270", "esni" : "0", "c" : "843744", "a" : "236526", "pea" : "100,00", "pena" : "0,00", "pesi" : "46,43", "pesni" : "0,00", "pa" : "21,90", "pc" : "78,10", "munnr" : "38", "munpt" : "49", "munf" : "15", "pmunnr" : "37,25", "pmunpt" : "48,04", "pmunf" : "14,71" }, 
{ "and" : "P", "tpabr" : "UF", "cdabr" : "BA", "dt" : "02/10/2022", "ht" : "20:24:47", "s" : "34424", "st" : "24474", "snt" : "9950", "si" : "24474", "sni" : "0", "sa" : "24474", "sna" : "0", "pst" : "71,10", "psnt" : "28,90", "psi" : "71,10", "psni" : "0,00", "psa" : "100,00", "psna" : "0,00", "e" : "11283405", "ea" : "7876682", "ena" : "0", "esi" : "7876682", "esni" : "0", "c" : "6203208", "a" : "1673474", "pea" : "100,00", "pena" : "0,00", "pesi" : "69,81", "pesni" : "0,00", "pa" : "21,25", "pc" : "78,75", "munnr" : "28", "munpt" : "309", "munf" : "80", "pmunnr" : "6,71", "pmunpt" : "74,10", "pmunf" : "19,18" }, 
{ "and" : "P", "tpabr" : "UF", "cdabr" : "PB", "dt" : "02/10/2022", "ht" : "20:23:57", "s" : "9602", "st" : "8895", "snt" : "707", "si" : "8895", "sni" : "0", "sa" : "8895", "sna" : "0", "pst" : "92,64", "psnt" : "7,36", "psi" : "92,64", "psni" : "0,00", "psa" : "100,00", "psna" : "0,00", "e" : "3092053", "ea" : "2862622", "ena" : "0", "esi" : "2862622", "esni" : "0", "c" : "2372575", "a" : "490047", "pea" : "100,00", "pena" : "0,00", "pesi" : "92,58", "pesni" : "0,00", "pa" : "17,12", "pc" : "82,88", "munnr" : "17", "munpt" : "53", "munf" : "153", "pmunnr" : "7,62", "pmunpt" : "23,77", "pmunf" : "68,61" }, 
{ "and" : "P", "tpabr" : "UF", "cdabr" : "AP", "dt" : "02/10/2022", "ht" : "20:23:55", "s" : "1740", "st" : "1660", "snt" : "80", "si" : "1660", "sni" : "0", "sa" : "1660", "sna" : "0", "pst" : "95,40", "psnt" : "4,60", "psi" : "95,40", "psni" : "0,00", "psa" : "100,00", "psna" : "0,00", "e" : "550165", "ea" : "523606", "ena" : "0", "esi" : "523606", "esni" : "0", "c" : "420880", "a" : "102726", "pea" : "100,00", "pena" : "0,00", "pesi" : "95,17", "pesni" : "0,00", "pa" : "19,62", "pc" : "80,38", "munnr" : "1", "munpt" : "8", "munf" : "7", "pmunnr" : "6,25", "pmunpt" : "50,00", "pmunf" : "43,75" }, 
{ "and" : "P", "tpabr" : "UF", "cdabr" : "RJ", "dt" : "02/10/2022", "ht" : "20:24:10", "s" : "34068", "st" : "27136", "snt" : "6932", "si" : "27136", "sni" : "0", "sa" : "27136", "sna" : "0", "pst" : "79,65", "psnt" : "20,35", "psi" : "79,65", "psni" : "0,00", "psa" : "100,00", "psna" : "0,00", "e" : "12826356", "ea" : "10048981", "ena" : "0", "esi" : "10048981", "esni" : "0", "c" : "7760540", "a" : "2288441", "pea" : "100,00", "pena" : "0,00", "pesi" : "78,35", "pesni" : "0,00", "pa" : "22,77", "pc" : "77,23", "munnr" : "4", "munpt" : "64", "munf" : "24", "pmunnr" : "4,35", "pmunpt" : "69,57", "pmunf" : "26,09" }, 
{ "and" : "P", "tpabr" : "UF", "cdabr" : "RR", "dt" : "02/10/2022", "ht" : "20:22:48", "s" : "1268", "st" : "1258", "snt" : "10", "si" : "1258", "sni" : "0", "sa" : "1258", "sna" : "0", "pst" : "99,21", "psnt" : "0,79", "psi" : "99,21", "psni" : "0,00", "psa" : "100,00", "psna" : "0,00", "e" : "366632", "ea" : "363363", "ena" : "0", "esi" : "363363", "esni" : "0", "c" : "302637", "a" : "60726", "pea" : "100,00", "pena" : "0,00", "pesi" : "99,11", "pesni" : "0,00", "pa" : "16,71", "pc" : "83,29", "munnr" : "0", "munpt" : "6", "munf" : "9", "pmunnr" : "00,00", "pmunpt" : "40,00", "pmunf" : "60,00" }, 
{ "and" : "P", "tpabr" : "UF", "cdabr" : "ZZ", "dt" : "02/10/2022", "ht" : "20:22:50", "s" : "1064", "st" : "778", "snt" : "286", "si" : "749", "sni" : "29", "sa" : "749", "sna" : "0", "pst" : "73,12", "psnt" : "26,88", "psi" : "70,39", "psni" : "29,61", "psa" : "100,00", "psna" : "0,00", "e" : "695355", "ea" : "524031", "ena" : "0", "esi" : "524031", "esni" : "463", "c" : "233390", "a" : "290641", "pea" : "100,00", "pena" : "0,00", "pesi" : "75,36", "pesni" : "99,93", "pa" : "55,46", "pc" : "44,54", "munnr" : "61", "munpt" : "23", "munf" : "97", "pmunnr" : "33,70", "pmunpt" : "12,71", "pmunf" : "53,59" }, 
{ "and" : "P", "tpabr" : "UF", "cdabr" : "SP", "dt" : "02/10/2022", "ht" : "20:24:07", "s" : "101073", "st" : "92051", "snt" : "9022", "si" : "92051", "sni" : "0", "sa" : "92051", "sna" : "0", "pst" : "91,07", "psnt" : "8,93", "psi" : "91,07", "psni" : "0,00", "psa" : "100,00", "psna" : "0,00", "e" : "34684927", "ea" : "31447661", "ena" : "0", "esi" : "31447661", "esni" : "0", "c" : "24629832", "a" : "6817829", "pea" : "100,00", "pena" : "0,00", "pesi" : "90,67", "pesni" : "0,00", "pa" : "21,68", "pc" : "78,32", "munnr" : "25", "munpt" : "105", "munf" : "515", "pmunnr" : "3,88", "pmunpt" : "16,28", "pmunf" : "79,84" }, 
{ "and" : "P", "tpabr" : "BR", "cdabr" : "BR", "dt" : "02/10/2022", "ht" : "20:24:55", "s" : "472075", "st" : "406883", "snt" : "65192", "si" : "406854", "sni" : "29", "sa" : "406854", "sna" : "0", "pst" : "86,19", "psnt" : "13,81", "psi" : "86,18", "psni" : "13,82", "psa" : "100,00", "psna" : "0,00", "e" : "156454011", "ea" : "133952469", "ena" : "0", "esi" : "133952469", "esni" : "463", "c" : "106085201", "a" : "27867268", "pea" : "100,00", "pena" : "0,00", "pesi" : "85,61", "pesni" : "100,00", "pa" : "20,81", "pc" : "79,19", "ufsnr" : "0", "ufspt" : "28", "ufsf" : "0", "pufsnr" : "00,00", "pufspt" : "100,00", "pufsf" : "00,00" } ] }