
{ "ele" : "544", "t" : "1", "f" : "O", "dg" : "03/10/2022", "hg" : "00:23:58", "abr" : [ 
{ "and" : "P", "tpabr" : "UF", "cdabr" : "AM", "dt" : "03/10/2022", "ht" : "00:23:35", "s" : "7454", "st" : "7431", "snt" : "23", "si" : "7430", "sni" : "1", "sa" : "7430", "sna" : "0", "pst" : "99,69", "psnt" : "0,31", "psi" : "99,68", "psni" : "0,32", "psa" : "100,00", "psna" : "0,00", "e" : "2646924", "ea" : "2638165", "ena" : "0", "esi" : "2638165", "esni" : "84", "c" : "2106886", "a" : "531279", "pea" : "100,00", "pena" : "0,00", "pesi" : "99,67", "pesni" : "100,00", "pa" : "20,14", "pc" : "79,86", "munnr" : "0", "munpt" : "9", "munf" : "53", "pmunnr" : "00,00", "pmunpt" : "14,52", "pmunf" : "85,48" }, 
{ "and" : "P", "tpabr" : "UF", "cdabr" : "PE", "dt" : "02/10/2022", "ht" : "23:56:25", "s" : "20572", "st" : "20571", "snt" : "1", "si" : "20571", "sni" : "0", "sa" : "20571", "sna" : "0", "pst" : "100,00", "psnt" : "0,00", "psi" : "100,00", "psni" : "0,00", "psa" : "100,00", "psna" : "0,00", "e" : "7015421", "ea" : "7015030", "ena" : "0", "esi" : "7015030", "esni" : "0", "c" : "5738117", "a" : "1276913", "pea" : "100,00", "pena" : "0,00", "pesi" : "99,99", "pesni" : "0,00", "pa" : "18,20", "pc" : "81,80", "munnr" : "0", "munpt" : "1", "munf" : "184", "pmunnr" : "00,00", "pmunpt" : "0,54", "pmunf" : "99,46" }, 
{ "and" : "P", "tpabr" : "UF", "cdabr" : "RN", "dt" : "03/10/2022", "ht" : "00:10:31", "s" : "7674", "st" : "7673", "snt" : "1", "si" : "7673", "sni" : "0", "sa" : "7673", "sna" : "0", "pst" : "99,99", "psnt" : "0,01", "psi" : "99,99", "psni" : "0,00", "psa" : "100,00", "psna" : "0,00", "e" : "2554716", "ea" : "2554480", "ena" : "0", "esi" : "2554480", "esni" : "0", "c" : "2090549", "a" : "463931", "pea" : "100,00", "pena" : "0,00", "pesi" : "99,99", "pesni" : "0,00", "pa" : "18,16", "pc" : "81,84", "munnr" : "0", "munpt" : "1", "munf" : "166", "pmunnr" : "00,00", "pmunpt" : "0,60", "pmunf" : "99,40" }, 
{ "and" : "F", "tpabr" : "UF", "cdabr" : "MG", "dt" : "03/10/2022", "ht" : "00:20:19", "s" : "49981", "st" : "49981", "snt" : "0", "si" : "49981", "sni" : "0", "sa" : "49981", "sna" : "0", "pst" : "100,00", "psnt" : "0,00", "psi" : "100,00", "psni" : "0,00", "psa" : "100,00", "psna" : "0,00", "e" : "16283828", "ea" : "16283828", "ena" : "0", "esi" : "16283828", "esni" : "0", "c" : "12655228", "a" : "3628600", "pea" : "100,00", "pena" : "0,00", "pesi" : "100,00", "pesni" : "0,00", "pa" : "22,28", "pc" : "77,72", "munnr" : "0", "munpt" : "0", "munf" : "853", "pmunnr" : "00,00", "pmunpt" : "00,00", "pmunf" : "100,00" }, 
{ "and" : "F", "tpabr" : "UF", "cdabr" : "RO", "dt" : "03/10/2022", "ht" : "00:21:25", "s" : "4198", "st" : "4198", "snt" : "0", "si" : "4198", "sni" : "0", "sa" : "4198", "sna" : "0", "pst" : "100,00", "psnt" : "0,00", "psi" : "100,00", "psni" : "0,00", "psa" : "100,00", "psna" : "0,00", "e" : "1229998", "ea" : "1229998", "ena" : "0", "esi" : "1229998", "esni" : "0", "c" : "926827", "a" : "303171", "pea" : "100,00", "pena" : "0,00", "pesi" : "100,00", "pesni" : "0,00", "pa" : "24,65", "pc" : "75,35", "munnr" : "0", "munpt" : "0", "munf" : "52", "pmunnr" : "00,00", "pmunpt" : "00,00", "pmunf" : "100,00" }, 
{ "and" : "P", "tpabr" : "UF", "cdabr" : "CE", "dt" : "03/10/2022", "ht" : "00:14:52", "s" : "22796", "st" : "22787", "snt" : "9", "si" : "22787", "sni" : "0", "sa" : "22787", "sna" : "0", "pst" : "99,96", "psnt" : "0,04", "psi" : "99,96", "psni" : "0,00", "psa" : "100,00", "psna" : "0,00", "e" : "6818732", "ea" : "6816318", "ena" : "0", "esi" : "6816318", "esni" : "0", "c" : "5626686", "a" : "1189632", "pea" : "100,00", "pena" : "0,00", "pesi" : "99,96", "pesni" : "0,00", "pa" : "17,45", "pc" : "82,55", "munnr" : "0", "munpt" : "2", "munf" : "182", "pmunnr" : "00,00", "pmunpt" : "1,09", "pmunf" : "98,91" }, 
{ "and" : "F", "tpabr" : "UF", "cdabr" : "GO", "dt" : "02/10/2022", "ht" : "22:47:50", "s" : "14620", "st" : "14620", "snt" : "0", "si" : "14620", "sni" : "0", "sa" : "14620", "sna" : "0", "pst" : "100,00", "psnt" : "0,00", "psi" : "100,00", "psni" : "0,00", "psa" : "100,00", "psna" : "0,00", "e" : "4870292", "ea" : "4870292", "ena" : "0", "esi" : "4870292", "esni" : "0", "c" : "3812597", "a" : "1057695", "pea" : "100,00", "pena" : "0,00", "pesi" : "100,00", "pesni" : "0,00", "pa" : "21,72", "pc" : "78,28", "munnr" : "0", "munpt" : "0", "munf" : "246", "pmunnr" : "00,00", "pmunpt" : "00,00", "pmunf" : "100,00" }, 
{ "and" : "F", "tpabr" : "UF", "cdabr" : "MS", "dt" : "02/10/2022", "ht" : "22:26:59", "s" : "6912", "st" : "6912", "snt" : "0", "si" : "6912", "sni" : "0", "sa" : "6912", "sna" : "0", "pst" : "100,00", "psnt" : "0,00", "psi" : "100,00", "psni" : "0,00", "psa" : "100,00", "psna" : "0,00", "e" : "1995932", "ea" : "1995932", "ena" : "0", "esi" : "1995932", "esni" : "0", "c" : "1555149", "a" : "440783", "pea" : "100,00", "pena" : "0,00", "pesi" : "100,00", "pesni" : "0,00", "pa" : "22,08", "pc" : "77,92", "munnr" : "0", "munpt" : "0", "munf" : "79", "pmunnr" : "00,00", "pmunpt" : "00,00", "pmunf" : "100,00" }, 
{ "and" : "F", "tpabr" : "UF", "cdabr" : "MT", "dt" : "02/10/2022", "ht" : "23:45:33", "s" : "7652", "st" : "7652", "snt" : "0", "si" : "7652", "sni" : "0", "sa" : "7652", "sna" : "0", "pst" : "100,00", "psnt" : "0,00", "psi" : "100,00", "psni" : "0,00", "psa" : "100,00", "psna" : "0,00", "e" : "2469604", "ea" : "2469604", "ena" : "0", "esi" : "2469604", "esni" : "0", "c" : "1892180", "a" : "577424", "pea" : "100,00", "pena" : "0,00", "pesi" : "100,00", "pesni" : "0,00", "pa" : "23,38", "pc" : "76,62", "munnr" : "0", "munpt" : "0", "munf" : "141", "pmunnr" : "00,00", "pmunpt" : "00,00", "pmunf" : "100,00" }, 
{ "and" : "F", "tpabr" : "UF", "cdabr" : "SE", "dt" : "02/10/2022", "ht" : "22:52:14", "s" : "5498", "st" : "5498", "snt" : "0", "si" : "5498", "sni" : "0", "sa" : "5498", "sna" : "0", "pst" : "100,00", "psnt" : "0,00", "psi" : "100,00", "psni" : "0,00", "psa" : "100,00", "psna" : "0,00", "e" : "1671376", "ea" : "1671376", "ena" : "0", "esi" : "1671376", "esni" : "0", "c" : "1364724", "a" : "306652", "pea" : "100,00", "pena" : "0,00", "pesi" : "100,00", "pesni" : "0,00", "pa" : "18,35", "pc" : "81,65", "munnr" : "0", "munpt" : "0", "munf" : "75", "pmunnr" : "00,00", "pmunpt" : "00,00", "pmunf" : "100,00" }, 
{ "and" : "F", "tpabr" : "UF", "cdabr" : "DF", "dt" : "02/10/2022", "ht" : "20:36:59", "s" : "6748", "st" : "6748", "snt" : "0", "si" : "6748", "sni" : "0", "sa" : "6748", "sna" : "0", "pst" : "100,00", "psnt" : "0,00", "psi" : "100,00", "psni" : "0,00", "psa" : "100,00", "psna" : "0,00", "e" : "2206996", "ea" : "2206996", "ena" : "0", "esi" : "2206996", "esni" : "0", "c" : "1819900", "a" : "387096", "pea" : "100,00", "pena" : "0,00", "pesi" : "100,00", "pesni" : "0,00", "pa" : "17,54", "pc" : "82,46", "munnr" : "0", "munpt" : "0", "munf" : "1", "pmunnr" : "00,00", "pmunpt" : "00,00", "pmunf" : "100,00" }, 
{ "and" : "F", "tpabr" : "UF", "cdabr" : "ES", "dt" : "02/10/2022", "ht" : "20:41:59", "s" : "9239", "st" : "9239", "snt" : "0", "si" : "9239", "sni" : "0", "sa" : "9239", "sna" : "0", "pst" : "100,00", "psnt" : "0,00", "psi" : "100,00", "psni" : "0,00", "psa" : "100,00", "psna" : "0,00", "e" : "2922379", "ea" : "2922379", "ena" : "0", "esi" : "2922379", "esni" : "0", "c" : "2315889", "a" : "606490", "pea" : "100,00", "pena" : "0,00", "pesi" : "100,00", "pesni" : "0,00", "pa" : "20,75", "pc" : "79,25", "munnr" : "0", "munpt" : "0", "munf" : "78", "pmunnr" : "00,00", "pmunpt" : "00,00", "pmunf" : "100,00" }, 
{ "and" : "P", "tpabr" : "UF", "cdabr" : "MA", "dt" : "03/10/2022", "ht" : "00:21:24", "s" : "16423", "st" : "16330", "snt" : "93", "si" : "16330", "sni" : "0", "sa" : "16330", "sna" : "0", "pst" : "99,43", "psnt" : "0,57", "psi" : "99,43", "psni" : "0,00", "psa" : "100,00", "psna" : "0,00", "e" : "5039287", "ea" : "5010300", "ena" : "0", "esi" : "5010300", "esni" : "0", "c" : "3897916", "a" : "1112384", "pea" : "100,00", "pena" : "0,00", "pesi" : "99,42", "pesni" : "0,00", "pa" : "22,20", "pc" : "77,80", "munnr" : "0", "munpt" : "23", "munf" : "194", "pmunnr" : "00,00", "pmunpt" : "10,60", "pmunf" : "89,40" }, 
{ "and" : "P", "tpabr" : "UF", "cdabr" : "PA", "dt" : "03/10/2022", "ht" : "00:21:25", "s" : "18235", "st" : "18226", "snt" : "9", "si" : "18226", "sni" : "0", "sa" : "18226", "sna" : "0", "pst" : "99,95", "psnt" : "0,05", "psi" : "99,95", "psni" : "0,00", "psa" : "100,00", "psna" : "0,00", "e" : "6079280", "ea" : "6076232", "ena" : "0", "esi" : "6076232", "esni" : "0", "c" : "4786901", "a" : "1289331", "pea" : "100,00", "pena" : "0,00", "pesi" : "99,95", "pesni" : "0,00", "pa" : "21,22", "pc" : "78,78", "munnr" : "0", "munpt" : "3", "munf" : "141", "pmunnr" : "00,00", "pmunpt" : "2,08", "pmunf" : "97,92" }, 
{ "and" : "P", "tpabr" : "UF", "cdabr" : "PI", "dt" : "03/10/2022", "ht" : "00:21:25", "s" : "8963", "st" : "8948", "snt" : "15", "si" : "8948", "sni" : "0", "sa" : "8948", "sna" : "0", "pst" : "99,83", "psnt" : "0,17", "psi" : "99,83", "psni" : "0,00", "psa" : "100,00", "psna" : "0,00", "e" : "2570433", "ea" : "2566319", "ena" : "0", "esi" : "2566319", "esni" : "0", "c" : "2112148", "a" : "454171", "pea" : "100,00", "pena" : "0,00", "pesi" : "99,84", "pesni" : "0,00", "pa" : "17,70", "pc" : "82,30", "munnr" : "0", "munpt" : "8", "munf" : "216", "pmunnr" : "00,00", "pmunpt" : "3,57", "pmunf" : "96,43" }, 
{ "and" : "F", "tpabr" : "UF", "cdabr" : "RS", "dt" : "02/10/2022", "ht" : "22:25:55", "s" : "27201", "st" : "27201", "snt" : "0", "si" : "27201", "sni" : "0", "sa" : "27201", "sna" : "0", "pst" : "100,00", "psnt" : "0,00", "psi" : "100,00", "psni" : "0,00", "psa" : "100,00", "psna" : "0,00", "e" : "8589432", "ea" : "8589432", "ena" : "0", "esi" : "8589432", "esni" : "0", "c" : "6890016", "a" : "1699416", "pea" : "100,00", "pena" : "0,00", "pesi" : "100,00", "pesni" : "0,00", "pa" : "19,78", "pc" : "80,22", "munnr" : "0", "munpt" : "0", "munf" : "497", "pmunnr" : "00,00", "pmunpt" : "00,00", "pmunf" : "100,00" }, 
{ "and" : "F", "tpabr" : "UF", "cdabr" : "AC", "dt" : "02/10/2022", "ht" : "23:19:27", "s" : "2124", "st" : "2124", "snt" : "0", "si" : "2124", "sni" : "0", "sa" : "2124", "sna" : "0", "pst" : "100,00", "psnt" : "0,00", "psi" : "100,00", "psni" : "0,00", "psa" : "100,00", "psna" : "0,00", "e" : "587738", "ea" : "587738", "ena" : "0", "esi" : "587738", "esni" : "0", "c" : "455903", "a" : "131835", "pea" : "100,00", "pena" : "0,00", "pesi" : "100,00", "pesni" : "0,00", "pa" : "22,43", "pc" : "77,57", "munnr" : "0", "munpt" : "0", "munf" : "22", "pmunnr" : "00,00", "pmunpt" : "00,00", "pmunf" : "100,00" }, 
{ "and" : "P", "tpabr" : "UF", "cdabr" : "PR", "dt" : "02/10/2022", "ht" : "22:34:41", "s" : "25721", "st" : "25720", "snt" : "1", "si" : "25720", "sni" : "0", "sa" : "25720", "sna" : "0", "pst" : "100,00", "psnt" : "0,00", "psi" : "100,00", "psni" : "0,00", "psa" : "100,00", "psna" : "0,00", "e" : "8480435", "ea" : "8480049", "ena" : "0", "esi" : "8480049", "esni" : "0", "c" : "6828284", "a" : "1651765", "pea" : "100,00", "pena" : "0,00", "pesi" : "100,00", "pesni" : "0,00", "pa" : "19,48", "pc" : "80,52", "munnr" : "0", "munpt" : "1", "munf" : "398", "pmunnr" : "00,00", "pmunpt" : "0,25", "pmunf" : "99,75" }, 
{ "and" : "F", "tpabr" : "UF", "cdabr" : "SC", "dt" : "02/10/2022", "ht" : "22:34:42", "s" : "16242", "st" : "16242", "snt" : "0", "si" : "16242", "sni" : "0", "sa" : "16242", "sna" : "0", "pst" : "100,00", "psnt" : "0,00", "psi" : "100,00", "psni" : "0,00", "psa" : "100,00", "psna" : "0,00", "e" : "5501478", "ea" : "5501478", "ena" : "0", "esi" : "5501478", "esni" : "0", "c" : "4487474", "a" : "1014004", "pea" : "100,00", "pena" : "0,00", "pesi" : "100,00", "pesni" : "0,00", "pa" : "18,43", "pc" : "81,57", "munnr" : "0", "munpt" : "0", "munf" : "295", "pmunnr" : "00,00", "pmunpt" : "00,00", "pmunf" : "100,00" }, 
{ "and" : "F", "tpabr" : "UF", "cdabr" : "TO", "dt" : "02/10/2022", "ht" : "21:48:58", "s" : "3957", "st" : "3957", "snt" : "0", "si" : "3957", "sni" : "0", "sa" : "3957", "sna" : "0", "pst" : "100,00", "psnt" : "0,00", "psi" : "100,00", "psni" : "0,00", "psa" : "100,00", "psna" : "0,00", "e" : "1094346", "ea" : "1094346", "ena" : "0", "esi" : "1094346", "esni" : "0", "c" : "891449", "a" : "202897", "pea" : "100,00", "pena" : "0,00", "pesi" : "100,00", "pesni" : "0,00", "pa" : "18,54", "pc" : "81,46", "munnr" : "0", "munpt" : "0", "munf" : "139", "pmunnr" : "00,00", "pmunpt" : "00,00", "pmunf" : "100,00" }, 
{ "and" : "F", "tpabr" : "UF", "cdabr" : "AL", "dt" : "02/10/2022", "ht" : "23:07:29", "s" : "6626", "st" : "6626", "snt" : "0", "si" : "6626", "sni" : "0", "sa" : "6626", "sna" : "0", "pst" : "100,00", "psnt" : "0,00", "psi" : "100,00", "psni" : "0,00", "psa" : "100,00", "psna" : "0,00", "e" : "2326491", "ea" : "2326491", "ena" : "0", "esi" : "2326491", "esni" : "0", "c" : "1805971", "a" : "520520", "pea" : "100,00", "pena" : "0,00", "pesi" : "100,00", "pesni" : "0,00", "pa" : "22,37", "pc" : "77,63", "munnr" : "0", "munpt" : "0", "munf" : "102", "pmunnr" : "00,00", "pmunpt" : "00,00", "pmunf" : "100,00" }, 
{ "and" : "P", "tpabr" : "UF", "cdabr" : "BA", "dt" : "03/10/2022", "ht" : "00:21:24", "s" : "34424", "st" : "34331", "snt" : "93", "si" : "34331", "sni" : "0", "sa" : "34331", "sna" : "0", "pst" : "99,73", "psnt" : "0,27", "psi" : "99,73", "psni" : "0,00", "psa" : "100,00", "psna" : "0,00", "e" : "11283405", "ea" : "11253662", "ena" : "0", "esi" : "11253662", "esni" : "0", "c" : "8852459", "a" : "2401203", "pea" : "100,00", "pena" : "0,00", "pesi" : "99,74", "pesni" : "0,00", "pa" : "21,34", "pc" : "78,66", "munnr" : "0", "munpt" : "21", "munf" : "396", "pmunnr" : "00,00", "pmunpt" : "5,04", "pmunf" : "94,96" }, 
{ "and" : "F", "tpabr" : "UF", "cdabr" : "PB", "dt" : "02/10/2022", "ht" : "23:07:30", "s" : "9602", "st" : "9602", "snt" : "0", "si" : "9602", "sni" : "0", "sa" : "9602", "sna" : "0", "pst" : "100,00", "psnt" : "0,00", "psi" : "100,00", "psni" : "0,00", "psa" : "100,00", "psna" : "0,00", "e" : "3092053", "ea" : "3092053", "ena" : "0", "esi" : "3092053", "esni" : "0", "c" : "2557479", "a" : "534574", "pea" : "100,00", "pena" : "0,00", "pesi" : "100,00", "pesni" : "0,00", "pa" : "17,29", "pc" : "82,71", "munnr" : "0", "munpt" : "0", "munf" : "223", "pmunnr" : "00,00", "pmunpt" : "00,00", "pmunf" : "100,00" }, 
{ "and" : "F", "tpabr" : "UF", "cdabr" : "AP", "dt" : "02/10/2022", "ht" : "23:14:00", "s" : "1740", "st" : "1740", "snt" : "0", "si" : "1740", "sni" : "0", "sa" : "1740", "sna" : "0", "pst" : "100,00", "psnt" : "0,00", "psi" : "100,00", "psni" : "0,00", "psa" : "100,00", "psna" : "0,00", "e" : "550165", "ea" : "550165", "ena" : "0", "esi" : "550165", "esni" : "0", "c" : "442842", "a" : "107323", "pea" : "100,00", "pena" : "0,00", "pesi" : "100,00", "pesni" : "0,00", "pa" : "19,51", "pc" : "80,49", "munnr" : "0", "munpt" : "0", "munf" : "16", "pmunnr" : "00,00", "pmunpt" : "00,00", "pmunf" : "100,00" }, 
{ "and" : "F", "tpabr" : "UF", "cdabr" : "RJ", "dt" : "03/10/2022", "ht" : "00:19:15", "s" : "34068", "st" : "34068", "snt" : "0", "si" : "34068", "sni" : "0", "sa" : "34068", "sna" : "0", "pst" : "100,00", "psnt" : "0,00", "psi" : "100,00", "psni" : "0,00", "psa" : "100,00", "psna" : "0,00", "e" : "12826356", "ea" : "12826356", "ena" : "0", "esi" : "12826356", "esni" : "0", "c" : "9909463", "a" : "2916893", "pea" : "100,00", "pena" : "0,00", "pesi" : "100,00", "pesni" : "0,00", "pa" : "22,74", "pc" : "77,26", "munnr" : "0", "munpt" : "0", "munf" : "92", "pmunnr" : "00,00", "pmunpt" : "00,00", "pmunf" : "100,00" }, 
{ "and" : "F", "tpabr" : "UF", "cdabr" : "RR", "dt" : "02/10/2022", "ht" : "21:07:58", "s" : "1268", "st" : "1268", "snt" : "0", "si" : "1268", "sni" : "0", "sa" : "1268", "sna" : "0", "pst" : "100,00", "psnt" : "0,00", "psi" : "100,00", "psni" : "0,00", "psa" : "100,00", "psna" : "0,00", "e" : "366632", "ea" : "366632", "ena" : "0", "esi" : "366632", "esni" : "0", "c" : "305404", "a" : "61228", "pea" : "100,00", "pena" : "0,00", "pesi" : "100,00", "pesni" : "0,00", "pa" : "16,70", "pc" : "83,30", "munnr" : "0", "munpt" : "0", "munf" : "15", "pmunnr" : "00,00", "pmunpt" : "00,00", "pmunf" : "100,00" }, 
{ "and" : "P", "tpabr" : "UF", "cdabr" : "ZZ", "dt" : "02/10/2022", "ht" : "23:52:05", "s" : "1064", "st" : "1041", "snt" : "23", "si" : "995", "sni" : "46", "sa" : "995", "sna" : "0", "pst" : "97,84", "psnt" : "2,16", "psi" : "93,52", "psni" : "6,48", "psa" : "100,00", "psna" : "0,00", "e" : "695355", "ea" : "677669", "ena" : "0", "esi" : "677669", "esni" : "573", "c" : "298207", "a" : "379462", "pea" : "100,00", "pena" : "0,00", "pesi" : "97,46", "pesni" : "99,92", "pa" : "56,00", "pc" : "44,00", "munnr" : "1", "munpt" : "13", "munf" : "167", "pmunnr" : "0,55", "pmunpt" : "7,18", "pmunf" : "92,27" }, 
{ "and" : "F", "tpabr" : "UF", "cdabr" : "SP", "dt" : "02/10/2022", "ht" : "23:00:58", "s" : "101073", "st" : "101073", "snt" : "0", "si" : "101073", "sni" : "0", "sa" : "101073", "sna" : "0", "pst" : "100,00", "psnt" : "0,00", "psi" : "100,00", "psni" : "0,00", "psa" : "100,00", "psna" : "0,00", "e" : "34684927", "ea" : "34684927", "ena" : "0", "esi" : "34684927", "esni" : "0", "c" : "27189714", "a" : "7495213", "pea" : "100,00", "pena" : "0,00", "pesi" : "100,00", "pesni" : "0,00", "pa" : "21,61", "pc" : "78,39", "munnr" : "0", "munpt" : "0", "munf" : "645", "pmunnr" : "00,00", "pmunpt" : "00,00", "pmunf" : "100,00" }, 
{ "and" : "P", "tpabr" : "BR", "cdabr" : "BR", "dt" : "03/10/2022", "ht" : "00:23:35", "s" : "472075", "st" : "471807", "snt" : "268", "si" : "471760", "sni" : "47", "sa" : "471760", "sna" : "0", "pst" : "99,94", "psnt" : "0,06", "psi" : "99,93", "psni" : "0,07", "psa" : "100,00", "psna" : "0,00", "e" : "156454011", "ea" : "156358247", "ena" : "0", "esi" : "156358247", "esni" : "657", "c" : "123616362", "a" : "32741885", "pea" : "100,00", "pena" : "0,00", "pesi" : "99,93", "pesni" : "100,00", "pa" : "20,95", "pc" : "79,05", "ufsnr" : "0", "ufspt" : "10", "ufsf" : "18", "pufsnr" : "00,00", "pufspt" : "35,71", "pufsf" : "64,29" } ] }