
{ "ele" : "544", "t" : "1", "f" : "O", "dg" : "02/10/2022", "hg" : "21:02:23", "abr" : [ 
{ "and" : "P", "tpabr" : "UF", "cdabr" : "AM", "dt" : "02/10/2022", "ht" : "21:01:41", "s" : "7454", "st" : "7105", "snt" : "349", "si" : "7104", "sni" : "1", "sa" : "7104", "sna" : "0", "pst" : "95,32", "psnt" : "4,68", "psi" : "95,30", "psni" : "4,70", "psa" : "100,00", "psna" : "0,00", "e" : "2646924", "ea" : "2515110", "ena" : "0", "esi" : "2515110", "esni" : "84", "c" : "2013062", "a" : "502048", "pea" : "100,00", "pena" : "0,00", "pesi" : "95,02", "pesni" : "100,00", "pa" : "19,96", "pc" : "80,04", "munnr" : "0", "munpt" : "37", "munf" : "25", "pmunnr" : "00,00", "pmunpt" : "59,68", "pmunf" : "40,32" }, 
{ "and" : "P", "tpabr" : "UF", "cdabr" : "PE", "dt" : "02/10/2022", "ht" : "21:01:47", "s" : "20572", "st" : "19165", "snt" : "1407", "si" : "19165", "sni" : "0", "sa" : "19165", "sna" : "0", "pst" : "93,16", "psnt" : "6,84", "psi" : "93,16", "psni" : "0,00", "psa" : "100,00", "psna" : "0,00", "e" : "7015421", "ea" : "6529257", "ena" : "0", "esi" : "6529257", "esni" : "0", "c" : "5353044", "a" : "1176213", "pea" : "100,00", "pena" : "0,00", "pesi" : "93,07", "pesni" : "0,00", "pa" : "18,01", "pc" : "81,99", "munnr" : "9", "munpt" : "76", "munf" : "100", "pmunnr" : "4,86", "pmunpt" : "41,08", "pmunf" : "54,05" }, 
{ "and" : "P", "tpabr" : "UF", "cdabr" : "RN", "dt" : "02/10/2022", "ht" : "21:01:44", "s" : "7674", "st" : "7499", "snt" : "175", "si" : "7499", "sni" : "0", "sa" : "7499", "sna" : "0", "pst" : "97,72", "psnt" : "2,28", "psi" : "97,72", "psni" : "0,00", "psa" : "100,00", "psna" : "0,00", "e" : "2554716", "ea" : "2494793", "ena" : "0", "esi" : "2494793", "esni" : "0", "c" : "2042065", "a" : "452728", "pea" : "100,00", "pena" : "0,00", "pesi" : "97,65", "pesni" : "0,00", "pa" : "18,15", "pc" : "81,85", "munnr" : "0", "munpt" : "32", "munf" : "135", "pmunnr" : "00,00", "pmunpt" : "19,16", "pmunf" : "80,84" }, 
{ "and" : "P", "tpabr" : "UF", "cdabr" : "MG", "dt" : "02/10/2022", "ht" : "21:01:43", "s" : "49981", "st" : "47255", "snt" : "2726", "si" : "47255", "sni" : "0", "sa" : "47255", "sna" : "0", "pst" : "94,55", "psnt" : "5,45", "psi" : "94,55", "psni" : "0,00", "psa" : "100,00", "psna" : "0,00", "e" : "16283828", "ea" : "15354331", "ena" : "0", "esi" : "15354331", "esni" : "0", "c" : "11944813", "a" : "3409518", "pea" : "100,00", "pena" : "0,00", "pesi" : "94,29", "pesni" : "0,00", "pa" : "22,21", "pc" : "77,79", "munnr" : "49", "munpt" : "105", "munf" : "699", "pmunnr" : "5,74", "pmunpt" : "12,31", "pmunf" : "81,95" }, 
{ "and" : "P", "tpabr" : "UF", "cdabr" : "RO", "dt" : "02/10/2022", "ht" : "21:01:44", "s" : "4198", "st" : "4154", "snt" : "44", "si" : "4154", "sni" : "0", "sa" : "4154", "sna" : "0", "pst" : "98,95", "psnt" : "1,05", "psi" : "98,95", "psni" : "0,00", "psa" : "100,00", "psna" : "0,00", "e" : "1229998", "ea" : "1214893", "ena" : "0", "esi" : "1214893", "esni" : "0", "c" : "915774", "a" : "299119", "pea" : "100,00", "pena" : "0,00", "pesi" : "98,77", "pesni" : "0,00", "pa" : "24,62", "pc" : "75,38", "munnr" : "0", "munpt" : "8", "munf" : "44", "pmunnr" : "00,00", "pmunpt" : "15,38", "pmunf" : "84,62" }, 
{ "and" : "P", "tpabr" : "UF", "cdabr" : "CE", "dt" : "02/10/2022", "ht" : "21:01:43", "s" : "22796", "st" : "20763", "snt" : "2033", "si" : "20763", "sni" : "0", "sa" : "20763", "sna" : "0", "pst" : "91,08", "psnt" : "8,92", "psi" : "91,08", "psni" : "0,00", "psa" : "100,00", "psna" : "0,00", "e" : "6818732", "ea" : "6233854", "ena" : "0", "esi" : "6233854", "esni" : "0", "c" : "5145341", "a" : "1088513", "pea" : "100,00", "pena" : "0,00", "pesi" : "91,42", "pesni" : "0,00", "pa" : "17,46", "pc" : "82,54", "munnr" : "9", "munpt" : "90", "munf" : "85", "pmunnr" : "4,89", "pmunpt" : "48,91", "pmunf" : "46,20" }, 
{ "and" : "P", "tpabr" : "UF", "cdabr" : "GO", "dt" : "02/10/2022", "ht" : "21:01:43", "s" : "14620", "st" : "14511", "snt" : "109", "si" : "14511", "sni" : "0", "sa" : "14511", "sna" : "0", "pst" : "99,25", "psnt" : "0,75", "psi" : "99,25", "psni" : "0,00", "psa" : "100,00", "psna" : "0,00", "e" : "4870292", "ea" : "4834221", "ena" : "0", "esi" : "4834221", "esni" : "0", "c" : "3785294", "a" : "1048927", "pea" : "100,00", "pena" : "0,00", "pesi" : "99,26", "pesni" : "0,00", "pa" : "21,70", "pc" : "78,30", "munnr" : "2", "munpt" : "20", "munf" : "224", "pmunnr" : "0,81", "pmunpt" : "8,13", "pmunf" : "91,06" }, 
{ "and" : "P", "tpabr" : "UF", "cdabr" : "MS", "dt" : "02/10/2022", "ht" : "20:54:51", "s" : "6912", "st" : "6910", "snt" : "2", "si" : "6910", "sni" : "0", "sa" : "6910", "sna" : "0", "pst" : "99,97", "psnt" : "0,03", "psi" : "99,97", "psni" : "0,00", "psa" : "100,00", "psna" : "0,00", "e" : "1995932", "ea" : "1995509", "ena" : "0", "esi" : "1995509", "esni" : "0", "c" : "1554759", "a" : "440750", "pea" : "100,00", "pena" : "0,00", "pesi" : "99,98", "pesni" : "0,00", "pa" : "22,09", "pc" : "77,91", "munnr" : "0", "munpt" : "1", "munf" : "78", "pmunnr" : "00,00", "pmunpt" : "1,27", "pmunf" : "98,73" }, 
{ "and" : "P", "tpabr" : "UF", "cdabr" : "MT", "dt" : "02/10/2022", "ht" : "20:59:20", "s" : "7652", "st" : "7555", "snt" : "97", "si" : "7555", "sni" : "0", "sa" : "7555", "sna" : "0", "pst" : "98,73", "psnt" : "1,27", "psi" : "98,73", "psni" : "0,00", "psa" : "100,00", "psna" : "0,00", "e" : "2469604", "ea" : "2437991", "ena" : "0", "esi" : "2437991", "esni" : "0", "c" : "1868644", "a" : "569347", "pea" : "100,00", "pena" : "0,00", "pesi" : "98,72", "pesni" : "0,00", "pa" : "23,35", "pc" : "76,65", "munnr" : "1", "munpt" : "13", "munf" : "127", "pmunnr" : "0,71", "pmunpt" : "9,22", "pmunf" : "90,07" }, 
{ "and" : "P", "tpabr" : "UF", "cdabr" : "SE", "dt" : "02/10/2022", "ht" : "20:56:03", "s" : "5498", "st" : "5413", "snt" : "85", "si" : "5413", "sni" : "0", "sa" : "5413", "sna" : "0", "pst" : "98,45", "psnt" : "1,55", "psi" : "98,45", "psni" : "0,00", "psa" : "100,00", "psna" : "0,00", "e" : "1671376", "ea" : "1641437", "ena" : "0", "esi" : "1641437", "esni" : "0", "c" : "1340151", "a" : "301286", "pea" : "100,00", "pena" : "0,00", "pesi" : "98,21", "pesni" : "0,00", "pa" : "18,36", "pc" : "81,64", "munnr" : "0", "munpt" : "12", "munf" : "63", "pmunnr" : "00,00", "pmunpt" : "16,00", "pmunf" : "84,00" }, 
{ "and" : "F", "tpabr" : "UF", "cdabr" : "DF", "dt" : "02/10/2022", "ht" : "20:36:59", "s" : "6748", "st" : "6748", "snt" : "0", "si" : "6748", "sni" : "0", "sa" : "6748", "sna" : "0", "pst" : "100,00", "psnt" : "0,00", "psi" : "100,00", "psni" : "0,00", "psa" : "100,00", "psna" : "0,00", "e" : "2206996", "ea" : "2206996", "ena" : "0", "esi" : "2206996", "esni" : "0", "c" : "1819900", "a" : "387096", "pea" : "100,00", "pena" : "0,00", "pesi" : "100,00", "pesni" : "0,00", "pa" : "17,54", "pc" : "82,46", "munnr" : "0", "munpt" : "0", "munf" : "1", "pmunnr" : "00,00", "pmunpt" : "00,00", "pmunf" : "100,00" }, 
{ "and" : "F", "tpabr" : "UF", "cdabr" : "ES", "dt" : "02/10/2022", "ht" : "20:41:59", "s" : "9239", "st" : "9239", "snt" : "0", "si" : "9239", "sni" : "0", "sa" : "9239", "sna" : "0", "pst" : "100,00", "psnt" : "0,00", "psi" : "100,00", "psni" : "0,00", "psa" : "100,00", "psna" : "0,00", "e" : "2922379", "ea" : "2922379", "ena" : "0", "esi" : "2922379", "esni" : "0", "c" : "2315889", "a" : "606490", "pea" : "100,00", "pena" : "0,00", "pesi" : "100,00", "pesni" : "0,00", "pa" : "20,75", "pc" : "79,25", "munnr" : "0", "munpt" : "0", "munf" : "78", "pmunnr" : "00,00", "pmunpt" : "00,00", "pmunf" : "100,00" }, 
{ "and" : "P", "tpabr" : "UF", "cdabr" : "MA", "dt" : "02/10/2022", "ht" : "21:01:47", "s" : "16423", "st" : "12218", "snt" : "4205", "si" : "12218", "sni" : "0", "sa" : "12218", "sna" : "0", "pst" : "74,40", "psnt" : "25,60", "psi" : "74,40", "psni" : "0,00", "psa" : "100,00", "psna" : "0,00", "e" : "5039287", "ea" : "3759367", "ena" : "0", "esi" : "3759367", "esni" : "0", "c" : "2944244", "a" : "815123", "pea" : "100,00", "pena" : "0,00", "pesi" : "74,60", "pesni" : "0,00", "pa" : "21,68", "pc" : "78,32", "munnr" : "32", "munpt" : "138", "munf" : "47", "pmunnr" : "14,75", "pmunpt" : "63,59", "pmunf" : "21,66" }, 
{ "and" : "P", "tpabr" : "UF", "cdabr" : "PA", "dt" : "02/10/2022", "ht" : "21:02:09", "s" : "18235", "st" : "17204", "snt" : "1031", "si" : "17204", "sni" : "0", "sa" : "17204", "sna" : "0", "pst" : "94,35", "psnt" : "5,65", "psi" : "94,35", "psni" : "0,00", "psa" : "100,00", "psna" : "0,00", "e" : "6079280", "ea" : "5731153", "ena" : "0", "esi" : "5731153", "esni" : "0", "c" : "4512446", "a" : "1218707", "pea" : "100,00", "pena" : "0,00", "pesi" : "94,27", "pesni" : "0,00", "pa" : "21,26", "pc" : "78,74", "munnr" : "0", "munpt" : "100", "munf" : "44", "pmunnr" : "00,00", "pmunpt" : "69,44", "pmunf" : "30,56" }, 
{ "and" : "P", "tpabr" : "UF", "cdabr" : "PI", "dt" : "02/10/2022", "ht" : "21:01:50", "s" : "8963", "st" : "8257", "snt" : "706", "si" : "8257", "sni" : "0", "sa" : "8257", "sna" : "0", "pst" : "92,12", "psnt" : "7,88", "psi" : "92,12", "psni" : "0,00", "psa" : "100,00", "psna" : "0,00", "e" : "2570433", "ea" : "2359223", "ena" : "0", "esi" : "2359223", "esni" : "0", "c" : "1941273", "a" : "417950", "pea" : "100,00", "pena" : "0,00", "pesi" : "91,78", "pesni" : "0,00", "pa" : "17,72", "pc" : "82,28", "munnr" : "8", "munpt" : "113", "munf" : "103", "pmunnr" : "3,57", "pmunpt" : "50,45", "pmunf" : "45,98" }, 
{ "and" : "P", "tpabr" : "UF", "cdabr" : "RS", "dt" : "02/10/2022", "ht" : "21:01:47", "s" : "27201", "st" : "26882", "snt" : "319", "si" : "26882", "sni" : "0", "sa" : "26882", "sna" : "0", "pst" : "98,83", "psnt" : "1,17", "psi" : "98,83", "psni" : "0,00", "psa" : "100,00", "psna" : "0,00", "e" : "8589432", "ea" : "8478046", "ena" : "0", "esi" : "8478046", "esni" : "0", "c" : "6801818", "a" : "1676228", "pea" : "100,00", "pena" : "0,00", "pesi" : "98,70", "pesni" : "0,00", "pa" : "19,77", "pc" : "80,23", "munnr" : "4", "munpt" : "20", "munf" : "473", "pmunnr" : "0,80", "pmunpt" : "4,02", "pmunf" : "95,17" }, 
{ "and" : "P", "tpabr" : "UF", "cdabr" : "AC", "dt" : "02/10/2022", "ht" : "20:57:06", "s" : "2124", "st" : "2089", "snt" : "35", "si" : "2089", "sni" : "0", "sa" : "2089", "sna" : "0", "pst" : "98,35", "psnt" : "1,65", "psi" : "98,35", "psni" : "0,00", "psa" : "100,00", "psna" : "0,00", "e" : "587738", "ea" : "578124", "ena" : "0", "esi" : "578124", "esni" : "0", "c" : "448898", "a" : "129226", "pea" : "100,00", "pena" : "0,00", "pesi" : "98,36", "pesni" : "0,00", "pa" : "22,35", "pc" : "77,65", "munnr" : "0", "munpt" : "5", "munf" : "17", "pmunnr" : "00,00", "pmunpt" : "22,73", "pmunf" : "77,27" }, 
{ "and" : "P", "tpabr" : "UF", "cdabr" : "PR", "dt" : "02/10/2022", "ht" : "21:01:43", "s" : "25721", "st" : "25600", "snt" : "121", "si" : "25600", "sni" : "0", "sa" : "25600", "sna" : "0", "pst" : "99,53", "psnt" : "0,47", "psi" : "99,53", "psni" : "0,00", "psa" : "100,00", "psna" : "0,00", "e" : "8480435", "ea" : "8439584", "ena" : "0", "esi" : "8439584", "esni" : "0", "c" : "6797108", "a" : "1642476", "pea" : "100,00", "pena" : "0,00", "pesi" : "99,52", "pesni" : "0,00", "pa" : "19,46", "pc" : "80,54", "munnr" : "2", "munpt" : "29", "munf" : "368", "pmunnr" : "0,50", "pmunpt" : "7,27", "pmunf" : "92,23" }, 
{ "and" : "P", "tpabr" : "UF", "cdabr" : "SC", "dt" : "02/10/2022", "ht" : "21:01:47", "s" : "16242", "st" : "16095", "snt" : "147", "si" : "16095", "sni" : "0", "sa" : "16095", "sna" : "0", "pst" : "99,09", "psnt" : "0,91", "psi" : "99,09", "psni" : "0,00", "psa" : "100,00", "psna" : "0,00", "e" : "5501478", "ea" : "5448887", "ena" : "0", "esi" : "5448887", "esni" : "0", "c" : "4445217", "a" : "1003670", "pea" : "100,00", "pena" : "0,00", "pesi" : "99,04", "pesni" : "0,00", "pa" : "18,42", "pc" : "81,58", "munnr" : "1", "munpt" : "15", "munf" : "279", "pmunnr" : "0,34", "pmunpt" : "5,08", "pmunf" : "94,58" }, 
{ "and" : "P", "tpabr" : "UF", "cdabr" : "TO", "dt" : "02/10/2022", "ht" : "21:00:34", "s" : "3957", "st" : "3936", "snt" : "21", "si" : "3936", "sni" : "0", "sa" : "3936", "sna" : "0", "pst" : "99,47", "psnt" : "0,53", "psi" : "99,47", "psni" : "0,00", "psa" : "100,00", "psna" : "0,00", "e" : "1094346", "ea" : "1088136", "ena" : "0", "esi" : "1088136", "esni" : "0", "c" : "886457", "a" : "201679", "pea" : "100,00", "pena" : "0,00", "pesi" : "99,43", "pesni" : "0,00", "pa" : "18,53", "pc" : "81,47", "munnr" : "0", "munpt" : "5", "munf" : "134", "pmunnr" : "00,00", "pmunpt" : "3,60", "pmunf" : "96,40" }, 
{ "and" : "P", "tpabr" : "UF", "cdabr" : "AL", "dt" : "02/10/2022", "ht" : "21:01:42", "s" : "6626", "st" : "4996", "snt" : "1630", "si" : "4996", "sni" : "0", "sa" : "4996", "sna" : "0", "pst" : "75,40", "psnt" : "24,60", "psi" : "75,40", "psni" : "0,00", "psa" : "100,00", "psna" : "0,00", "e" : "2326491", "ea" : "1716739", "ena" : "0", "esi" : "1716739", "esni" : "0", "c" : "1336950", "a" : "379789", "pea" : "100,00", "pena" : "0,00", "pesi" : "73,79", "pesni" : "0,00", "pa" : "22,12", "pc" : "77,88", "munnr" : "16", "munpt" : "38", "munf" : "48", "pmunnr" : "15,69", "pmunpt" : "37,25", "pmunf" : "47,06" }, 
{ "and" : "P", "tpabr" : "UF", "cdabr" : "BA", "dt" : "02/10/2022", "ht" : "21:01:43", "s" : "34424", "st" : "30340", "snt" : "4084", "si" : "30340", "sni" : "0", "sa" : "30340", "sna" : "0", "pst" : "88,14", "psnt" : "11,86", "psi" : "88,14", "psni" : "0,00", "psa" : "100,00", "psna" : "0,00", "e" : "11283405", "ea" : "9917411", "ena" : "0", "esi" : "9917411", "esni" : "0", "c" : "7814428", "a" : "2102983", "pea" : "100,00", "pena" : "0,00", "pesi" : "87,89", "pesni" : "0,00", "pa" : "21,20", "pc" : "78,80", "munnr" : "18", "munpt" : "226", "munf" : "173", "pmunnr" : "4,32", "pmunpt" : "54,20", "pmunf" : "41,49" }, 
{ "and" : "P", "tpabr" : "UF", "cdabr" : "PB", "dt" : "02/10/2022", "ht" : "21:01:43", "s" : "9602", "st" : "9526", "snt" : "76", "si" : "9526", "sni" : "0", "sa" : "9526", "sna" : "0", "pst" : "99,21", "psnt" : "0,79", "psi" : "99,21", "psni" : "0,00", "psa" : "100,00", "psna" : "0,00", "e" : "3092053", "ea" : "3068043", "ena" : "0", "esi" : "3068043", "esni" : "0", "c" : "2538039", "a" : "530004", "pea" : "100,00", "pena" : "0,00", "pesi" : "99,22", "pesni" : "0,00", "pa" : "17,27", "pc" : "82,73", "munnr" : "1", "munpt" : "14", "munf" : "208", "pmunnr" : "0,45", "pmunpt" : "6,28", "pmunf" : "93,27" }, 
{ "and" : "P", "tpabr" : "UF", "cdabr" : "AP", "dt" : "02/10/2022", "ht" : "21:01:41", "s" : "1740", "st" : "1725", "snt" : "15", "si" : "1725", "sni" : "0", "sa" : "1725", "sna" : "0", "pst" : "99,14", "psnt" : "0,86", "psi" : "99,14", "psni" : "0,00", "psa" : "100,00", "psna" : "0,00", "e" : "550165", "ea" : "544758", "ena" : "0", "esi" : "544758", "esni" : "0", "c" : "438404", "a" : "106354", "pea" : "100,00", "pena" : "0,00", "pesi" : "99,02", "pesni" : "0,00", "pa" : "19,52", "pc" : "80,48", "munnr" : "0", "munpt" : "7", "munf" : "9", "pmunnr" : "00,00", "pmunpt" : "43,75", "pmunf" : "56,25" }, 
{ "and" : "P", "tpabr" : "UF", "cdabr" : "RJ", "dt" : "02/10/2022", "ht" : "21:01:44", "s" : "34068", "st" : "32498", "snt" : "1570", "si" : "32498", "sni" : "0", "sa" : "32498", "sna" : "0", "pst" : "95,39", "psnt" : "4,61", "psi" : "95,39", "psni" : "0,00", "psa" : "100,00", "psna" : "0,00", "e" : "12826356", "ea" : "12206557", "ena" : "0", "esi" : "12206557", "esni" : "0", "c" : "9432684", "a" : "2773873", "pea" : "100,00", "pena" : "0,00", "pesi" : "95,17", "pesni" : "0,00", "pa" : "22,72", "pc" : "77,28", "munnr" : "2", "munpt" : "41", "munf" : "49", "pmunnr" : "2,17", "pmunpt" : "44,57", "pmunf" : "53,26" }, 
{ "and" : "P", "tpabr" : "UF", "cdabr" : "RR", "dt" : "02/10/2022", "ht" : "20:59:21", "s" : "1268", "st" : "1266", "snt" : "2", "si" : "1266", "sni" : "0", "sa" : "1266", "sna" : "0", "pst" : "99,84", "psnt" : "0,16", "psi" : "99,84", "psni" : "0,00", "psa" : "100,00", "psna" : "0,00", "e" : "366632", "ea" : "366033", "ena" : "0", "esi" : "366033", "esni" : "0", "c" : "304909", "a" : "61124", "pea" : "100,00", "pena" : "0,00", "pesi" : "99,84", "pesni" : "0,00", "pa" : "16,70", "pc" : "83,30", "munnr" : "0", "munpt" : "2", "munf" : "13", "pmunnr" : "00,00", "pmunpt" : "13,33", "pmunf" : "86,67" }, 
{ "and" : "P", "tpabr" : "UF", "cdabr" : "ZZ", "dt" : "02/10/2022", "ht" : "21:01:45", "s" : "1064", "st" : "843", "snt" : "221", "si" : "797", "sni" : "46", "sa" : "797", "sna" : "0", "pst" : "79,23", "psnt" : "20,77", "psi" : "74,91", "psni" : "25,09", "psa" : "100,00", "psna" : "0,00", "e" : "695355", "ea" : "552065", "ena" : "0", "esi" : "552065", "esni" : "573", "c" : "246231", "a" : "305834", "pea" : "100,00", "pena" : "0,00", "pesi" : "79,39", "pesni" : "99,92", "pa" : "55,40", "pc" : "44,60", "munnr" : "31", "munpt" : "24", "munf" : "126", "pmunnr" : "17,13", "pmunpt" : "13,26", "pmunf" : "69,61" }, 
{ "and" : "P", "tpabr" : "UF", "cdabr" : "SP", "dt" : "02/10/2022", "ht" : "21:01:47", "s" : "101073", "st" : "99208", "snt" : "1865", "si" : "99208", "sni" : "0", "sa" : "99208", "sna" : "0", "pst" : "98,15", "psnt" : "1,85", "psi" : "98,15", "psni" : "0,00", "psa" : "100,00", "psna" : "0,00", "e" : "34684927", "ea" : "34024960", "ena" : "0", "esi" : "34024960", "esni" : "0", "c" : "26670405", "a" : "7354555", "pea" : "100,00", "pena" : "0,00", "pesi" : "98,10", "pesni" : "0,00", "pa" : "21,62", "pc" : "78,38", "munnr" : "9", "munpt" : "48", "munf" : "588", "pmunnr" : "1,40", "pmunpt" : "7,44", "pmunf" : "91,16" }, 
{ "and" : "P", "tpabr" : "BR", "cdabr" : "BR", "dt" : "02/10/2022", "ht" : "21:02:09", "s" : "472075", "st" : "449000", "snt" : "23075", "si" : "448953", "sni" : "47", "sa" : "448953", "sna" : "0", "pst" : "95,11", "psnt" : "4,89", "psi" : "95,10", "psni" : "4,90", "psa" : "100,00", "psna" : "0,00", "e" : "156454011", "ea" : "148659857", "ena" : "0", "esi" : "148659857", "esni" : "657", "c" : "117658247", "a" : "31001610", "pea" : "100,00", "pena" : "0,00", "pesi" : "95,01", "pesni" : "100,00", "pa" : "20,86", "pc" : "79,14", "ufsnr" : "0", "ufspt" : "26", "ufsf" : "2", "pufsnr" : "00,00", "pufspt" : "92,86", "pufsf" : "7,14" } ] }