
{ "ele" : "544", "t" : "1", "f" : "O", "dg" : "02/10/2022", "hg" : "21:12:05", "abr" : [ 
{ "and" : "P", "tpabr" : "UF", "cdabr" : "AM", "dt" : "02/10/2022", "ht" : "21:11:21", "s" : "7454", "st" : "7140", "snt" : "314", "si" : "7139", "sni" : "1", "sa" : "7139", "sna" : "0", "pst" : "95,79", "psnt" : "4,21", "psi" : "95,77", "psni" : "4,23", "psa" : "100,00", "psna" : "0,00", "e" : "2646924", "ea" : "2528514", "ena" : "0", "esi" : "2528514", "esni" : "84", "c" : "2023316", "a" : "505198", "pea" : "100,00", "pena" : "0,00", "pesi" : "95,53", "pesni" : "100,00", "pa" : "19,98", "pc" : "80,02", "munnr" : "0", "munpt" : "36", "munf" : "26", "pmunnr" : "00,00", "pmunpt" : "58,06", "pmunf" : "41,94" }, 
{ "and" : "P", "tpabr" : "UF", "cdabr" : "PE", "dt" : "02/10/2022", "ht" : "21:11:22", "s" : "20572", "st" : "19510", "snt" : "1062", "si" : "19510", "sni" : "0", "sa" : "19510", "sna" : "0", "pst" : "94,84", "psnt" : "5,16", "psi" : "94,84", "psni" : "0,00", "psa" : "100,00", "psna" : "0,00", "e" : "7015421", "ea" : "6648703", "ena" : "0", "esi" : "6648703", "esni" : "0", "c" : "5448928", "a" : "1199775", "pea" : "100,00", "pena" : "0,00", "pesi" : "94,77", "pesni" : "0,00", "pa" : "18,05", "pc" : "81,95", "munnr" : "6", "munpt" : "62", "munf" : "117", "pmunnr" : "3,24", "pmunpt" : "33,51", "pmunf" : "63,24" }, 
{ "and" : "P", "tpabr" : "UF", "cdabr" : "RN", "dt" : "02/10/2022", "ht" : "21:11:26", "s" : "7674", "st" : "7538", "snt" : "136", "si" : "7538", "sni" : "0", "sa" : "7538", "sna" : "0", "pst" : "98,23", "psnt" : "1,77", "psi" : "98,23", "psni" : "0,00", "psa" : "100,00", "psna" : "0,00", "e" : "2554716", "ea" : "2508144", "ena" : "0", "esi" : "2508144", "esni" : "0", "c" : "2052814", "a" : "455330", "pea" : "100,00", "pena" : "0,00", "pesi" : "98,18", "pesni" : "0,00", "pa" : "18,15", "pc" : "81,85", "munnr" : "0", "munpt" : "28", "munf" : "139", "pmunnr" : "00,00", "pmunpt" : "16,77", "pmunf" : "83,23" }, 
{ "and" : "P", "tpabr" : "UF", "cdabr" : "MG", "dt" : "02/10/2022", "ht" : "21:11:22", "s" : "49981", "st" : "47849", "snt" : "2132", "si" : "47849", "sni" : "0", "sa" : "47849", "sna" : "0", "pst" : "95,73", "psnt" : "4,27", "psi" : "95,73", "psni" : "0,00", "psa" : "100,00", "psna" : "0,00", "e" : "16283828", "ea" : "15585409", "ena" : "0", "esi" : "15585409", "esni" : "0", "c" : "12125859", "a" : "3459550", "pea" : "100,00", "pena" : "0,00", "pesi" : "95,71", "pesni" : "0,00", "pa" : "22,20", "pc" : "77,80", "munnr" : "44", "munpt" : "82", "munf" : "727", "pmunnr" : "5,16", "pmunpt" : "9,61", "pmunf" : "85,23" }, 
{ "and" : "P", "tpabr" : "UF", "cdabr" : "RO", "dt" : "02/10/2022", "ht" : "21:01:44", "s" : "4198", "st" : "4154", "snt" : "44", "si" : "4154", "sni" : "0", "sa" : "4154", "sna" : "0", "pst" : "98,95", "psnt" : "1,05", "psi" : "98,95", "psni" : "0,00", "psa" : "100,00", "psna" : "0,00", "e" : "1229998", "ea" : "1214893", "ena" : "0", "esi" : "1214893", "esni" : "0", "c" : "915774", "a" : "299119", "pea" : "100,00", "pena" : "0,00", "pesi" : "98,77", "pesni" : "0,00", "pa" : "24,62", "pc" : "75,38", "munnr" : "0", "munpt" : "8", "munf" : "44", "pmunnr" : "00,00", "pmunpt" : "15,38", "pmunf" : "84,62" }, 
{ "and" : "P", "tpabr" : "UF", "cdabr" : "CE", "dt" : "02/10/2022", "ht" : "21:11:22", "s" : "22796", "st" : "21092", "snt" : "1704", "si" : "21092", "sni" : "0", "sa" : "21092", "sna" : "0", "pst" : "92,53", "psnt" : "7,48", "psi" : "92,53", "psni" : "0,00", "psa" : "100,00", "psna" : "0,00", "e" : "6818732", "ea" : "6332255", "ena" : "0", "esi" : "6332255", "esni" : "0", "c" : "5227885", "a" : "1104370", "pea" : "100,00", "pena" : "0,00", "pesi" : "92,87", "pesni" : "0,00", "pa" : "17,44", "pc" : "82,56", "munnr" : "8", "munpt" : "84", "munf" : "92", "pmunnr" : "4,35", "pmunpt" : "45,65", "pmunf" : "50,00" }, 
{ "and" : "P", "tpabr" : "UF", "cdabr" : "GO", "dt" : "02/10/2022", "ht" : "21:11:21", "s" : "14620", "st" : "14553", "snt" : "67", "si" : "14553", "sni" : "0", "sa" : "14553", "sna" : "0", "pst" : "99,54", "psnt" : "0,46", "psi" : "99,54", "psni" : "0,00", "psa" : "100,00", "psna" : "0,00", "e" : "4870292", "ea" : "4849462", "ena" : "0", "esi" : "4849462", "esni" : "0", "c" : "3796661", "a" : "1052801", "pea" : "100,00", "pena" : "0,00", "pesi" : "99,57", "pesni" : "0,00", "pa" : "21,71", "pc" : "78,29", "munnr" : "2", "munpt" : "15", "munf" : "229", "pmunnr" : "0,81", "pmunpt" : "6,10", "pmunf" : "93,09" }, 
{ "and" : "P", "tpabr" : "UF", "cdabr" : "MS", "dt" : "02/10/2022", "ht" : "20:54:51", "s" : "6912", "st" : "6910", "snt" : "2", "si" : "6910", "sni" : "0", "sa" : "6910", "sna" : "0", "pst" : "99,97", "psnt" : "0,03", "psi" : "99,97", "psni" : "0,00", "psa" : "100,00", "psna" : "0,00", "e" : "1995932", "ea" : "1995509", "ena" : "0", "esi" : "1995509", "esni" : "0", "c" : "1554759", "a" : "440750", "pea" : "100,00", "pena" : "0,00", "pesi" : "99,98", "pesni" : "0,00", "pa" : "22,09", "pc" : "77,91", "munnr" : "0", "munpt" : "1", "munf" : "78", "pmunnr" : "00,00", "pmunpt" : "1,27", "pmunf" : "98,73" }, 
{ "and" : "P", "tpabr" : "UF", "cdabr" : "MT", "dt" : "02/10/2022", "ht" : "21:11:22", "s" : "7652", "st" : "7573", "snt" : "79", "si" : "7573", "sni" : "0", "sa" : "7573", "sna" : "0", "pst" : "98,97", "psnt" : "1,03", "psi" : "98,97", "psni" : "0,00", "psa" : "100,00", "psna" : "0,00", "e" : "2469604", "ea" : "2444352", "ena" : "0", "esi" : "2444352", "esni" : "0", "c" : "1873370", "a" : "570982", "pea" : "100,00", "pena" : "0,00", "pesi" : "98,98", "pesni" : "0,00", "pa" : "23,36", "pc" : "76,64", "munnr" : "1", "munpt" : "10", "munf" : "130", "pmunnr" : "0,71", "pmunpt" : "7,09", "pmunf" : "92,20" }, 
{ "and" : "P", "tpabr" : "UF", "cdabr" : "SE", "dt" : "02/10/2022", "ht" : "21:11:26", "s" : "5498", "st" : "5429", "snt" : "69", "si" : "5429", "sni" : "0", "sa" : "5429", "sna" : "0", "pst" : "98,74", "psnt" : "1,26", "psi" : "98,74", "psni" : "0,00", "psa" : "100,00", "psna" : "0,00", "e" : "1671376", "ea" : "1647444", "ena" : "0", "esi" : "1647444", "esni" : "0", "c" : "1345106", "a" : "302338", "pea" : "100,00", "pena" : "0,00", "pesi" : "98,57", "pesni" : "0,00", "pa" : "18,35", "pc" : "81,65", "munnr" : "0", "munpt" : "8", "munf" : "67", "pmunnr" : "00,00", "pmunpt" : "10,67", "pmunf" : "89,33" }, 
{ "and" : "F", "tpabr" : "UF", "cdabr" : "DF", "dt" : "02/10/2022", "ht" : "20:36:59", "s" : "6748", "st" : "6748", "snt" : "0", "si" : "6748", "sni" : "0", "sa" : "6748", "sna" : "0", "pst" : "100,00", "psnt" : "0,00", "psi" : "100,00", "psni" : "0,00", "psa" : "100,00", "psna" : "0,00", "e" : "2206996", "ea" : "2206996", "ena" : "0", "esi" : "2206996", "esni" : "0", "c" : "1819900", "a" : "387096", "pea" : "100,00", "pena" : "0,00", "pesi" : "100,00", "pesni" : "0,00", "pa" : "17,54", "pc" : "82,46", "munnr" : "0", "munpt" : "0", "munf" : "1", "pmunnr" : "00,00", "pmunpt" : "00,00", "pmunf" : "100,00" }, 
{ "and" : "F", "tpabr" : "UF", "cdabr" : "ES", "dt" : "02/10/2022", "ht" : "20:41:59", "s" : "9239", "st" : "9239", "snt" : "0", "si" : "9239", "sni" : "0", "sa" : "9239", "sna" : "0", "pst" : "100,00", "psnt" : "0,00", "psi" : "100,00", "psni" : "0,00", "psa" : "100,00", "psna" : "0,00", "e" : "2922379", "ea" : "2922379", "ena" : "0", "esi" : "2922379", "esni" : "0", "c" : "2315889", "a" : "606490", "pea" : "100,00", "pena" : "0,00", "pesi" : "100,00", "pesni" : "0,00", "pa" : "20,75", "pc" : "79,25", "munnr" : "0", "munpt" : "0", "munf" : "78", "pmunnr" : "00,00", "pmunpt" : "00,00", "pmunf" : "100,00" }, 
{ "and" : "P", "tpabr" : "UF", "cdabr" : "MA", "dt" : "02/10/2022", "ht" : "21:11:26", "s" : "16423", "st" : "12544", "snt" : "3879", "si" : "12544", "sni" : "0", "sa" : "12544", "sna" : "0", "pst" : "76,38", "psnt" : "23,62", "psi" : "76,38", "psni" : "0,00", "psa" : "100,00", "psna" : "0,00", "e" : "5039287", "ea" : "3860967", "ena" : "0", "esi" : "3860967", "esni" : "0", "c" : "3021418", "a" : "839549", "pea" : "100,00", "pena" : "0,00", "pesi" : "76,62", "pesni" : "0,00", "pa" : "21,74", "pc" : "78,26", "munnr" : "30", "munpt" : "134", "munf" : "53", "pmunnr" : "13,82", "pmunpt" : "61,75", "pmunf" : "24,42" }, 
{ "and" : "P", "tpabr" : "UF", "cdabr" : "PA", "dt" : "02/10/2022", "ht" : "21:11:25", "s" : "18235", "st" : "17355", "snt" : "880", "si" : "17355", "sni" : "0", "sa" : "17355", "sna" : "0", "pst" : "95,17", "psnt" : "4,83", "psi" : "95,17", "psni" : "0,00", "psa" : "100,00", "psna" : "0,00", "e" : "6079280", "ea" : "5782036", "ena" : "0", "esi" : "5782036", "esni" : "0", "c" : "4552305", "a" : "1229731", "pea" : "100,00", "pena" : "0,00", "pesi" : "95,11", "pesni" : "0,00", "pa" : "21,27", "pc" : "78,73", "munnr" : "0", "munpt" : "92", "munf" : "52", "pmunnr" : "00,00", "pmunpt" : "63,89", "pmunf" : "36,11" }, 
{ "and" : "P", "tpabr" : "UF", "cdabr" : "PI", "dt" : "02/10/2022", "ht" : "21:11:25", "s" : "8963", "st" : "8336", "snt" : "627", "si" : "8336", "sni" : "0", "sa" : "8336", "sna" : "0", "pst" : "93,00", "psnt" : "7,00", "psi" : "93,00", "psni" : "0,00", "psa" : "100,00", "psna" : "0,00", "e" : "2570433", "ea" : "2382841", "ena" : "0", "esi" : "2382841", "esni" : "0", "c" : "1960387", "a" : "422454", "pea" : "100,00", "pena" : "0,00", "pesi" : "92,70", "pesni" : "0,00", "pa" : "17,73", "pc" : "82,27", "munnr" : "7", "munpt" : "101", "munf" : "116", "pmunnr" : "3,13", "pmunpt" : "45,09", "pmunf" : "51,79" }, 
{ "and" : "P", "tpabr" : "UF", "cdabr" : "RS", "dt" : "02/10/2022", "ht" : "21:11:23", "s" : "27201", "st" : "26915", "snt" : "286", "si" : "26915", "sni" : "0", "sa" : "26915", "sna" : "0", "pst" : "98,95", "psnt" : "1,05", "psi" : "98,95", "psni" : "0,00", "psa" : "100,00", "psna" : "0,00", "e" : "8589432", "ea" : "8486995", "ena" : "0", "esi" : "8486995", "esni" : "0", "c" : "6809234", "a" : "1677761", "pea" : "100,00", "pena" : "0,00", "pesi" : "98,81", "pesni" : "0,00", "pa" : "19,77", "pc" : "80,23", "munnr" : "2", "munpt" : "16", "munf" : "479", "pmunnr" : "0,40", "pmunpt" : "3,22", "pmunf" : "96,38" }, 
{ "and" : "P", "tpabr" : "UF", "cdabr" : "AC", "dt" : "02/10/2022", "ht" : "20:57:06", "s" : "2124", "st" : "2089", "snt" : "35", "si" : "2089", "sni" : "0", "sa" : "2089", "sna" : "0", "pst" : "98,35", "psnt" : "1,65", "psi" : "98,35", "psni" : "0,00", "psa" : "100,00", "psna" : "0,00", "e" : "587738", "ea" : "578124", "ena" : "0", "esi" : "578124", "esni" : "0", "c" : "448898", "a" : "129226", "pea" : "100,00", "pena" : "0,00", "pesi" : "98,36", "pesni" : "0,00", "pa" : "22,35", "pc" : "77,65", "munnr" : "0", "munpt" : "5", "munf" : "17", "pmunnr" : "00,00", "pmunpt" : "22,73", "pmunf" : "77,27" }, 
{ "and" : "P", "tpabr" : "UF", "cdabr" : "PR", "dt" : "02/10/2022", "ht" : "21:11:26", "s" : "25721", "st" : "25634", "snt" : "87", "si" : "25634", "sni" : "0", "sa" : "25634", "sna" : "0", "pst" : "99,66", "psnt" : "0,34", "psi" : "99,66", "psni" : "0,00", "psa" : "100,00", "psna" : "0,00", "e" : "8480435", "ea" : "8449713", "ena" : "0", "esi" : "8449713", "esni" : "0", "c" : "6804984", "a" : "1644729", "pea" : "100,00", "pena" : "0,00", "pesi" : "99,64", "pesni" : "0,00", "pa" : "19,46", "pc" : "80,54", "munnr" : "2", "munpt" : "21", "munf" : "376", "pmunnr" : "0,50", "pmunpt" : "5,26", "pmunf" : "94,24" }, 
{ "and" : "P", "tpabr" : "UF", "cdabr" : "SC", "dt" : "02/10/2022", "ht" : "21:11:26", "s" : "16242", "st" : "16119", "snt" : "123", "si" : "16119", "sni" : "0", "sa" : "16119", "sna" : "0", "pst" : "99,24", "psnt" : "0,76", "psi" : "99,24", "psni" : "0,00", "psa" : "100,00", "psna" : "0,00", "e" : "5501478", "ea" : "5457955", "ena" : "0", "esi" : "5457955", "esni" : "0", "c" : "4452596", "a" : "1005359", "pea" : "100,00", "pena" : "0,00", "pesi" : "99,21", "pesni" : "0,00", "pa" : "18,42", "pc" : "81,58", "munnr" : "1", "munpt" : "13", "munf" : "281", "pmunnr" : "0,34", "pmunpt" : "4,41", "pmunf" : "95,25" }, 
{ "and" : "P", "tpabr" : "UF", "cdabr" : "TO", "dt" : "02/10/2022", "ht" : "21:11:26", "s" : "3957", "st" : "3949", "snt" : "8", "si" : "3949", "sni" : "0", "sa" : "3949", "sna" : "0", "pst" : "99,80", "psnt" : "0,20", "psi" : "99,80", "psni" : "0,00", "psa" : "100,00", "psna" : "0,00", "e" : "1094346", "ea" : "1092009", "ena" : "0", "esi" : "1092009", "esni" : "0", "c" : "889558", "a" : "202451", "pea" : "100,00", "pena" : "0,00", "pesi" : "99,79", "pesni" : "0,00", "pa" : "18,54", "pc" : "81,46", "munnr" : "0", "munpt" : "4", "munf" : "135", "pmunnr" : "00,00", "pmunpt" : "2,88", "pmunf" : "97,12" }, 
{ "and" : "P", "tpabr" : "UF", "cdabr" : "AL", "dt" : "02/10/2022", "ht" : "21:10:15", "s" : "6626", "st" : "5275", "snt" : "1351", "si" : "5275", "sni" : "0", "sa" : "5275", "sna" : "0", "pst" : "79,61", "psnt" : "20,39", "psi" : "79,61", "psni" : "0,00", "psa" : "100,00", "psna" : "0,00", "e" : "2326491", "ea" : "1824297", "ena" : "0", "esi" : "1824297", "esni" : "0", "c" : "1419583", "a" : "404714", "pea" : "100,00", "pena" : "0,00", "pesi" : "78,41", "pesni" : "0,00", "pa" : "22,18", "pc" : "77,82", "munnr" : "14", "munpt" : "37", "munf" : "51", "pmunnr" : "13,73", "pmunpt" : "36,27", "pmunf" : "50,00" }, 
{ "and" : "P", "tpabr" : "UF", "cdabr" : "BA", "dt" : "02/10/2022", "ht" : "21:11:25", "s" : "34424", "st" : "30908", "snt" : "3516", "si" : "30908", "sni" : "0", "sa" : "30908", "sna" : "0", "pst" : "89,79", "psnt" : "10,21", "psi" : "89,79", "psni" : "0,00", "psa" : "100,00", "psna" : "0,00", "e" : "11283405", "ea" : "10115115", "ena" : "0", "esi" : "10115115", "esni" : "0", "c" : "7969359", "a" : "2145756", "pea" : "100,00", "pena" : "0,00", "pesi" : "89,65", "pesni" : "0,00", "pa" : "21,21", "pc" : "78,79", "munnr" : "17", "munpt" : "208", "munf" : "192", "pmunnr" : "4,08", "pmunpt" : "49,88", "pmunf" : "46,04" }, 
{ "and" : "P", "tpabr" : "UF", "cdabr" : "PB", "dt" : "02/10/2022", "ht" : "21:11:22", "s" : "9602", "st" : "9572", "snt" : "30", "si" : "9572", "sni" : "0", "sa" : "9572", "sna" : "0", "pst" : "99,69", "psnt" : "0,31", "psi" : "99,69", "psni" : "0,00", "psa" : "100,00", "psna" : "0,00", "e" : "3092053", "ea" : "3082529", "ena" : "0", "esi" : "3082529", "esni" : "0", "c" : "2549565", "a" : "532964", "pea" : "100,00", "pena" : "0,00", "pesi" : "99,69", "pesni" : "0,00", "pa" : "17,29", "pc" : "82,71", "munnr" : "1", "munpt" : "6", "munf" : "216", "pmunnr" : "0,45", "pmunpt" : "2,69", "pmunf" : "96,86" }, 
{ "and" : "P", "tpabr" : "UF", "cdabr" : "AP", "dt" : "02/10/2022", "ht" : "21:09:08", "s" : "1740", "st" : "1729", "snt" : "11", "si" : "1729", "sni" : "0", "sa" : "1729", "sna" : "0", "pst" : "99,37", "psnt" : "0,63", "psi" : "99,37", "psni" : "0,00", "psa" : "100,00", "psna" : "0,00", "e" : "550165", "ea" : "545787", "ena" : "0", "esi" : "545787", "esni" : "0", "c" : "439263", "a" : "106524", "pea" : "100,00", "pena" : "0,00", "pesi" : "99,20", "pesni" : "0,00", "pa" : "19,52", "pc" : "80,48", "munnr" : "0", "munpt" : "5", "munf" : "11", "pmunnr" : "00,00", "pmunpt" : "31,25", "pmunf" : "68,75" }, 
{ "and" : "P", "tpabr" : "UF", "cdabr" : "RJ", "dt" : "02/10/2022", "ht" : "21:11:24", "s" : "34068", "st" : "32907", "snt" : "1161", "si" : "32907", "sni" : "0", "sa" : "32907", "sna" : "0", "pst" : "96,59", "psnt" : "3,41", "psi" : "96,59", "psni" : "0,00", "psa" : "100,00", "psna" : "0,00", "e" : "12826356", "ea" : "12371958", "ena" : "0", "esi" : "12371958", "esni" : "0", "c" : "9560202", "a" : "2811756", "pea" : "100,00", "pena" : "0,00", "pesi" : "96,46", "pesni" : "0,00", "pa" : "22,73", "pc" : "77,27", "munnr" : "1", "munpt" : "38", "munf" : "53", "pmunnr" : "1,09", "pmunpt" : "41,30", "pmunf" : "57,61" }, 
{ "and" : "F", "tpabr" : "UF", "cdabr" : "RR", "dt" : "02/10/2022", "ht" : "21:07:58", "s" : "1268", "st" : "1268", "snt" : "0", "si" : "1268", "sni" : "0", "sa" : "1268", "sna" : "0", "pst" : "100,00", "psnt" : "0,00", "psi" : "100,00", "psni" : "0,00", "psa" : "100,00", "psna" : "0,00", "e" : "366632", "ea" : "366632", "ena" : "0", "esi" : "366632", "esni" : "0", "c" : "305404", "a" : "61228", "pea" : "100,00", "pena" : "0,00", "pesi" : "100,00", "pesni" : "0,00", "pa" : "16,70", "pc" : "83,30", "munnr" : "0", "munpt" : "0", "munf" : "15", "pmunnr" : "00,00", "pmunpt" : "00,00", "pmunf" : "100,00" }, 
{ "and" : "P", "tpabr" : "UF", "cdabr" : "ZZ", "dt" : "02/10/2022", "ht" : "21:11:24", "s" : "1064", "st" : "887", "snt" : "177", "si" : "841", "sni" : "46", "sa" : "841", "sna" : "0", "pst" : "83,36", "psnt" : "16,64", "psi" : "79,04", "psni" : "20,96", "psa" : "100,00", "psna" : "0,00", "e" : "695355", "ea" : "581511", "ena" : "0", "esi" : "581511", "esni" : "573", "c" : "258411", "a" : "323100", "pea" : "100,00", "pena" : "0,00", "pesi" : "83,63", "pesni" : "99,92", "pa" : "55,56", "pc" : "44,44", "munnr" : "27", "munpt" : "25", "munf" : "129", "pmunnr" : "14,92", "pmunpt" : "13,81", "pmunf" : "71,27" }, 
{ "and" : "P", "tpabr" : "UF", "cdabr" : "SP", "dt" : "02/10/2022", "ht" : "21:11:30", "s" : "101073", "st" : "99461", "snt" : "1612", "si" : "99461", "sni" : "0", "sa" : "99461", "sna" : "0", "pst" : "98,41", "psnt" : "1,59", "psi" : "98,41", "psni" : "0,00", "psa" : "100,00", "psna" : "0,00", "e" : "34684927", "ea" : "34116675", "ena" : "0", "esi" : "34116675", "esni" : "0", "c" : "26742305", "a" : "7374370", "pea" : "100,00", "pena" : "0,00", "pesi" : "98,36", "pesni" : "0,00", "pa" : "21,62", "pc" : "78,38", "munnr" : "8", "munpt" : "36", "munf" : "601", "pmunnr" : "1,24", "pmunpt" : "5,58", "pmunf" : "93,18" }, 
{ "and" : "P", "tpabr" : "BR", "cdabr" : "BR", "dt" : "02/10/2022", "ht" : "21:11:30", "s" : "472075", "st" : "452683", "snt" : "19392", "si" : "452636", "sni" : "47", "sa" : "452636", "sna" : "0", "pst" : "95,89", "psnt" : "4,11", "psi" : "95,88", "psni" : "4,12", "psa" : "100,00", "psna" : "0,00", "e" : "156454011", "ea" : "149979204", "ena" : "0", "esi" : "149979204", "esni" : "657", "c" : "118683733", "a" : "31295471", "pea" : "100,00", "pena" : "0,00", "pesi" : "95,86", "pesni" : "100,00", "pa" : "20,87", "pc" : "79,13", "ufsnr" : "0", "ufspt" : "25", "ufsf" : "3", "pufsnr" : "00,00", "pufspt" : "89,29", "pufsf" : "10,71" } ] }