
{ "ele" : "544", "t" : "1", "f" : "O", "dg" : "02/10/2022", "hg" : "21:31:11", "abr" : [ 
{ "and" : "P", "tpabr" : "UF", "cdabr" : "AM", "dt" : "02/10/2022", "ht" : "21:30:20", "s" : "7454", "st" : "7246", "snt" : "208", "si" : "7245", "sni" : "1", "sa" : "7245", "sna" : "0", "pst" : "97,21", "psnt" : "2,79", "psi" : "97,20", "psni" : "2,80", "psa" : "100,00", "psna" : "0,00", "e" : "2646924", "ea" : "2567928", "ena" : "0", "esi" : "2567928", "esni" : "84", "c" : "2053455", "a" : "514473", "pea" : "100,00", "pena" : "0,00", "pesi" : "97,02", "pesni" : "100,00", "pa" : "20,03", "pc" : "79,97", "munnr" : "0", "munpt" : "33", "munf" : "29", "pmunnr" : "00,00", "pmunpt" : "53,23", "pmunf" : "46,77" }, 
{ "and" : "P", "tpabr" : "UF", "cdabr" : "PE", "dt" : "02/10/2022", "ht" : "21:30:27", "s" : "20572", "st" : "19824", "snt" : "748", "si" : "19824", "sni" : "0", "sa" : "19824", "sna" : "0", "pst" : "96,36", "psnt" : "3,64", "psi" : "96,36", "psni" : "0,00", "psa" : "100,00", "psna" : "0,00", "e" : "7015421", "ea" : "6755121", "ena" : "0", "esi" : "6755121", "esni" : "0", "c" : "5533494", "a" : "1221627", "pea" : "100,00", "pena" : "0,00", "pesi" : "96,29", "pesni" : "0,00", "pa" : "18,08", "pc" : "81,92", "munnr" : "3", "munpt" : "45", "munf" : "137", "pmunnr" : "1,62", "pmunpt" : "24,32", "pmunf" : "74,05" }, 
{ "and" : "P", "tpabr" : "UF", "cdabr" : "RN", "dt" : "02/10/2022", "ht" : "21:30:24", "s" : "7674", "st" : "7626", "snt" : "48", "si" : "7626", "sni" : "0", "sa" : "7626", "sna" : "0", "pst" : "99,37", "psnt" : "0,63", "psi" : "99,37", "psni" : "0,00", "psa" : "100,00", "psna" : "0,00", "e" : "2554716", "ea" : "2537910", "ena" : "0", "esi" : "2537910", "esni" : "0", "c" : "2077093", "a" : "460817", "pea" : "100,00", "pena" : "0,00", "pesi" : "99,34", "pesni" : "0,00", "pa" : "18,16", "pc" : "81,84", "munnr" : "0", "munpt" : "16", "munf" : "151", "pmunnr" : "00,00", "pmunpt" : "9,58", "pmunf" : "90,42" }, 
{ "and" : "P", "tpabr" : "UF", "cdabr" : "MG", "dt" : "02/10/2022", "ht" : "21:30:21", "s" : "49981", "st" : "48633", "snt" : "1348", "si" : "48633", "sni" : "0", "sa" : "48633", "sna" : "0", "pst" : "97,30", "psnt" : "2,70", "psi" : "97,30", "psni" : "0,00", "psa" : "100,00", "psna" : "0,00", "e" : "16283828", "ea" : "15854644", "ena" : "0", "esi" : "15854644", "esni" : "0", "c" : "12333353", "a" : "3521291", "pea" : "100,00", "pena" : "0,00", "pesi" : "97,36", "pesni" : "0,00", "pa" : "22,21", "pc" : "77,79", "munnr" : "31", "munpt" : "62", "munf" : "760", "pmunnr" : "3,63", "pmunpt" : "7,27", "pmunf" : "89,10" }, 
{ "and" : "P", "tpabr" : "UF", "cdabr" : "RO", "dt" : "02/10/2022", "ht" : "21:27:01", "s" : "4198", "st" : "4161", "snt" : "37", "si" : "4161", "sni" : "0", "sa" : "4161", "sna" : "0", "pst" : "99,12", "psnt" : "0,88", "psi" : "99,12", "psni" : "0,00", "psa" : "100,00", "psna" : "0,00", "e" : "1229998", "ea" : "1217399", "ena" : "0", "esi" : "1217399", "esni" : "0", "c" : "917654", "a" : "299745", "pea" : "100,00", "pena" : "0,00", "pesi" : "98,98", "pesni" : "0,00", "pa" : "24,62", "pc" : "75,38", "munnr" : "0", "munpt" : "6", "munf" : "46", "pmunnr" : "00,00", "pmunpt" : "11,54", "pmunf" : "88,46" }, 
{ "and" : "P", "tpabr" : "UF", "cdabr" : "CE", "dt" : "02/10/2022", "ht" : "21:30:20", "s" : "22796", "st" : "21665", "snt" : "1131", "si" : "21665", "sni" : "0", "sa" : "21665", "sna" : "0", "pst" : "95,04", "psnt" : "4,96", "psi" : "95,04", "psni" : "0,00", "psa" : "100,00", "psna" : "0,00", "e" : "6818732", "ea" : "6490824", "ena" : "0", "esi" : "6490824", "esni" : "0", "c" : "5359403", "a" : "1131421", "pea" : "100,00", "pena" : "0,00", "pesi" : "95,19", "pesni" : "0,00", "pa" : "17,43", "pc" : "82,57", "munnr" : "4", "munpt" : "67", "munf" : "113", "pmunnr" : "2,17", "pmunpt" : "36,41", "pmunf" : "61,41" }, 
{ "and" : "P", "tpabr" : "UF", "cdabr" : "GO", "dt" : "02/10/2022", "ht" : "21:29:13", "s" : "14620", "st" : "14588", "snt" : "32", "si" : "14588", "sni" : "0", "sa" : "14588", "sna" : "0", "pst" : "99,78", "psnt" : "0,22", "psi" : "99,78", "psni" : "0,00", "psa" : "100,00", "psna" : "0,00", "e" : "4870292", "ea" : "4860893", "ena" : "0", "esi" : "4860893", "esni" : "0", "c" : "3805296", "a" : "1055597", "pea" : "100,00", "pena" : "0,00", "pesi" : "99,81", "pesni" : "0,00", "pa" : "21,72", "pc" : "78,28", "munnr" : "1", "munpt" : "9", "munf" : "236", "pmunnr" : "0,41", "pmunpt" : "3,66", "pmunf" : "95,93" }, 
{ "and" : "P", "tpabr" : "UF", "cdabr" : "MS", "dt" : "02/10/2022", "ht" : "20:54:51", "s" : "6912", "st" : "6910", "snt" : "2", "si" : "6910", "sni" : "0", "sa" : "6910", "sna" : "0", "pst" : "99,97", "psnt" : "0,03", "psi" : "99,97", "psni" : "0,00", "psa" : "100,00", "psna" : "0,00", "e" : "1995932", "ea" : "1995509", "ena" : "0", "esi" : "1995509", "esni" : "0", "c" : "1554759", "a" : "440750", "pea" : "100,00", "pena" : "0,00", "pesi" : "99,98", "pesni" : "0,00", "pa" : "22,09", "pc" : "77,91", "munnr" : "0", "munpt" : "1", "munf" : "78", "pmunnr" : "00,00", "pmunpt" : "1,27", "pmunf" : "98,73" }, 
{ "and" : "P", "tpabr" : "UF", "cdabr" : "MT", "dt" : "02/10/2022", "ht" : "21:29:13", "s" : "7652", "st" : "7634", "snt" : "18", "si" : "7634", "sni" : "0", "sa" : "7634", "sna" : "0", "pst" : "99,76", "psnt" : "0,24", "psi" : "99,76", "psni" : "0,00", "psa" : "100,00", "psna" : "0,00", "e" : "2469604", "ea" : "2463277", "ena" : "0", "esi" : "2463277", "esni" : "0", "c" : "1887583", "a" : "575694", "pea" : "100,00", "pena" : "0,00", "pesi" : "99,74", "pesni" : "0,00", "pa" : "23,37", "pc" : "76,63", "munnr" : "0", "munpt" : "10", "munf" : "131", "pmunnr" : "00,00", "pmunpt" : "7,09", "pmunf" : "92,91" }, 
{ "and" : "P", "tpabr" : "UF", "cdabr" : "SE", "dt" : "02/10/2022", "ht" : "21:23:38", "s" : "5498", "st" : "5480", "snt" : "18", "si" : "5480", "sni" : "0", "sa" : "5480", "sna" : "0", "pst" : "99,67", "psnt" : "0,33", "psi" : "99,67", "psni" : "0,00", "psa" : "100,00", "psna" : "0,00", "e" : "1671376", "ea" : "1664995", "ena" : "0", "esi" : "1664995", "esni" : "0", "c" : "1359521", "a" : "305474", "pea" : "100,00", "pena" : "0,00", "pesi" : "99,62", "pesni" : "0,00", "pa" : "18,35", "pc" : "81,65", "munnr" : "0", "munpt" : "6", "munf" : "69", "pmunnr" : "00,00", "pmunpt" : "8,00", "pmunf" : "92,00" }, 
{ "and" : "F", "tpabr" : "UF", "cdabr" : "DF", "dt" : "02/10/2022", "ht" : "20:36:59", "s" : "6748", "st" : "6748", "snt" : "0", "si" : "6748", "sni" : "0", "sa" : "6748", "sna" : "0", "pst" : "100,00", "psnt" : "0,00", "psi" : "100,00", "psni" : "0,00", "psa" : "100,00", "psna" : "0,00", "e" : "2206996", "ea" : "2206996", "ena" : "0", "esi" : "2206996", "esni" : "0", "c" : "1819900", "a" : "387096", "pea" : "100,00", "pena" : "0,00", "pesi" : "100,00", "pesni" : "0,00", "pa" : "17,54", "pc" : "82,46", "munnr" : "0", "munpt" : "0", "munf" : "1", "pmunnr" : "00,00", "pmunpt" : "00,00", "pmunf" : "100,00" }, 
{ "and" : "F", "tpabr" : "UF", "cdabr" : "ES", "dt" : "02/10/2022", "ht" : "20:41:59", "s" : "9239", "st" : "9239", "snt" : "0", "si" : "9239", "sni" : "0", "sa" : "9239", "sna" : "0", "pst" : "100,00", "psnt" : "0,00", "psi" : "100,00", "psni" : "0,00", "psa" : "100,00", "psna" : "0,00", "e" : "2922379", "ea" : "2922379", "ena" : "0", "esi" : "2922379", "esni" : "0", "c" : "2315889", "a" : "606490", "pea" : "100,00", "pena" : "0,00", "pesi" : "100,00", "pesni" : "0,00", "pa" : "20,75", "pc" : "79,25", "munnr" : "0", "munpt" : "0", "munf" : "78", "pmunnr" : "00,00", "pmunpt" : "00,00", "pmunf" : "100,00" }, 
{ "and" : "P", "tpabr" : "UF", "cdabr" : "MA", "dt" : "02/10/2022", "ht" : "21:30:21", "s" : "16423", "st" : "13375", "snt" : "3048", "si" : "13375", "sni" : "0", "sa" : "13375", "sna" : "0", "pst" : "81,44", "psnt" : "18,56", "psi" : "81,44", "psni" : "0,00", "psa" : "100,00", "psna" : "0,00", "e" : "5039287", "ea" : "4109924", "ena" : "0", "esi" : "4109924", "esni" : "0", "c" : "3211996", "a" : "897928", "pea" : "100,00", "pena" : "0,00", "pesi" : "81,56", "pesni" : "0,00", "pa" : "21,85", "pc" : "78,15", "munnr" : "21", "munpt" : "128", "munf" : "68", "pmunnr" : "9,68", "pmunpt" : "58,99", "pmunf" : "31,34" }, 
{ "and" : "P", "tpabr" : "UF", "cdabr" : "PA", "dt" : "02/10/2022", "ht" : "21:30:24", "s" : "18235", "st" : "17603", "snt" : "632", "si" : "17603", "sni" : "0", "sa" : "17603", "sna" : "0", "pst" : "96,53", "psnt" : "3,47", "psi" : "96,53", "psni" : "0,00", "psa" : "100,00", "psna" : "0,00", "e" : "6079280", "ea" : "5865905", "ena" : "0", "esi" : "5865905", "esni" : "0", "c" : "4618800", "a" : "1247105", "pea" : "100,00", "pena" : "0,00", "pesi" : "96,49", "pesni" : "0,00", "pa" : "21,26", "pc" : "78,74", "munnr" : "0", "munpt" : "73", "munf" : "71", "pmunnr" : "00,00", "pmunpt" : "50,69", "pmunf" : "49,31" }, 
{ "and" : "P", "tpabr" : "UF", "cdabr" : "PI", "dt" : "02/10/2022", "ht" : "21:30:24", "s" : "8963", "st" : "8510", "snt" : "453", "si" : "8510", "sni" : "0", "sa" : "8510", "sna" : "0", "pst" : "94,95", "psnt" : "5,05", "psi" : "94,95", "psni" : "0,00", "psa" : "100,00", "psna" : "0,00", "e" : "2570433", "ea" : "2434294", "ena" : "0", "esi" : "2434294", "esni" : "0", "c" : "2002882", "a" : "431412", "pea" : "100,00", "pena" : "0,00", "pesi" : "94,70", "pesni" : "0,00", "pa" : "17,72", "pc" : "82,28", "munnr" : "5", "munpt" : "81", "munf" : "138", "pmunnr" : "2,23", "pmunpt" : "36,16", "pmunf" : "61,61" }, 
{ "and" : "P", "tpabr" : "UF", "cdabr" : "RS", "dt" : "02/10/2022", "ht" : "21:27:01", "s" : "27201", "st" : "26985", "snt" : "216", "si" : "26985", "sni" : "0", "sa" : "26985", "sna" : "0", "pst" : "99,21", "psnt" : "0,79", "psi" : "99,21", "psni" : "0,00", "psa" : "100,00", "psna" : "0,00", "e" : "8589432", "ea" : "8510912", "ena" : "0", "esi" : "8510912", "esni" : "0", "c" : "6828017", "a" : "1682895", "pea" : "100,00", "pena" : "0,00", "pesi" : "99,09", "pesni" : "0,00", "pa" : "19,77", "pc" : "80,23", "munnr" : "1", "munpt" : "10", "munf" : "486", "pmunnr" : "0,20", "pmunpt" : "2,01", "pmunf" : "97,79" }, 
{ "and" : "P", "tpabr" : "UF", "cdabr" : "AC", "dt" : "02/10/2022", "ht" : "21:24:43", "s" : "2124", "st" : "2093", "snt" : "31", "si" : "2093", "sni" : "0", "sa" : "2093", "sna" : "0", "pst" : "98,54", "psnt" : "1,46", "psi" : "98,54", "psni" : "0,00", "psa" : "100,00", "psna" : "0,00", "e" : "587738", "ea" : "579269", "ena" : "0", "esi" : "579269", "esni" : "0", "c" : "449800", "a" : "129469", "pea" : "100,00", "pena" : "0,00", "pesi" : "98,56", "pesni" : "0,00", "pa" : "22,35", "pc" : "77,65", "munnr" : "0", "munpt" : "3", "munf" : "19", "pmunnr" : "00,00", "pmunpt" : "13,64", "pmunf" : "86,36" }, 
{ "and" : "P", "tpabr" : "UF", "cdabr" : "PR", "dt" : "02/10/2022", "ht" : "21:29:14", "s" : "25721", "st" : "25671", "snt" : "50", "si" : "25671", "sni" : "0", "sa" : "25671", "sna" : "0", "pst" : "99,81", "psnt" : "0,19", "psi" : "99,81", "psni" : "0,00", "psa" : "100,00", "psna" : "0,00", "e" : "8480435", "ea" : "8463911", "ena" : "0", "esi" : "8463911", "esni" : "0", "c" : "6816124", "a" : "1647787", "pea" : "100,00", "pena" : "0,00", "pesi" : "99,81", "pesni" : "0,00", "pa" : "19,47", "pc" : "80,53", "munnr" : "1", "munpt" : "11", "munf" : "387", "pmunnr" : "0,25", "pmunpt" : "2,76", "pmunf" : "96,99" }, 
{ "and" : "P", "tpabr" : "UF", "cdabr" : "SC", "dt" : "02/10/2022", "ht" : "21:25:53", "s" : "16242", "st" : "16231", "snt" : "11", "si" : "16231", "sni" : "0", "sa" : "16231", "sna" : "0", "pst" : "99,93", "psnt" : "0,07", "psi" : "99,93", "psni" : "0,00", "psa" : "100,00", "psna" : "0,00", "e" : "5501478", "ea" : "5497600", "ena" : "0", "esi" : "5497600", "esni" : "0", "c" : "4484407", "a" : "1013193", "pea" : "100,00", "pena" : "0,00", "pesi" : "99,93", "pesni" : "0,00", "pa" : "18,43", "pc" : "81,57", "munnr" : "0", "munpt" : "7", "munf" : "288", "pmunnr" : "00,00", "pmunpt" : "2,37", "pmunf" : "97,63" }, 
{ "and" : "P", "tpabr" : "UF", "cdabr" : "TO", "dt" : "02/10/2022", "ht" : "21:15:53", "s" : "3957", "st" : "3953", "snt" : "4", "si" : "3953", "sni" : "0", "sa" : "3953", "sna" : "0", "pst" : "99,90", "psnt" : "0,10", "psi" : "99,90", "psni" : "0,00", "psa" : "100,00", "psna" : "0,00", "e" : "1094346", "ea" : "1093138", "ena" : "0", "esi" : "1093138", "esni" : "0", "c" : "890512", "a" : "202626", "pea" : "100,00", "pena" : "0,00", "pesi" : "99,89", "pesni" : "0,00", "pa" : "18,54", "pc" : "81,46", "munnr" : "0", "munpt" : "3", "munf" : "136", "pmunnr" : "00,00", "pmunpt" : "2,16", "pmunf" : "97,84" }, 
{ "and" : "P", "tpabr" : "UF", "cdabr" : "AL", "dt" : "02/10/2022", "ht" : "21:30:21", "s" : "6626", "st" : "5942", "snt" : "684", "si" : "5942", "sni" : "0", "sa" : "5942", "sna" : "0", "pst" : "89,68", "psnt" : "10,32", "psi" : "89,68", "psni" : "0,00", "psa" : "100,00", "psna" : "0,00", "e" : "2326491", "ea" : "2072174", "ena" : "0", "esi" : "2072174", "esni" : "0", "c" : "1611690", "a" : "460484", "pea" : "100,00", "pena" : "0,00", "pesi" : "89,07", "pesni" : "0,00", "pa" : "22,22", "pc" : "77,78", "munnr" : "7", "munpt" : "28", "munf" : "67", "pmunnr" : "6,86", "pmunpt" : "27,45", "pmunf" : "65,69" }, 
{ "and" : "P", "tpabr" : "UF", "cdabr" : "BA", "dt" : "02/10/2022", "ht" : "21:30:27", "s" : "34424", "st" : "31988", "snt" : "2436", "si" : "31988", "sni" : "0", "sa" : "31988", "sna" : "0", "pst" : "92,92", "psnt" : "7,08", "psi" : "92,92", "psni" : "0,00", "psa" : "100,00", "psna" : "0,00", "e" : "11283405", "ea" : "10476902", "ena" : "0", "esi" : "10476902", "esni" : "0", "c" : "8250391", "a" : "2226511", "pea" : "100,00", "pena" : "0,00", "pesi" : "92,85", "pesni" : "0,00", "pa" : "21,25", "pc" : "78,75", "munnr" : "14", "munpt" : "171", "munf" : "232", "pmunnr" : "3,36", "pmunpt" : "41,01", "pmunf" : "55,64" }, 
{ "and" : "P", "tpabr" : "UF", "cdabr" : "PB", "dt" : "02/10/2022", "ht" : "21:23:37", "s" : "9602", "st" : "9576", "snt" : "26", "si" : "9576", "sni" : "0", "sa" : "9576", "sna" : "0", "pst" : "99,73", "psnt" : "0,27", "psi" : "99,73", "psni" : "0,00", "psa" : "100,00", "psna" : "0,00", "e" : "3092053", "ea" : "3083793", "ena" : "0", "esi" : "3083793", "esni" : "0", "c" : "2550621", "a" : "533172", "pea" : "100,00", "pena" : "0,00", "pesi" : "99,73", "pesni" : "0,00", "pa" : "17,29", "pc" : "82,71", "munnr" : "1", "munpt" : "3", "munf" : "219", "pmunnr" : "0,45", "pmunpt" : "1,35", "pmunf" : "98,21" }, 
{ "and" : "P", "tpabr" : "UF", "cdabr" : "AP", "dt" : "02/10/2022", "ht" : "21:21:22", "s" : "1740", "st" : "1733", "snt" : "7", "si" : "1733", "sni" : "0", "sa" : "1733", "sna" : "0", "pst" : "99,60", "psnt" : "0,40", "psi" : "99,60", "psni" : "0,00", "psa" : "100,00", "psna" : "0,00", "e" : "550165", "ea" : "547388", "ena" : "0", "esi" : "547388", "esni" : "0", "c" : "440554", "a" : "106834", "pea" : "100,00", "pena" : "0,00", "pesi" : "99,50", "pesni" : "0,00", "pa" : "19,52", "pc" : "80,48", "munnr" : "0", "munpt" : "5", "munf" : "11", "pmunnr" : "00,00", "pmunpt" : "31,25", "pmunf" : "68,75" }, 
{ "and" : "P", "tpabr" : "UF", "cdabr" : "RJ", "dt" : "02/10/2022", "ht" : "21:30:21", "s" : "34068", "st" : "33451", "snt" : "617", "si" : "33451", "sni" : "0", "sa" : "33451", "sna" : "0", "pst" : "98,19", "psnt" : "1,81", "psi" : "98,19", "psni" : "0,00", "psa" : "100,00", "psna" : "0,00", "e" : "12826356", "ea" : "12586663", "ena" : "0", "esi" : "12586663", "esni" : "0", "c" : "9725072", "a" : "2861591", "pea" : "100,00", "pena" : "0,00", "pesi" : "98,13", "pesni" : "0,00", "pa" : "22,74", "pc" : "77,26", "munnr" : "1", "munpt" : "29", "munf" : "62", "pmunnr" : "1,09", "pmunpt" : "31,52", "pmunf" : "67,39" }, 
{ "and" : "F", "tpabr" : "UF", "cdabr" : "RR", "dt" : "02/10/2022", "ht" : "21:07:58", "s" : "1268", "st" : "1268", "snt" : "0", "si" : "1268", "sni" : "0", "sa" : "1268", "sna" : "0", "pst" : "100,00", "psnt" : "0,00", "psi" : "100,00", "psni" : "0,00", "psa" : "100,00", "psna" : "0,00", "e" : "366632", "ea" : "366632", "ena" : "0", "esi" : "366632", "esni" : "0", "c" : "305404", "a" : "61228", "pea" : "100,00", "pena" : "0,00", "pesi" : "100,00", "pesni" : "0,00", "pa" : "16,70", "pc" : "83,30", "munnr" : "0", "munpt" : "0", "munf" : "15", "pmunnr" : "00,00", "pmunpt" : "00,00", "pmunf" : "100,00" }, 
{ "and" : "P", "tpabr" : "UF", "cdabr" : "ZZ", "dt" : "02/10/2022", "ht" : "21:30:23", "s" : "1064", "st" : "935", "snt" : "129", "si" : "889", "sni" : "46", "sa" : "889", "sna" : "0", "pst" : "87,88", "psnt" : "12,12", "psi" : "83,55", "psni" : "16,45", "psa" : "100,00", "psna" : "0,00", "e" : "695355", "ea" : "613382", "ena" : "0", "esi" : "613382", "esni" : "573", "c" : "271880", "a" : "341502", "pea" : "100,00", "pena" : "0,00", "pesi" : "88,21", "pesni" : "99,92", "pa" : "55,68", "pc" : "44,32", "munnr" : "20", "munpt" : "26", "munf" : "135", "pmunnr" : "11,05", "pmunpt" : "14,36", "pmunf" : "74,59" }, 
{ "and" : "P", "tpabr" : "UF", "cdabr" : "SP", "dt" : "02/10/2022", "ht" : "21:30:24", "s" : "101073", "st" : "100366", "snt" : "707", "si" : "100366", "sni" : "0", "sa" : "100366", "sna" : "0", "pst" : "99,30", "psnt" : "0,70", "psi" : "99,30", "psni" : "0,00", "psa" : "100,00", "psna" : "0,00", "e" : "34684927", "ea" : "34432362", "ena" : "0", "esi" : "34432362", "esni" : "0", "c" : "26991089", "a" : "7441273", "pea" : "100,00", "pena" : "0,00", "pesi" : "99,27", "pesni" : "0,00", "pa" : "21,61", "pc" : "78,39", "munnr" : "5", "munpt" : "25", "munf" : "615", "pmunnr" : "0,78", "pmunpt" : "3,88", "pmunf" : "95,35" }, 
{ "and" : "P", "tpabr" : "BR", "cdabr" : "BR", "dt" : "02/10/2022", "ht" : "21:30:27", "s" : "472075", "st" : "459434", "snt" : "12641", "si" : "459387", "sni" : "47", "sa" : "459387", "sna" : "0", "pst" : "97,32", "psnt" : "2,68", "psi" : "97,31", "psni" : "2,69", "psa" : "100,00", "psna" : "0,00", "e" : "156454011", "ea" : "152272124", "ena" : "0", "esi" : "152272124", "esni" : "657", "c" : "120466639", "a" : "31805485", "pea" : "100,00", "pena" : "0,00", "pesi" : "97,32", "pesni" : "100,00", "pa" : "20,89", "pc" : "79,11", "ufsnr" : "0", "ufspt" : "25", "ufsf" : "3", "pufsnr" : "00,00", "pufspt" : "89,29", "pufsf" : "10,71" } ] }