
{ "ele" : "544", "t" : "1", "f" : "O", "dg" : "02/10/2022", "hg" : "19:05:15", "abr" : [ 
{ "and" : "P", "tpabr" : "UF", "cdabr" : "AM", "dt" : "02/10/2022", "ht" : "19:03:47", "s" : "7454", "st" : "3206", "snt" : "4248", "si" : "3206", "sni" : "0", "sa" : "3206", "sna" : "0", "pst" : "43,01", "psnt" : "56,99", "psi" : "43,01", "psni" : "0,00", "psa" : "100,00", "psna" : "0,00", "e" : "2646924", "ea" : "1115448", "ena" : "0", "esi" : "1115448", "esni" : "0", "c" : "919016", "a" : "196432", "pea" : "100,00", "pena" : "0,00", "pesi" : "42,14", "pesni" : "0,00", "pa" : "17,61", "pc" : "82,39", "munnr" : "5", "munpt" : "57", "munf" : "0", "pmunnr" : "8,06", "pmunpt" : "91,94", "pmunf" : "00,00" }, 
{ "and" : "P", "tpabr" : "UF", "cdabr" : "PE", "dt" : "02/10/2022", "ht" : "19:04:04", "s" : "20572", "st" : "2403", "snt" : "18169", "si" : "2403", "sni" : "0", "sa" : "2403", "sna" : "0", "pst" : "11,68", "psnt" : "88,32", "psi" : "11,68", "psni" : "0,00", "psa" : "100,00", "psna" : "0,00", "e" : "7015421", "ea" : "725202", "ena" : "0", "esi" : "725202", "esni" : "0", "c" : "590607", "a" : "134595", "pea" : "100,00", "pena" : "0,00", "pesi" : "10,34", "pesni" : "0,00", "pa" : "18,56", "pc" : "81,44", "munnr" : "96", "munpt" : "89", "munf" : "0", "pmunnr" : "51,89", "pmunpt" : "48,11", "pmunf" : "00,00" }, 
{ "and" : "P", "tpabr" : "UF", "cdabr" : "RN", "dt" : "02/10/2022", "ht" : "19:04:24", "s" : "7674", "st" : "2450", "snt" : "5224", "si" : "2450", "sni" : "0", "sa" : "2450", "sna" : "0", "pst" : "31,93", "psnt" : "68,07", "psi" : "31,93", "psni" : "0,00", "psa" : "100,00", "psna" : "0,00", "e" : "2554716", "ea" : "738546", "ena" : "0", "esi" : "738546", "esni" : "0", "c" : "607435", "a" : "131111", "pea" : "100,00", "pena" : "0,00", "pesi" : "28,91", "pesni" : "0,00", "pa" : "17,75", "pc" : "82,25", "munnr" : "32", "munpt" : "117", "munf" : "18", "pmunnr" : "19,16", "pmunpt" : "70,06", "pmunf" : "10,78" }, 
{ "and" : "P", "tpabr" : "UF", "cdabr" : "MG", "dt" : "02/10/2022", "ht" : "19:04:06", "s" : "49981", "st" : "10243", "snt" : "39738", "si" : "10243", "sni" : "0", "sa" : "10243", "sna" : "0", "pst" : "20,49", "psnt" : "79,51", "psi" : "20,49", "psni" : "0,00", "psa" : "100,00", "psna" : "0,00", "e" : "16283828", "ea" : "3139238", "ena" : "0", "esi" : "3139238", "esni" : "0", "c" : "2425468", "a" : "713770", "pea" : "100,00", "pena" : "0,00", "pesi" : "19,28", "pesni" : "0,00", "pa" : "22,74", "pc" : "77,26", "munnr" : "522", "munpt" : "305", "munf" : "26", "pmunnr" : "61,20", "pmunpt" : "35,76", "pmunf" : "3,05" }, 
{ "and" : "P", "tpabr" : "UF", "cdabr" : "RO", "dt" : "02/10/2022", "ht" : "19:04:34", "s" : "4198", "st" : "2008", "snt" : "2190", "si" : "2008", "sni" : "0", "sa" : "2008", "sna" : "0", "pst" : "47,83", "psnt" : "52,17", "psi" : "47,83", "psni" : "0,00", "psa" : "100,00", "psna" : "0,00", "e" : "1229998", "ea" : "579749", "ena" : "0", "esi" : "579749", "esni" : "0", "c" : "447048", "a" : "132701", "pea" : "100,00", "pena" : "0,00", "pesi" : "47,13", "pesni" : "0,00", "pa" : "22,89", "pc" : "77,11", "munnr" : "20", "munpt" : "29", "munf" : "3", "pmunnr" : "38,46", "pmunpt" : "55,77", "pmunf" : "5,77" }, 
{ "and" : "P", "tpabr" : "UF", "cdabr" : "CE", "dt" : "02/10/2022", "ht" : "19:03:49", "s" : "22796", "st" : "3817", "snt" : "18979", "si" : "3817", "sni" : "0", "sa" : "3817", "sna" : "0", "pst" : "16,74", "psnt" : "83,26", "psi" : "16,74", "psni" : "0,00", "psa" : "100,00", "psna" : "0,00", "e" : "6818732", "ea" : "1101832", "ena" : "0", "esi" : "1101832", "esni" : "0", "c" : "892423", "a" : "209409", "pea" : "100,00", "pena" : "0,00", "pesi" : "16,16", "pesni" : "0,00", "pa" : "19,01", "pc" : "80,99", "munnr" : "75", "munpt" : "109", "munf" : "0", "pmunnr" : "40,76", "pmunpt" : "59,24", "pmunf" : "00,00" }, 
{ "and" : "P", "tpabr" : "UF", "cdabr" : "GO", "dt" : "02/10/2022", "ht" : "19:04:22", "s" : "14620", "st" : "6507", "snt" : "8113", "si" : "6507", "sni" : "0", "sa" : "6507", "sna" : "0", "pst" : "44,51", "psnt" : "55,49", "psi" : "44,51", "psni" : "0,00", "psa" : "100,00", "psna" : "0,00", "e" : "4870292", "ea" : "2132794", "ena" : "0", "esi" : "2132794", "esni" : "0", "c" : "1676559", "a" : "456235", "pea" : "100,00", "pena" : "0,00", "pesi" : "43,79", "pesni" : "0,00", "pa" : "21,39", "pc" : "78,61", "munnr" : "136", "munpt" : "100", "munf" : "10", "pmunnr" : "55,28", "pmunpt" : "40,65", "pmunf" : "4,07" }, 
{ "and" : "P", "tpabr" : "UF", "cdabr" : "MS", "dt" : "02/10/2022", "ht" : "19:04:39", "s" : "6912", "st" : "5632", "snt" : "1280", "si" : "5632", "sni" : "0", "sa" : "5632", "sna" : "0", "pst" : "81,48", "psnt" : "18,52", "psi" : "81,48", "psni" : "0,00", "psa" : "100,00", "psna" : "0,00", "e" : "1995932", "ea" : "1610496", "ena" : "0", "esi" : "1610496", "esni" : "0", "c" : "1260543", "a" : "349953", "pea" : "100,00", "pena" : "0,00", "pesi" : "80,69", "pesni" : "0,00", "pa" : "21,73", "pc" : "78,27", "munnr" : "5", "munpt" : "55", "munf" : "19", "pmunnr" : "6,33", "pmunpt" : "69,62", "pmunf" : "24,05" }, 
{ "and" : "P", "tpabr" : "UF", "cdabr" : "MT", "dt" : "02/10/2022", "ht" : "19:04:36", "s" : "7652", "st" : "3617", "snt" : "4035", "si" : "3617", "sni" : "0", "sa" : "3617", "sna" : "0", "pst" : "47,27", "psnt" : "52,73", "psi" : "47,27", "psni" : "0,00", "psa" : "100,00", "psna" : "0,00", "e" : "2469604", "ea" : "1122015", "ena" : "0", "esi" : "1122015", "esni" : "0", "c" : "875515", "a" : "246500", "pea" : "100,00", "pena" : "0,00", "pesi" : "45,43", "pesni" : "0,00", "pa" : "21,97", "pc" : "78,03", "munnr" : "30", "munpt" : "93", "munf" : "18", "pmunnr" : "21,28", "pmunpt" : "65,96", "pmunf" : "12,77" }, 
{ "and" : "P", "tpabr" : "UF", "cdabr" : "SE", "dt" : "02/10/2022", "ht" : "19:04:25", "s" : "5498", "st" : "1970", "snt" : "3528", "si" : "1970", "sni" : "0", "sa" : "1970", "sna" : "0", "pst" : "35,83", "psnt" : "64,17", "psi" : "35,83", "psni" : "0,00", "psa" : "100,00", "psna" : "0,00", "e" : "1671376", "ea" : "575467", "ena" : "0", "esi" : "575467", "esni" : "0", "c" : "474803", "a" : "100664", "pea" : "100,00", "pena" : "0,00", "pesi" : "34,43", "pesni" : "0,00", "pa" : "17,49", "pc" : "82,51", "munnr" : "25", "munpt" : "50", "munf" : "0", "pmunnr" : "33,33", "pmunpt" : "66,67", "pmunf" : "00,00" }, 
{ "and" : "P", "tpabr" : "UF", "cdabr" : "DF", "dt" : "02/10/2022", "ht" : "19:04:10", "s" : "6748", "st" : "6141", "snt" : "607", "si" : "6141", "sni" : "0", "sa" : "6141", "sna" : "0", "pst" : "91,00", "psnt" : "9,00", "psi" : "91,00", "psni" : "0,00", "psa" : "100,00", "psna" : "0,00", "e" : "2206996", "ea" : "1991708", "ena" : "0", "esi" : "1991708", "esni" : "0", "c" : "1644943", "a" : "346765", "pea" : "100,00", "pena" : "0,00", "pesi" : "90,25", "pesni" : "0,00", "pa" : "17,41", "pc" : "82,59", "munnr" : "0", "munpt" : "1", "munf" : "0", "pmunnr" : "00,00", "pmunpt" : "100,00", "pmunf" : "00,00" }, 
{ "and" : "P", "tpabr" : "UF", "cdabr" : "ES", "dt" : "02/10/2022", "ht" : "19:04:37", "s" : "9239", "st" : "7725", "snt" : "1514", "si" : "7725", "sni" : "0", "sa" : "7725", "sna" : "0", "pst" : "83,61", "psnt" : "16,39", "psi" : "83,61", "psni" : "0,00", "psa" : "100,00", "psna" : "0,00", "e" : "2922379", "ea" : "2417432", "ena" : "0", "esi" : "2417432", "esni" : "0", "c" : "1920091", "a" : "497341", "pea" : "100,00", "pena" : "0,00", "pesi" : "82,72", "pesni" : "0,00", "pa" : "20,57", "pc" : "79,43", "munnr" : "0", "munpt" : "45", "munf" : "33", "pmunnr" : "00,00", "pmunpt" : "57,69", "pmunf" : "42,31" }, 
{ "and" : "P", "tpabr" : "UF", "cdabr" : "MA", "dt" : "02/10/2022", "ht" : "19:03:48", "s" : "16423", "st" : "1559", "snt" : "14864", "si" : "1559", "sni" : "0", "sa" : "1559", "sna" : "0", "pst" : "9,49", "psnt" : "90,51", "psi" : "9,49", "psni" : "0,00", "psa" : "100,00", "psna" : "0,00", "e" : "5039287", "ea" : "444311", "ena" : "0", "esi" : "444311", "esni" : "0", "c" : "348576", "a" : "95735", "pea" : "100,00", "pena" : "0,00", "pesi" : "8,82", "pesni" : "0,00", "pa" : "21,55", "pc" : "78,45", "munnr" : "125", "munpt" : "92", "munf" : "0", "pmunnr" : "57,60", "pmunpt" : "42,40", "pmunf" : "00,00" }, 
{ "and" : "P", "tpabr" : "UF", "cdabr" : "PA", "dt" : "02/10/2022", "ht" : "19:04:43", "s" : "18235", "st" : "5986", "snt" : "12249", "si" : "5986", "sni" : "0", "sa" : "5986", "sna" : "0", "pst" : "32,83", "psnt" : "67,17", "psi" : "32,83", "psni" : "0,00", "psa" : "100,00", "psna" : "0,00", "e" : "6079280", "ea" : "1904994", "ena" : "0", "esi" : "1904994", "esni" : "0", "c" : "1516303", "a" : "388691", "pea" : "100,00", "pena" : "0,00", "pesi" : "31,34", "pesni" : "0,00", "pa" : "20,40", "pc" : "79,60", "munnr" : "6", "munpt" : "138", "munf" : "0", "pmunnr" : "4,17", "pmunpt" : "95,83", "pmunf" : "00,00" }, 
{ "and" : "P", "tpabr" : "UF", "cdabr" : "PI", "dt" : "02/10/2022", "ht" : "19:04:25", "s" : "8963", "st" : "3087", "snt" : "5876", "si" : "3087", "sni" : "0", "sa" : "3087", "sna" : "0", "pst" : "34,44", "psnt" : "65,56", "psi" : "34,44", "psni" : "0,00", "psa" : "100,00", "psna" : "0,00", "e" : "2570433", "ea" : "857814", "ena" : "0", "esi" : "857814", "esni" : "0", "c" : "704939", "a" : "152875", "pea" : "100,00", "pena" : "0,00", "pesi" : "33,37", "pesni" : "0,00", "pa" : "17,82", "pc" : "82,18", "munnr" : "60", "munpt" : "164", "munf" : "0", "pmunnr" : "26,79", "pmunpt" : "73,21", "pmunf" : "00,00" }, 
{ "and" : "P", "tpabr" : "UF", "cdabr" : "RS", "dt" : "02/10/2022", "ht" : "19:04:29", "s" : "27201", "st" : "12677", "snt" : "14524", "si" : "12677", "sni" : "0", "sa" : "12677", "sna" : "0", "pst" : "46,60", "psnt" : "53,40", "psi" : "46,60", "psni" : "0,00", "psa" : "100,00", "psna" : "0,00", "e" : "8589432", "ea" : "3969764", "ena" : "0", "esi" : "3969764", "esni" : "0", "c" : "3183142", "a" : "786622", "pea" : "100,00", "pena" : "0,00", "pesi" : "46,22", "pesni" : "0,00", "pa" : "19,82", "pc" : "80,18", "munnr" : "239", "munpt" : "214", "munf" : "44", "pmunnr" : "48,09", "pmunpt" : "43,06", "pmunf" : "8,85" }, 
{ "and" : "P", "tpabr" : "UF", "cdabr" : "AC", "dt" : "02/10/2022", "ht" : "19:04:29", "s" : "2124", "st" : "1271", "snt" : "853", "si" : "1271", "sni" : "0", "sa" : "1271", "sna" : "0", "pst" : "59,84", "psnt" : "40,16", "psi" : "59,84", "psni" : "0,00", "psa" : "100,00", "psna" : "0,00", "e" : "587738", "ea" : "354994", "ena" : "0", "esi" : "354994", "esni" : "0", "c" : "273865", "a" : "81129", "pea" : "100,00", "pena" : "0,00", "pesi" : "60,40", "pesni" : "0,00", "pa" : "22,85", "pc" : "77,15", "munnr" : "1", "munpt" : "21", "munf" : "0", "pmunnr" : "4,55", "pmunpt" : "95,45", "pmunf" : "00,00" }, 
{ "and" : "P", "tpabr" : "UF", "cdabr" : "PR", "dt" : "02/10/2022", "ht" : "19:04:17", "s" : "25721", "st" : "13001", "snt" : "12720", "si" : "13001", "sni" : "0", "sa" : "13001", "sna" : "0", "pst" : "50,55", "psnt" : "49,45", "psi" : "50,55", "psni" : "0,00", "psa" : "100,00", "psna" : "0,00", "e" : "8480435", "ea" : "4211549", "ena" : "0", "esi" : "4211549", "esni" : "0", "c" : "3397512", "a" : "814037", "pea" : "100,00", "pena" : "0,00", "pesi" : "49,66", "pesni" : "0,00", "pa" : "19,33", "pc" : "80,67", "munnr" : "131", "munpt" : "230", "munf" : "38", "pmunnr" : "32,83", "pmunpt" : "57,64", "pmunf" : "9,52" }, 
{ "and" : "P", "tpabr" : "UF", "cdabr" : "SC", "dt" : "02/10/2022", "ht" : "19:04:58", "s" : "16242", "st" : "2551", "snt" : "13691", "si" : "2551", "sni" : "0", "sa" : "2551", "sna" : "0", "pst" : "15,71", "psnt" : "84,29", "psi" : "15,71", "psni" : "0,00", "psa" : "100,00", "psna" : "0,00", "e" : "5501478", "ea" : "819239", "ena" : "0", "esi" : "819239", "esni" : "0", "c" : "675337", "a" : "143902", "pea" : "100,00", "pena" : "0,00", "pesi" : "14,89", "pesni" : "0,00", "pa" : "17,57", "pc" : "82,43", "munnr" : "173", "munpt" : "114", "munf" : "8", "pmunnr" : "58,64", "pmunpt" : "38,64", "pmunf" : "2,71" }, 
{ "and" : "P", "tpabr" : "UF", "cdabr" : "TO", "dt" : "02/10/2022", "ht" : "19:04:39", "s" : "3957", "st" : "2789", "snt" : "1168", "si" : "2789", "sni" : "0", "sa" : "2789", "sna" : "0", "pst" : "70,48", "psnt" : "29,52", "psi" : "70,48", "psni" : "0,00", "psa" : "100,00", "psna" : "0,00", "e" : "1094346", "ea" : "751403", "ena" : "0", "esi" : "751403", "esni" : "0", "c" : "611883", "a" : "139520", "pea" : "100,00", "pena" : "0,00", "pesi" : "68,66", "pesni" : "0,00", "pa" : "18,57", "pc" : "81,43", "munnr" : "18", "munpt" : "87", "munf" : "34", "pmunnr" : "12,95", "pmunpt" : "62,59", "pmunf" : "24,46" }, 
{ "and" : "P", "tpabr" : "UF", "cdabr" : "AL", "dt" : "02/10/2022", "ht" : "19:03:47", "s" : "6626", "st" : "174", "snt" : "6452", "si" : "174", "sni" : "0", "sa" : "174", "sna" : "0", "pst" : "2,63", "psnt" : "97,37", "psi" : "2,63", "psni" : "0,00", "psa" : "100,00", "psna" : "0,00", "e" : "2326491", "ea" : "54499", "ena" : "0", "esi" : "54499", "esni" : "0", "c" : "42957", "a" : "11542", "pea" : "100,00", "pena" : "0,00", "pesi" : "2,34", "pesni" : "0,00", "pa" : "21,18", "pc" : "78,82", "munnr" : "85", "munpt" : "17", "munf" : "0", "pmunnr" : "83,33", "pmunpt" : "16,67", "pmunf" : "00,00" }, 
{ "and" : "P", "tpabr" : "UF", "cdabr" : "BA", "dt" : "02/10/2022", "ht" : "19:03:49", "s" : "34424", "st" : "5257", "snt" : "29167", "si" : "5257", "sni" : "0", "sa" : "5257", "sna" : "0", "pst" : "15,27", "psnt" : "84,73", "psi" : "15,27", "psni" : "0,00", "psa" : "100,00", "psna" : "0,00", "e" : "11283405", "ea" : "1596392", "ena" : "0", "esi" : "1596392", "esni" : "0", "c" : "1258278", "a" : "338114", "pea" : "100,00", "pena" : "0,00", "pesi" : "14,15", "pesni" : "0,00", "pa" : "21,18", "pc" : "78,82", "munnr" : "167", "munpt" : "248", "munf" : "2", "pmunnr" : "40,05", "pmunpt" : "59,47", "pmunf" : "0,48" }, 
{ "and" : "P", "tpabr" : "UF", "cdabr" : "PB", "dt" : "02/10/2022", "ht" : "19:04:20", "s" : "9602", "st" : "3071", "snt" : "6531", "si" : "3071", "sni" : "0", "sa" : "3071", "sna" : "0", "pst" : "31,98", "psnt" : "68,02", "psi" : "31,98", "psni" : "0,00", "psa" : "100,00", "psna" : "0,00", "e" : "3092053", "ea" : "960213", "ena" : "0", "esi" : "960213", "esni" : "0", "c" : "800844", "a" : "159369", "pea" : "100,00", "pena" : "0,00", "pesi" : "31,05", "pesni" : "0,00", "pa" : "16,60", "pc" : "83,40", "munnr" : "94", "munpt" : "122", "munf" : "7", "pmunnr" : "42,15", "pmunpt" : "54,71", "pmunf" : "3,14" }, 
{ "and" : "P", "tpabr" : "UF", "cdabr" : "AP", "dt" : "02/10/2022", "ht" : "19:03:47", "s" : "1740", "st" : "656", "snt" : "1084", "si" : "656", "sni" : "0", "sa" : "656", "sna" : "0", "pst" : "37,70", "psnt" : "62,30", "psi" : "37,70", "psni" : "0,00", "psa" : "100,00", "psna" : "0,00", "e" : "550165", "ea" : "188297", "ena" : "0", "esi" : "188297", "esni" : "0", "c" : "150460", "a" : "37837", "pea" : "100,00", "pena" : "0,00", "pesi" : "34,23", "pesni" : "0,00", "pa" : "20,09", "pc" : "79,91", "munnr" : "1", "munpt" : "15", "munf" : "0", "pmunnr" : "6,25", "pmunpt" : "93,75", "pmunf" : "00,00" }, 
{ "and" : "P", "tpabr" : "UF", "cdabr" : "RJ", "dt" : "02/10/2022", "ht" : "19:03:50", "s" : "34068", "st" : "3377", "snt" : "30691", "si" : "3377", "sni" : "0", "sa" : "3377", "sna" : "0", "pst" : "9,91", "psnt" : "90,09", "psi" : "9,91", "psni" : "0,00", "psa" : "100,00", "psna" : "0,00", "e" : "12826356", "ea" : "1103446", "ena" : "0", "esi" : "1103446", "esni" : "0", "c" : "850388", "a" : "253058", "pea" : "100,00", "pena" : "0,00", "pesi" : "8,60", "pesni" : "0,00", "pa" : "22,93", "pc" : "77,07", "munnr" : "25", "munpt" : "67", "munf" : "0", "pmunnr" : "27,17", "pmunpt" : "72,83", "pmunf" : "00,00" }, 
{ "and" : "P", "tpabr" : "UF", "cdabr" : "RR", "dt" : "02/10/2022", "ht" : "19:04:10", "s" : "1268", "st" : "505", "snt" : "763", "si" : "505", "sni" : "0", "sa" : "505", "sna" : "0", "pst" : "39,83", "psnt" : "60,17", "psi" : "39,83", "psni" : "0,00", "psa" : "100,00", "psna" : "0,00", "e" : "366632", "ea" : "137111", "ena" : "0", "esi" : "137111", "esni" : "0", "c" : "114699", "a" : "22412", "pea" : "100,00", "pena" : "0,00", "pesi" : "37,40", "pesni" : "0,00", "pa" : "16,35", "pc" : "83,65", "munnr" : "0", "munpt" : "15", "munf" : "0", "pmunnr" : "00,00", "pmunpt" : "100,00", "pmunf" : "00,00" }, 
{ "and" : "P", "tpabr" : "UF", "cdabr" : "ZZ", "dt" : "02/10/2022", "ht" : "18:51:24", "s" : "1064", "st" : "466", "snt" : "598", "si" : "466", "sni" : "0", "sa" : "466", "sna" : "0", "pst" : "43,80", "psnt" : "56,20", "psi" : "43,80", "psni" : "0,00", "psa" : "100,00", "psna" : "0,00", "e" : "695355", "ea" : "325172", "ena" : "0", "esi" : "325172", "esni" : "0", "c" : "147154", "a" : "178018", "pea" : "100,00", "pena" : "0,00", "pesi" : "46,76", "pesni" : "0,00", "pa" : "54,75", "pc" : "45,25", "munnr" : "114", "munpt" : "13", "munf" : "54", "pmunnr" : "62,98", "pmunpt" : "7,18", "pmunf" : "29,83" }, 
{ "and" : "P", "tpabr" : "UF", "cdabr" : "SP", "dt" : "02/10/2022", "ht" : "19:04:00", "s" : "101073", "st" : "22001", "snt" : "79072", "si" : "22001", "sni" : "0", "sa" : "22001", "sna" : "0", "pst" : "21,77", "psnt" : "78,23", "psi" : "21,77", "psni" : "0,00", "psa" : "100,00", "psna" : "0,00", "e" : "34684927", "ea" : "7119828", "ena" : "0", "esi" : "7119828", "esni" : "0", "c" : "5550710", "a" : "1569118", "pea" : "100,00", "pena" : "0,00", "pesi" : "20,53", "pesni" : "0,00", "pa" : "22,04", "pc" : "77,96", "munnr" : "341", "munpt" : "225", "munf" : "79", "pmunnr" : "52,87", "pmunpt" : "34,88", "pmunf" : "12,25" }, 
{ "and" : "P", "tpabr" : "BR", "cdabr" : "BR", "dt" : "02/10/2022", "ht" : "19:04:58", "s" : "472075", "st" : "134147", "snt" : "337928", "si" : "134147", "sni" : "0", "sa" : "134147", "sna" : "0", "pst" : "28,41", "psnt" : "71,59", "psi" : "28,41", "psni" : "0,00", "psa" : "100,00", "psna" : "0,00", "e" : "156454011", "ea" : "42048953", "ena" : "0", "esi" : "42048953", "esni" : "0", "c" : "33361498", "a" : "8687455", "pea" : "100,00", "pena" : "0,00", "pesi" : "26,87", "pesni" : "0,00", "pa" : "20,67", "pc" : "79,33", "ufsnr" : "0", "ufspt" : "28", "ufsf" : "0", "pufsnr" : "00,00", "pufspt" : "100,00", "pufsf" : "00,00" } ] }