
{ "ele" : "544", "t" : "1", "f" : "O", "dg" : "02/10/2022", "hg" : "20:16:39", "abr" : [ 
{ "and" : "P", "tpabr" : "UF", "cdabr" : "AM", "dt" : "02/10/2022", "ht" : "20:16:26", "s" : "7454", "st" : "6273", "snt" : "1181", "si" : "6273", "sni" : "0", "sa" : "6273", "sna" : "0", "pst" : "84,16", "psnt" : "15,84", "psi" : "84,16", "psni" : "0,00", "psa" : "100,00", "psna" : "0,00", "e" : "2646924", "ea" : "2209190", "ena" : "0", "esi" : "2209190", "esni" : "0", "c" : "1782187", "a" : "427003", "pea" : "100,00", "pena" : "0,00", "pesi" : "83,46", "pesni" : "0,00", "pa" : "19,33", "pc" : "80,67", "munnr" : "1", "munpt" : "53", "munf" : "8", "pmunnr" : "1,61", "pmunpt" : "85,48", "pmunf" : "12,90" }, 
{ "and" : "P", "tpabr" : "UF", "cdabr" : "PE", "dt" : "02/10/2022", "ht" : "20:16:13", "s" : "20572", "st" : "13902", "snt" : "6670", "si" : "13902", "sni" : "0", "sa" : "13902", "sna" : "0", "pst" : "67,58", "psnt" : "32,42", "psi" : "67,58", "psni" : "0,00", "psa" : "100,00", "psna" : "0,00", "e" : "7015421", "ea" : "4664020", "ena" : "0", "esi" : "4664020", "esni" : "0", "c" : "3847099", "a" : "816921", "pea" : "100,00", "pena" : "0,00", "pesi" : "66,48", "pesni" : "0,00", "pa" : "17,52", "pc" : "82,48", "munnr" : "39", "munpt" : "126", "munf" : "20", "pmunnr" : "21,08", "pmunpt" : "68,11", "pmunf" : "10,81" }, 
{ "and" : "P", "tpabr" : "UF", "cdabr" : "RN", "dt" : "02/10/2022", "ht" : "20:15:51", "s" : "7674", "st" : "6234", "snt" : "1440", "si" : "6234", "sni" : "0", "sa" : "6234", "sna" : "0", "pst" : "81,24", "psnt" : "18,76", "psi" : "81,24", "psni" : "0,00", "psa" : "100,00", "psna" : "0,00", "e" : "2554716", "ea" : "2037597", "ena" : "0", "esi" : "2037597", "esni" : "0", "c" : "1670700", "a" : "366897", "pea" : "100,00", "pena" : "0,00", "pesi" : "79,76", "pesni" : "0,00", "pa" : "18,01", "pc" : "81,99", "munnr" : "5", "munpt" : "76", "munf" : "86", "pmunnr" : "2,99", "pmunpt" : "45,51", "pmunf" : "51,50" }, 
{ "and" : "P", "tpabr" : "UF", "cdabr" : "MG", "dt" : "02/10/2022", "ht" : "20:15:33", "s" : "49981", "st" : "37475", "snt" : "12506", "si" : "37475", "sni" : "0", "sa" : "37475", "sna" : "0", "pst" : "74,98", "psnt" : "25,02", "psi" : "74,98", "psni" : "0,00", "psa" : "100,00", "psna" : "0,00", "e" : "16283828", "ea" : "11992443", "ena" : "0", "esi" : "11992443", "esni" : "0", "c" : "9337366", "a" : "2655077", "pea" : "100,00", "pena" : "0,00", "pesi" : "73,65", "pesni" : "0,00", "pa" : "22,14", "pc" : "77,86", "munnr" : "200", "munpt" : "261", "munf" : "392", "pmunnr" : "23,45", "pmunpt" : "30,60", "pmunf" : "45,96" }, 
{ "and" : "P", "tpabr" : "UF", "cdabr" : "RO", "dt" : "02/10/2022", "ht" : "20:15:36", "s" : "4198", "st" : "3829", "snt" : "369", "si" : "3829", "sni" : "0", "sa" : "3829", "sna" : "0", "pst" : "91,21", "psnt" : "8,79", "psi" : "91,21", "psni" : "0,00", "psa" : "100,00", "psna" : "0,00", "e" : "1229998", "ea" : "1109944", "ena" : "0", "esi" : "1109944", "esni" : "0", "c" : "838926", "a" : "271018", "pea" : "100,00", "pena" : "0,00", "pesi" : "90,24", "pesni" : "0,00", "pa" : "24,42", "pc" : "75,58", "munnr" : "0", "munpt" : "33", "munf" : "19", "pmunnr" : "00,00", "pmunpt" : "63,46", "pmunf" : "36,54" }, 
{ "and" : "P", "tpabr" : "UF", "cdabr" : "CE", "dt" : "02/10/2022", "ht" : "20:15:52", "s" : "22796", "st" : "16246", "snt" : "6550", "si" : "16246", "sni" : "0", "sa" : "16246", "sna" : "0", "pst" : "71,27", "psnt" : "28,73", "psi" : "71,27", "psni" : "0,00", "psa" : "100,00", "psna" : "0,00", "e" : "6818732", "ea" : "4901927", "ena" : "0", "esi" : "4901927", "esni" : "0", "c" : "4048621", "a" : "853306", "pea" : "100,00", "pena" : "0,00", "pesi" : "71,89", "pesni" : "0,00", "pa" : "17,41", "pc" : "82,59", "munnr" : "23", "munpt" : "138", "munf" : "23", "pmunnr" : "12,50", "pmunpt" : "75,00", "pmunf" : "12,50" }, 
{ "and" : "P", "tpabr" : "UF", "cdabr" : "GO", "dt" : "02/10/2022", "ht" : "20:16:26", "s" : "14620", "st" : "13494", "snt" : "1126", "si" : "13494", "sni" : "0", "sa" : "13494", "sna" : "0", "pst" : "92,30", "psnt" : "7,70", "psi" : "92,30", "psni" : "0,00", "psa" : "100,00", "psna" : "0,00", "e" : "4870292", "ea" : "4490742", "ena" : "0", "esi" : "4490742", "esni" : "0", "c" : "3518113", "a" : "972629", "pea" : "100,00", "pena" : "0,00", "pesi" : "92,21", "pesni" : "0,00", "pa" : "21,66", "pc" : "78,34", "munnr" : "34", "munpt" : "76", "munf" : "136", "pmunnr" : "13,82", "pmunpt" : "30,89", "pmunf" : "55,28" }, 
{ "and" : "P", "tpabr" : "UF", "cdabr" : "MS", "dt" : "02/10/2022", "ht" : "20:16:25", "s" : "6912", "st" : "6877", "snt" : "35", "si" : "6877", "sni" : "0", "sa" : "6877", "sna" : "0", "pst" : "99,49", "psnt" : "0,51", "psi" : "99,49", "psni" : "0,00", "psa" : "100,00", "psna" : "0,00", "e" : "1995932", "ea" : "1985355", "ena" : "0", "esi" : "1985355", "esni" : "0", "c" : "1547303", "a" : "438052", "pea" : "100,00", "pena" : "0,00", "pesi" : "99,47", "pesni" : "0,00", "pa" : "22,06", "pc" : "77,94", "munnr" : "0", "munpt" : "11", "munf" : "68", "pmunnr" : "00,00", "pmunpt" : "13,92", "pmunf" : "86,08" }, 
{ "and" : "P", "tpabr" : "UF", "cdabr" : "MT", "dt" : "02/10/2022", "ht" : "20:15:30", "s" : "7652", "st" : "7066", "snt" : "586", "si" : "7066", "sni" : "0", "sa" : "7066", "sna" : "0", "pst" : "92,34", "psnt" : "7,66", "psi" : "92,34", "psni" : "0,00", "psa" : "100,00", "psna" : "0,00", "e" : "2469604", "ea" : "2272064", "ena" : "0", "esi" : "2272064", "esni" : "0", "c" : "1745162", "a" : "526902", "pea" : "100,00", "pena" : "0,00", "pesi" : "92,00", "pesni" : "0,00", "pa" : "23,19", "pc" : "76,81", "munnr" : "6", "munpt" : "50", "munf" : "85", "pmunnr" : "4,26", "pmunpt" : "35,46", "pmunf" : "60,28" }, 
{ "and" : "P", "tpabr" : "UF", "cdabr" : "SE", "dt" : "02/10/2022", "ht" : "20:16:05", "s" : "5498", "st" : "5029", "snt" : "469", "si" : "5029", "sni" : "0", "sa" : "5029", "sna" : "0", "pst" : "91,47", "psnt" : "8,53", "psi" : "91,47", "psni" : "0,00", "psa" : "100,00", "psna" : "0,00", "e" : "1671376", "ea" : "1517028", "ena" : "0", "esi" : "1517028", "esni" : "0", "c" : "1240391", "a" : "276637", "pea" : "100,00", "pena" : "0,00", "pesi" : "90,77", "pesni" : "0,00", "pa" : "18,24", "pc" : "81,76", "munnr" : "2", "munpt" : "37", "munf" : "36", "pmunnr" : "2,67", "pmunpt" : "49,33", "pmunf" : "48,00" }, 
{ "and" : "P", "tpabr" : "UF", "cdabr" : "DF", "dt" : "02/10/2022", "ht" : "20:16:24", "s" : "6748", "st" : "6736", "snt" : "12", "si" : "6736", "sni" : "0", "sa" : "6736", "sna" : "0", "pst" : "99,82", "psnt" : "0,18", "psi" : "99,82", "psni" : "0,00", "psa" : "100,00", "psna" : "0,00", "e" : "2206996", "ea" : "2202593", "ena" : "0", "esi" : "2202593", "esni" : "0", "c" : "1816349", "a" : "386244", "pea" : "100,00", "pena" : "0,00", "pesi" : "99,80", "pesni" : "0,00", "pa" : "17,54", "pc" : "82,46", "munnr" : "0", "munpt" : "1", "munf" : "0", "pmunnr" : "00,00", "pmunpt" : "100,00", "pmunf" : "00,00" }, 
{ "and" : "P", "tpabr" : "UF", "cdabr" : "ES", "dt" : "02/10/2022", "ht" : "20:16:24", "s" : "9239", "st" : "9197", "snt" : "42", "si" : "9197", "sni" : "0", "sa" : "9197", "sna" : "0", "pst" : "99,55", "psnt" : "0,45", "psi" : "99,55", "psni" : "0,00", "psa" : "100,00", "psna" : "0,00", "e" : "2922379", "ea" : "2908197", "ena" : "0", "esi" : "2908197", "esni" : "0", "c" : "2304919", "a" : "603278", "pea" : "100,00", "pena" : "0,00", "pesi" : "99,51", "pesni" : "0,00", "pa" : "20,74", "pc" : "79,26", "munnr" : "0", "munpt" : "4", "munf" : "74", "pmunnr" : "00,00", "pmunpt" : "5,13", "pmunf" : "94,87" }, 
{ "and" : "P", "tpabr" : "UF", "cdabr" : "MA", "dt" : "02/10/2022", "ht" : "20:15:55", "s" : "16423", "st" : "8251", "snt" : "8172", "si" : "8251", "sni" : "0", "sa" : "8251", "sna" : "0", "pst" : "50,24", "psnt" : "49,76", "psi" : "50,24", "psni" : "0,00", "psa" : "100,00", "psna" : "0,00", "e" : "5039287", "ea" : "2522358", "ena" : "0", "esi" : "2522358", "esni" : "0", "c" : "1991514", "a" : "530844", "pea" : "100,00", "pena" : "0,00", "pesi" : "50,05", "pesni" : "0,00", "pa" : "21,05", "pc" : "78,95", "munnr" : "58", "munpt" : "153", "munf" : "6", "pmunnr" : "26,73", "pmunpt" : "70,51", "pmunf" : "2,76" }, 
{ "and" : "P", "tpabr" : "UF", "cdabr" : "PA", "dt" : "02/10/2022", "ht" : "20:16:07", "s" : "18235", "st" : "14513", "snt" : "3722", "si" : "14513", "sni" : "0", "sa" : "14513", "sna" : "0", "pst" : "79,59", "psnt" : "20,41", "psi" : "79,59", "psni" : "0,00", "psa" : "100,00", "psna" : "0,00", "e" : "6079280", "ea" : "4812494", "ena" : "0", "esi" : "4812494", "esni" : "0", "c" : "3793946", "a" : "1018548", "pea" : "100,00", "pena" : "0,00", "pesi" : "79,16", "pesni" : "0,00", "pa" : "21,16", "pc" : "78,84", "munnr" : "0", "munpt" : "135", "munf" : "9", "pmunnr" : "00,00", "pmunpt" : "93,75", "pmunf" : "6,25" }, 
{ "and" : "P", "tpabr" : "UF", "cdabr" : "PI", "dt" : "02/10/2022", "ht" : "20:15:42", "s" : "8963", "st" : "6792", "snt" : "2171", "si" : "6792", "sni" : "0", "sa" : "6792", "sna" : "0", "pst" : "75,78", "psnt" : "24,22", "psi" : "75,78", "psni" : "0,00", "psa" : "100,00", "psna" : "0,00", "e" : "2570433", "ea" : "1920557", "ena" : "0", "esi" : "1920557", "esni" : "0", "c" : "1580120", "a" : "340437", "pea" : "100,00", "pena" : "0,00", "pesi" : "74,72", "pesni" : "0,00", "pa" : "17,73", "pc" : "82,27", "munnr" : "18", "munpt" : "172", "munf" : "34", "pmunnr" : "8,04", "pmunpt" : "76,79", "pmunf" : "15,18" }, 
{ "and" : "P", "tpabr" : "UF", "cdabr" : "RS", "dt" : "02/10/2022", "ht" : "20:15:07", "s" : "27201", "st" : "25544", "snt" : "1657", "si" : "25544", "sni" : "0", "sa" : "25544", "sna" : "0", "pst" : "93,91", "psnt" : "6,09", "psi" : "93,91", "psni" : "0,00", "psa" : "100,00", "psna" : "0,00", "e" : "8589432", "ea" : "8072448", "ena" : "0", "esi" : "8072448", "esni" : "0", "c" : "6472309", "a" : "1600139", "pea" : "100,00", "pena" : "0,00", "pesi" : "93,98", "pesni" : "0,00", "pa" : "19,82", "pc" : "80,18", "munnr" : "37", "munpt" : "85", "munf" : "375", "pmunnr" : "7,44", "pmunpt" : "17,10", "pmunf" : "75,45" }, 
{ "and" : "P", "tpabr" : "UF", "cdabr" : "AC", "dt" : "02/10/2022", "ht" : "20:16:23", "s" : "2124", "st" : "2018", "snt" : "106", "si" : "2018", "sni" : "0", "sa" : "2018", "sna" : "0", "pst" : "95,01", "psnt" : "4,99", "psi" : "95,01", "psni" : "0,00", "psa" : "100,00", "psna" : "0,00", "e" : "587738", "ea" : "558469", "ena" : "0", "esi" : "558469", "esni" : "0", "c" : "433500", "a" : "124969", "pea" : "100,00", "pena" : "0,00", "pesi" : "95,02", "pesni" : "0,00", "pa" : "22,38", "pc" : "77,62", "munnr" : "0", "munpt" : "15", "munf" : "7", "pmunnr" : "00,00", "pmunpt" : "68,18", "pmunf" : "31,82" }, 
{ "and" : "P", "tpabr" : "UF", "cdabr" : "PR", "dt" : "02/10/2022", "ht" : "20:15:05", "s" : "25721", "st" : "25016", "snt" : "705", "si" : "25016", "sni" : "0", "sa" : "25016", "sna" : "0", "pst" : "97,26", "psnt" : "2,74", "psi" : "97,26", "psni" : "0,00", "psa" : "100,00", "psna" : "0,00", "e" : "8480435", "ea" : "8240785", "ena" : "0", "esi" : "8240785", "esni" : "0", "c" : "6638261", "a" : "1602524", "pea" : "100,00", "pena" : "0,00", "pesi" : "97,17", "pesni" : "0,00", "pa" : "19,45", "pc" : "80,55", "munnr" : "5", "munpt" : "107", "munf" : "287", "pmunnr" : "1,25", "pmunpt" : "26,82", "pmunf" : "71,93" }, 
{ "and" : "P", "tpabr" : "UF", "cdabr" : "SC", "dt" : "02/10/2022", "ht" : "20:16:08", "s" : "16242", "st" : "14075", "snt" : "2167", "si" : "14075", "sni" : "0", "sa" : "14075", "sna" : "0", "pst" : "86,66", "psnt" : "13,34", "psi" : "86,66", "psni" : "0,00", "psa" : "100,00", "psna" : "0,00", "e" : "5501478", "ea" : "4742021", "ena" : "0", "esi" : "4742021", "esni" : "0", "c" : "3877743", "a" : "864278", "pea" : "100,00", "pena" : "0,00", "pesi" : "86,20", "pesni" : "0,00", "pa" : "18,23", "pc" : "81,77", "munnr" : "18", "munpt" : "101", "munf" : "176", "pmunnr" : "6,10", "pmunpt" : "34,24", "pmunf" : "59,66" }, 
{ "and" : "P", "tpabr" : "UF", "cdabr" : "TO", "dt" : "02/10/2022", "ht" : "20:15:17", "s" : "3957", "st" : "3838", "snt" : "119", "si" : "3838", "sni" : "0", "sa" : "3838", "sna" : "0", "pst" : "96,99", "psnt" : "3,01", "psi" : "96,99", "psni" : "0,00", "psa" : "100,00", "psna" : "0,00", "e" : "1094346", "ea" : "1059394", "ena" : "0", "esi" : "1059394", "esni" : "0", "c" : "863115", "a" : "196279", "pea" : "100,00", "pena" : "0,00", "pesi" : "96,81", "pesni" : "0,00", "pa" : "18,53", "pc" : "81,47", "munnr" : "1", "munpt" : "28", "munf" : "110", "pmunnr" : "0,72", "pmunpt" : "20,14", "pmunf" : "79,14" }, 
{ "and" : "P", "tpabr" : "UF", "cdabr" : "AL", "dt" : "02/10/2022", "ht" : "20:15:04", "s" : "6626", "st" : "2559", "snt" : "4067", "si" : "2559", "sni" : "0", "sa" : "2559", "sna" : "0", "pst" : "38,62", "psnt" : "61,38", "psi" : "38,62", "psni" : "0,00", "psa" : "100,00", "psna" : "0,00", "e" : "2326491", "ea" : "836204", "ena" : "0", "esi" : "836204", "esni" : "0", "c" : "653537", "a" : "182667", "pea" : "100,00", "pena" : "0,00", "pesi" : "35,94", "pesni" : "0,00", "pa" : "21,84", "pc" : "78,16", "munnr" : "45", "munpt" : "46", "munf" : "11", "pmunnr" : "44,12", "pmunpt" : "45,10", "pmunf" : "10,78" }, 
{ "and" : "P", "tpabr" : "UF", "cdabr" : "BA", "dt" : "02/10/2022", "ht" : "20:15:46", "s" : "34424", "st" : "21120", "snt" : "13304", "si" : "21120", "sni" : "0", "sa" : "21120", "sna" : "0", "pst" : "61,35", "psnt" : "38,65", "psi" : "61,35", "psni" : "0,00", "psa" : "100,00", "psna" : "0,00", "e" : "11283405", "ea" : "6725675", "ena" : "0", "esi" : "6725675", "esni" : "0", "c" : "5297440", "a" : "1428235", "pea" : "100,00", "pena" : "0,00", "pesi" : "59,61", "pesni" : "0,00", "pa" : "21,24", "pc" : "78,76", "munnr" : "42", "munpt" : "327", "munf" : "48", "pmunnr" : "10,07", "pmunpt" : "78,42", "pmunf" : "11,51" }, 
{ "and" : "P", "tpabr" : "UF", "cdabr" : "PB", "dt" : "02/10/2022", "ht" : "20:15:31", "s" : "9602", "st" : "8535", "snt" : "1067", "si" : "8535", "sni" : "0", "sa" : "8535", "sna" : "0", "pst" : "88,89", "psnt" : "11,11", "psi" : "88,89", "psni" : "0,00", "psa" : "100,00", "psna" : "0,00", "e" : "3092053", "ea" : "2737241", "ena" : "0", "esi" : "2737241", "esni" : "0", "c" : "2269554", "a" : "467687", "pea" : "100,00", "pena" : "0,00", "pesi" : "88,53", "pesni" : "0,00", "pa" : "17,09", "pc" : "82,91", "munnr" : "20", "munpt" : "82", "munf" : "121", "pmunnr" : "8,97", "pmunpt" : "36,77", "pmunf" : "54,26" }, 
{ "and" : "P", "tpabr" : "UF", "cdabr" : "AP", "dt" : "02/10/2022", "ht" : "20:15:02", "s" : "1740", "st" : "1567", "snt" : "173", "si" : "1567", "sni" : "0", "sa" : "1567", "sna" : "0", "pst" : "90,06", "psnt" : "9,94", "psi" : "90,06", "psni" : "0,00", "psa" : "100,00", "psna" : "0,00", "e" : "550165", "ea" : "490196", "ena" : "0", "esi" : "490196", "esni" : "0", "c" : "393995", "a" : "96201", "pea" : "100,00", "pena" : "0,00", "pesi" : "89,10", "pesni" : "0,00", "pa" : "19,63", "pc" : "80,37", "munnr" : "1", "munpt" : "9", "munf" : "6", "pmunnr" : "6,25", "pmunpt" : "56,25", "pmunf" : "37,50" }, 
{ "and" : "P", "tpabr" : "UF", "cdabr" : "RJ", "dt" : "02/10/2022", "ht" : "20:15:19", "s" : "34068", "st" : "22705", "snt" : "11363", "si" : "22705", "sni" : "0", "sa" : "22705", "sna" : "0", "pst" : "66,65", "psnt" : "33,35", "psi" : "66,65", "psni" : "0,00", "psa" : "100,00", "psna" : "0,00", "e" : "12826356", "ea" : "8281343", "ena" : "0", "esi" : "8281343", "esni" : "0", "c" : "6391806", "a" : "1889537", "pea" : "100,00", "pena" : "0,00", "pesi" : "64,57", "pesni" : "0,00", "pa" : "22,82", "pc" : "77,18", "munnr" : "4", "munpt" : "76", "munf" : "12", "pmunnr" : "4,35", "pmunpt" : "82,61", "pmunf" : "13,04" }, 
{ "and" : "P", "tpabr" : "UF", "cdabr" : "RR", "dt" : "02/10/2022", "ht" : "20:16:27", "s" : "1268", "st" : "1225", "snt" : "43", "si" : "1225", "sni" : "0", "sa" : "1225", "sna" : "0", "pst" : "96,61", "psnt" : "3,39", "psi" : "96,61", "psni" : "0,00", "psa" : "100,00", "psna" : "0,00", "e" : "366632", "ea" : "352869", "ena" : "0", "esi" : "352869", "esni" : "0", "c" : "294085", "a" : "58784", "pea" : "100,00", "pena" : "0,00", "pesi" : "96,25", "pesni" : "0,00", "pa" : "16,66", "pc" : "83,34", "munnr" : "0", "munpt" : "8", "munf" : "7", "pmunnr" : "00,00", "pmunpt" : "53,33", "pmunf" : "46,67" }, 
{ "and" : "P", "tpabr" : "UF", "cdabr" : "ZZ", "dt" : "02/10/2022", "ht" : "20:15:06", "s" : "1064", "st" : "654", "snt" : "410", "si" : "636", "sni" : "18", "sa" : "636", "sna" : "0", "pst" : "61,47", "psnt" : "38,53", "psi" : "59,77", "psni" : "40,23", "psa" : "100,00", "psna" : "0,00", "e" : "695355", "ea" : "445595", "ena" : "0", "esi" : "445595", "esni" : "112", "c" : "200581", "a" : "245014", "pea" : "100,00", "pena" : "0,00", "pesi" : "64,08", "pesni" : "99,98", "pa" : "54,99", "pc" : "45,01", "munnr" : "78", "munpt" : "21", "munf" : "82", "pmunnr" : "43,09", "pmunpt" : "11,60", "pmunf" : "45,30" }, 
{ "and" : "P", "tpabr" : "UF", "cdabr" : "SP", "dt" : "02/10/2022", "ht" : "20:15:16", "s" : "101073", "st" : "86005", "snt" : "15068", "si" : "86005", "sni" : "0", "sa" : "86005", "sna" : "0", "pst" : "85,09", "psnt" : "14,91", "psi" : "85,09", "psni" : "0,00", "psa" : "100,00", "psna" : "0,00", "e" : "34684927", "ea" : "29295139", "ena" : "0", "esi" : "29295139", "esni" : "0", "c" : "22932620", "a" : "6362519", "pea" : "100,00", "pena" : "0,00", "pesi" : "84,46", "pesni" : "0,00", "pa" : "21,72", "pc" : "78,28", "munnr" : "48", "munpt" : "134", "munf" : "463", "pmunnr" : "7,44", "pmunpt" : "20,78", "pmunf" : "71,78" }, 
{ "and" : "P", "tpabr" : "BR", "cdabr" : "BR", "dt" : "02/10/2022", "ht" : "20:16:27", "s" : "472075", "st" : "376775", "snt" : "95300", "si" : "376757", "sni" : "18", "sa" : "376757", "sna" : "0", "pst" : "79,81", "psnt" : "20,19", "psi" : "79,80", "psni" : "20,20", "psa" : "100,00", "psna" : "0,00", "e" : "156454011", "ea" : "123383888", "ena" : "0", "esi" : "123383888", "esni" : "112", "c" : "97781262", "a" : "25602626", "pea" : "100,00", "pena" : "0,00", "pesi" : "78,86", "pesni" : "100,00", "pa" : "20,76", "pc" : "79,24", "ufsnr" : "0", "ufspt" : "28", "ufsf" : "0", "pufsnr" : "00,00", "pufspt" : "100,00", "pufsf" : "00,00" } ] }