
{ "ele" : "544", "t" : "1", "f" : "O", "dg" : "02/10/2022", "hg" : "21:00:45", "abr" : [ 
{ "and" : "P", "tpabr" : "UF", "cdabr" : "AM", "dt" : "02/10/2022", "ht" : "21:00:27", "s" : "7454", "st" : "7101", "snt" : "353", "si" : "7100", "sni" : "1", "sa" : "7100", "sna" : "0", "pst" : "95,26", "psnt" : "4,74", "psi" : "95,25", "psni" : "4,75", "psa" : "100,00", "psna" : "0,00", "e" : "2646924", "ea" : "2513534", "ena" : "0", "esi" : "2513534", "esni" : "84", "c" : "2011860", "a" : "501674", "pea" : "100,00", "pena" : "0,00", "pesi" : "94,96", "pesni" : "100,00", "pa" : "19,96", "pc" : "80,04", "munnr" : "0", "munpt" : "37", "munf" : "25", "pmunnr" : "00,00", "pmunpt" : "59,68", "pmunf" : "40,32" }, 
{ "and" : "P", "tpabr" : "UF", "cdabr" : "PE", "dt" : "02/10/2022", "ht" : "20:59:44", "s" : "20572", "st" : "19052", "snt" : "1520", "si" : "19052", "sni" : "0", "sa" : "19052", "sna" : "0", "pst" : "92,61", "psnt" : "7,39", "psi" : "92,61", "psni" : "0,00", "psa" : "100,00", "psna" : "0,00", "e" : "7015421", "ea" : "6489556", "ena" : "0", "esi" : "6489556", "esni" : "0", "c" : "5320667", "a" : "1168889", "pea" : "100,00", "pena" : "0,00", "pesi" : "92,50", "pesni" : "0,00", "pa" : "18,01", "pc" : "81,99", "munnr" : "9", "munpt" : "79", "munf" : "97", "pmunnr" : "4,86", "pmunpt" : "42,70", "pmunf" : "52,43" }, 
{ "and" : "P", "tpabr" : "UF", "cdabr" : "RN", "dt" : "02/10/2022", "ht" : "20:59:25", "s" : "7674", "st" : "7479", "snt" : "195", "si" : "7479", "sni" : "0", "sa" : "7479", "sna" : "0", "pst" : "97,46", "psnt" : "2,54", "psi" : "97,46", "psni" : "0,00", "psa" : "100,00", "psna" : "0,00", "e" : "2554716", "ea" : "2487967", "ena" : "0", "esi" : "2487967", "esni" : "0", "c" : "2036317", "a" : "451650", "pea" : "100,00", "pena" : "0,00", "pesi" : "97,39", "pesni" : "0,00", "pa" : "18,15", "pc" : "81,85", "munnr" : "0", "munpt" : "33", "munf" : "134", "pmunnr" : "00,00", "pmunpt" : "19,76", "pmunf" : "80,24" }, 
{ "and" : "P", "tpabr" : "UF", "cdabr" : "MG", "dt" : "02/10/2022", "ht" : "20:59:20", "s" : "49981", "st" : "47138", "snt" : "2843", "si" : "47138", "sni" : "0", "sa" : "47138", "sna" : "0", "pst" : "94,31", "psnt" : "5,69", "psi" : "94,31", "psni" : "0,00", "psa" : "100,00", "psna" : "0,00", "e" : "16283828", "ea" : "15316736", "ena" : "0", "esi" : "15316736", "esni" : "0", "c" : "11915775", "a" : "3400961", "pea" : "100,00", "pena" : "0,00", "pesi" : "94,06", "pesni" : "0,00", "pa" : "22,20", "pc" : "77,80", "munnr" : "53", "munpt" : "106", "munf" : "694", "pmunnr" : "6,21", "pmunpt" : "12,43", "pmunf" : "81,36" }, 
{ "and" : "P", "tpabr" : "UF", "cdabr" : "RO", "dt" : "02/10/2022", "ht" : "21:00:29", "s" : "4198", "st" : "4153", "snt" : "45", "si" : "4153", "sni" : "0", "sa" : "4153", "sna" : "0", "pst" : "98,93", "psnt" : "1,07", "psi" : "98,93", "psni" : "0,00", "psa" : "100,00", "psna" : "0,00", "e" : "1229998", "ea" : "1214692", "ena" : "0", "esi" : "1214692", "esni" : "0", "c" : "915618", "a" : "299074", "pea" : "100,00", "pena" : "0,00", "pesi" : "98,76", "pesni" : "0,00", "pa" : "24,62", "pc" : "75,38", "munnr" : "0", "munpt" : "8", "munf" : "44", "pmunnr" : "00,00", "pmunpt" : "15,38", "pmunf" : "84,62" }, 
{ "and" : "P", "tpabr" : "UF", "cdabr" : "CE", "dt" : "02/10/2022", "ht" : "20:59:20", "s" : "22796", "st" : "20699", "snt" : "2097", "si" : "20699", "sni" : "0", "sa" : "20699", "sna" : "0", "pst" : "90,80", "psnt" : "9,20", "psi" : "90,80", "psni" : "0,00", "psa" : "100,00", "psna" : "0,00", "e" : "6818732", "ea" : "6214687", "ena" : "0", "esi" : "6214687", "esni" : "0", "c" : "5129083", "a" : "1085604", "pea" : "100,00", "pena" : "0,00", "pesi" : "91,14", "pesni" : "0,00", "pa" : "17,47", "pc" : "82,53", "munnr" : "9", "munpt" : "91", "munf" : "84", "pmunnr" : "4,89", "pmunpt" : "49,46", "pmunf" : "45,65" }, 
{ "and" : "P", "tpabr" : "UF", "cdabr" : "GO", "dt" : "02/10/2022", "ht" : "21:00:28", "s" : "14620", "st" : "14495", "snt" : "125", "si" : "14495", "sni" : "0", "sa" : "14495", "sna" : "0", "pst" : "99,15", "psnt" : "0,86", "psi" : "99,15", "psni" : "0,00", "psa" : "100,00", "psna" : "0,00", "e" : "4870292", "ea" : "4828920", "ena" : "0", "esi" : "4828920", "esni" : "0", "c" : "3781237", "a" : "1047683", "pea" : "100,00", "pena" : "0,00", "pesi" : "99,15", "pesni" : "0,00", "pa" : "21,70", "pc" : "78,30", "munnr" : "3", "munpt" : "20", "munf" : "223", "pmunnr" : "1,22", "pmunpt" : "8,13", "pmunf" : "90,65" }, 
{ "and" : "P", "tpabr" : "UF", "cdabr" : "MS", "dt" : "02/10/2022", "ht" : "20:54:51", "s" : "6912", "st" : "6910", "snt" : "2", "si" : "6910", "sni" : "0", "sa" : "6910", "sna" : "0", "pst" : "99,97", "psnt" : "0,03", "psi" : "99,97", "psni" : "0,00", "psa" : "100,00", "psna" : "0,00", "e" : "1995932", "ea" : "1995509", "ena" : "0", "esi" : "1995509", "esni" : "0", "c" : "1554759", "a" : "440750", "pea" : "100,00", "pena" : "0,00", "pesi" : "99,98", "pesni" : "0,00", "pa" : "22,09", "pc" : "77,91", "munnr" : "0", "munpt" : "1", "munf" : "78", "pmunnr" : "00,00", "pmunpt" : "1,27", "pmunf" : "98,73" }, 
{ "and" : "P", "tpabr" : "UF", "cdabr" : "MT", "dt" : "02/10/2022", "ht" : "20:59:20", "s" : "7652", "st" : "7555", "snt" : "97", "si" : "7555", "sni" : "0", "sa" : "7555", "sna" : "0", "pst" : "98,73", "psnt" : "1,27", "psi" : "98,73", "psni" : "0,00", "psa" : "100,00", "psna" : "0,00", "e" : "2469604", "ea" : "2437991", "ena" : "0", "esi" : "2437991", "esni" : "0", "c" : "1868644", "a" : "569347", "pea" : "100,00", "pena" : "0,00", "pesi" : "98,72", "pesni" : "0,00", "pa" : "23,35", "pc" : "76,65", "munnr" : "1", "munpt" : "13", "munf" : "127", "pmunnr" : "0,71", "pmunpt" : "9,22", "pmunf" : "90,07" }, 
{ "and" : "P", "tpabr" : "UF", "cdabr" : "SE", "dt" : "02/10/2022", "ht" : "20:56:03", "s" : "5498", "st" : "5413", "snt" : "85", "si" : "5413", "sni" : "0", "sa" : "5413", "sna" : "0", "pst" : "98,45", "psnt" : "1,55", "psi" : "98,45", "psni" : "0,00", "psa" : "100,00", "psna" : "0,00", "e" : "1671376", "ea" : "1641437", "ena" : "0", "esi" : "1641437", "esni" : "0", "c" : "1340151", "a" : "301286", "pea" : "100,00", "pena" : "0,00", "pesi" : "98,21", "pesni" : "0,00", "pa" : "18,36", "pc" : "81,64", "munnr" : "0", "munpt" : "12", "munf" : "63", "pmunnr" : "00,00", "pmunpt" : "16,00", "pmunf" : "84,00" }, 
{ "and" : "F", "tpabr" : "UF", "cdabr" : "DF", "dt" : "02/10/2022", "ht" : "20:36:59", "s" : "6748", "st" : "6748", "snt" : "0", "si" : "6748", "sni" : "0", "sa" : "6748", "sna" : "0", "pst" : "100,00", "psnt" : "0,00", "psi" : "100,00", "psni" : "0,00", "psa" : "100,00", "psna" : "0,00", "e" : "2206996", "ea" : "2206996", "ena" : "0", "esi" : "2206996", "esni" : "0", "c" : "1819900", "a" : "387096", "pea" : "100,00", "pena" : "0,00", "pesi" : "100,00", "pesni" : "0,00", "pa" : "17,54", "pc" : "82,46", "munnr" : "0", "munpt" : "0", "munf" : "1", "pmunnr" : "00,00", "pmunpt" : "00,00", "pmunf" : "100,00" }, 
{ "and" : "F", "tpabr" : "UF", "cdabr" : "ES", "dt" : "02/10/2022", "ht" : "20:41:59", "s" : "9239", "st" : "9239", "snt" : "0", "si" : "9239", "sni" : "0", "sa" : "9239", "sna" : "0", "pst" : "100,00", "psnt" : "0,00", "psi" : "100,00", "psni" : "0,00", "psa" : "100,00", "psna" : "0,00", "e" : "2922379", "ea" : "2922379", "ena" : "0", "esi" : "2922379", "esni" : "0", "c" : "2315889", "a" : "606490", "pea" : "100,00", "pena" : "0,00", "pesi" : "100,00", "pesni" : "0,00", "pa" : "20,75", "pc" : "79,25", "munnr" : "0", "munpt" : "0", "munf" : "78", "pmunnr" : "00,00", "pmunpt" : "00,00", "pmunf" : "100,00" }, 
{ "and" : "P", "tpabr" : "UF", "cdabr" : "MA", "dt" : "02/10/2022", "ht" : "21:00:28", "s" : "16423", "st" : "12173", "snt" : "4250", "si" : "12173", "sni" : "0", "sa" : "12173", "sna" : "0", "pst" : "74,12", "psnt" : "25,88", "psi" : "74,12", "psni" : "0,00", "psa" : "100,00", "psna" : "0,00", "e" : "5039287", "ea" : "3746124", "ena" : "0", "esi" : "3746124", "esni" : "0", "c" : "2934719", "a" : "811405", "pea" : "100,00", "pena" : "0,00", "pesi" : "74,34", "pesni" : "0,00", "pa" : "21,66", "pc" : "78,34", "munnr" : "33", "munpt" : "139", "munf" : "45", "pmunnr" : "15,21", "pmunpt" : "64,06", "pmunf" : "20,74" }, 
{ "and" : "P", "tpabr" : "UF", "cdabr" : "PA", "dt" : "02/10/2022", "ht" : "20:59:53", "s" : "18235", "st" : "17140", "snt" : "1095", "si" : "17140", "sni" : "0", "sa" : "17140", "sna" : "0", "pst" : "94,00", "psnt" : "6,00", "psi" : "94,00", "psni" : "0,00", "psa" : "100,00", "psna" : "0,00", "e" : "6079280", "ea" : "5707387", "ena" : "0", "esi" : "5707387", "esni" : "0", "c" : "4494391", "a" : "1212996", "pea" : "100,00", "pena" : "0,00", "pesi" : "93,88", "pesni" : "0,00", "pa" : "21,25", "pc" : "78,75", "munnr" : "0", "munpt" : "102", "munf" : "42", "pmunnr" : "00,00", "pmunpt" : "70,83", "pmunf" : "29,17" }, 
{ "and" : "P", "tpabr" : "UF", "cdabr" : "PI", "dt" : "02/10/2022", "ht" : "21:00:28", "s" : "8963", "st" : "8246", "snt" : "717", "si" : "8246", "sni" : "0", "sa" : "8246", "sna" : "0", "pst" : "92,00", "psnt" : "8,00", "psi" : "92,00", "psni" : "0,00", "psa" : "100,00", "psna" : "0,00", "e" : "2570433", "ea" : "2355939", "ena" : "0", "esi" : "2355939", "esni" : "0", "c" : "1938571", "a" : "417368", "pea" : "100,00", "pena" : "0,00", "pesi" : "91,66", "pesni" : "0,00", "pa" : "17,72", "pc" : "82,28", "munnr" : "8", "munpt" : "114", "munf" : "102", "pmunnr" : "3,57", "pmunpt" : "50,89", "pmunf" : "45,54" }, 
{ "and" : "P", "tpabr" : "UF", "cdabr" : "RS", "dt" : "02/10/2022", "ht" : "21:00:29", "s" : "27201", "st" : "26876", "snt" : "325", "si" : "26876", "sni" : "0", "sa" : "26876", "sna" : "0", "pst" : "98,81", "psnt" : "1,19", "psi" : "98,81", "psni" : "0,00", "psa" : "100,00", "psna" : "0,00", "e" : "8589432", "ea" : "8476275", "ena" : "0", "esi" : "8476275", "esni" : "0", "c" : "6800434", "a" : "1675841", "pea" : "100,00", "pena" : "0,00", "pesi" : "98,68", "pesni" : "0,00", "pa" : "19,77", "pc" : "80,23", "munnr" : "4", "munpt" : "21", "munf" : "472", "pmunnr" : "0,80", "pmunpt" : "4,23", "pmunf" : "94,97" }, 
{ "and" : "P", "tpabr" : "UF", "cdabr" : "AC", "dt" : "02/10/2022", "ht" : "20:57:06", "s" : "2124", "st" : "2089", "snt" : "35", "si" : "2089", "sni" : "0", "sa" : "2089", "sna" : "0", "pst" : "98,35", "psnt" : "1,65", "psi" : "98,35", "psni" : "0,00", "psa" : "100,00", "psna" : "0,00", "e" : "587738", "ea" : "578124", "ena" : "0", "esi" : "578124", "esni" : "0", "c" : "448898", "a" : "129226", "pea" : "100,00", "pena" : "0,00", "pesi" : "98,36", "pesni" : "0,00", "pa" : "22,35", "pc" : "77,65", "munnr" : "0", "munpt" : "5", "munf" : "17", "pmunnr" : "00,00", "pmunpt" : "22,73", "pmunf" : "77,27" }, 
{ "and" : "P", "tpabr" : "UF", "cdabr" : "PR", "dt" : "02/10/2022", "ht" : "20:59:21", "s" : "25721", "st" : "25595", "snt" : "126", "si" : "25595", "sni" : "0", "sa" : "25595", "sna" : "0", "pst" : "99,51", "psnt" : "0,49", "psi" : "99,51", "psni" : "0,00", "psa" : "100,00", "psna" : "0,00", "e" : "8480435", "ea" : "8438069", "ena" : "0", "esi" : "8438069", "esni" : "0", "c" : "6796037", "a" : "1642032", "pea" : "100,00", "pena" : "0,00", "pesi" : "99,50", "pesni" : "0,00", "pa" : "19,46", "pc" : "80,54", "munnr" : "2", "munpt" : "29", "munf" : "368", "pmunnr" : "0,50", "pmunpt" : "7,27", "pmunf" : "92,23" }, 
{ "and" : "P", "tpabr" : "UF", "cdabr" : "SC", "dt" : "02/10/2022", "ht" : "20:59:25", "s" : "16242", "st" : "16067", "snt" : "175", "si" : "16067", "sni" : "0", "sa" : "16067", "sna" : "0", "pst" : "98,92", "psnt" : "1,08", "psi" : "98,92", "psni" : "0,00", "psa" : "100,00", "psna" : "0,00", "e" : "5501478", "ea" : "5438299", "ena" : "0", "esi" : "5438299", "esni" : "0", "c" : "4436419", "a" : "1001880", "pea" : "100,00", "pena" : "0,00", "pesi" : "98,85", "pesni" : "0,00", "pa" : "18,42", "pc" : "81,58", "munnr" : "1", "munpt" : "17", "munf" : "277", "pmunnr" : "0,34", "pmunpt" : "5,76", "pmunf" : "93,90" }, 
{ "and" : "P", "tpabr" : "UF", "cdabr" : "TO", "dt" : "02/10/2022", "ht" : "20:58:15", "s" : "3957", "st" : "3935", "snt" : "22", "si" : "3935", "sni" : "0", "sa" : "3935", "sna" : "0", "pst" : "99,44", "psnt" : "0,56", "psi" : "99,44", "psni" : "0,00", "psa" : "100,00", "psna" : "0,00", "e" : "1094346", "ea" : "1087777", "ena" : "0", "esi" : "1087777", "esni" : "0", "c" : "886187", "a" : "201590", "pea" : "100,00", "pena" : "0,00", "pesi" : "99,40", "pesni" : "0,00", "pa" : "18,53", "pc" : "81,47", "munnr" : "0", "munpt" : "6", "munf" : "133", "pmunnr" : "00,00", "pmunpt" : "4,32", "pmunf" : "95,68" }, 
{ "and" : "P", "tpabr" : "UF", "cdabr" : "AL", "dt" : "02/10/2022", "ht" : "20:59:19", "s" : "6626", "st" : "4887", "snt" : "1739", "si" : "4887", "sni" : "0", "sa" : "4887", "sna" : "0", "pst" : "73,75", "psnt" : "26,25", "psi" : "73,75", "psni" : "0,00", "psa" : "100,00", "psna" : "0,00", "e" : "2326491", "ea" : "1675289", "ena" : "0", "esi" : "1675289", "esni" : "0", "c" : "1304834", "a" : "370455", "pea" : "100,00", "pena" : "0,00", "pesi" : "72,01", "pesni" : "0,00", "pa" : "22,11", "pc" : "77,89", "munnr" : "18", "munpt" : "37", "munf" : "47", "pmunnr" : "17,65", "pmunpt" : "36,27", "pmunf" : "46,08" }, 
{ "and" : "P", "tpabr" : "UF", "cdabr" : "BA", "dt" : "02/10/2022", "ht" : "20:59:24", "s" : "34424", "st" : "30233", "snt" : "4191", "si" : "30233", "sni" : "0", "sa" : "30233", "sna" : "0", "pst" : "87,83", "psnt" : "12,17", "psi" : "87,83", "psni" : "0,00", "psa" : "100,00", "psna" : "0,00", "e" : "11283405", "ea" : "9881793", "ena" : "0", "esi" : "9881793", "esni" : "0", "c" : "7786491", "a" : "2095302", "pea" : "100,00", "pena" : "0,00", "pesi" : "87,58", "pesni" : "0,00", "pa" : "21,20", "pc" : "78,80", "munnr" : "18", "munpt" : "229", "munf" : "170", "pmunnr" : "4,32", "pmunpt" : "54,92", "pmunf" : "40,77" }, 
{ "and" : "P", "tpabr" : "UF", "cdabr" : "PB", "dt" : "02/10/2022", "ht" : "21:00:28", "s" : "9602", "st" : "9509", "snt" : "93", "si" : "9509", "sni" : "0", "sa" : "9509", "sna" : "0", "pst" : "99,03", "psnt" : "0,97", "psi" : "99,03", "psni" : "0,00", "psa" : "100,00", "psna" : "0,00", "e" : "3092053", "ea" : "3062532", "ena" : "0", "esi" : "3062532", "esni" : "0", "c" : "2533792", "a" : "528740", "pea" : "100,00", "pena" : "0,00", "pesi" : "99,05", "pesni" : "0,00", "pa" : "17,26", "pc" : "82,74", "munnr" : "1", "munpt" : "14", "munf" : "208", "pmunnr" : "0,45", "pmunpt" : "6,28", "pmunf" : "93,27" }, 
{ "and" : "P", "tpabr" : "UF", "cdabr" : "AP", "dt" : "02/10/2022", "ht" : "21:00:27", "s" : "1740", "st" : "1724", "snt" : "16", "si" : "1724", "sni" : "0", "sa" : "1724", "sna" : "0", "pst" : "99,08", "psnt" : "0,92", "psi" : "99,08", "psni" : "0,00", "psa" : "100,00", "psna" : "0,00", "e" : "550165", "ea" : "544430", "ena" : "0", "esi" : "544430", "esni" : "0", "c" : "438116", "a" : "106314", "pea" : "100,00", "pena" : "0,00", "pesi" : "98,96", "pesni" : "0,00", "pa" : "19,53", "pc" : "80,47", "munnr" : "0", "munpt" : "7", "munf" : "9", "pmunnr" : "00,00", "pmunpt" : "43,75", "pmunf" : "56,25" }, 
{ "and" : "P", "tpabr" : "UF", "cdabr" : "RJ", "dt" : "02/10/2022", "ht" : "21:00:29", "s" : "34068", "st" : "32432", "snt" : "1636", "si" : "32432", "sni" : "0", "sa" : "32432", "sna" : "0", "pst" : "95,20", "psnt" : "4,80", "psi" : "95,20", "psni" : "0,00", "psa" : "100,00", "psna" : "0,00", "e" : "12826356", "ea" : "12179537", "ena" : "0", "esi" : "12179537", "esni" : "0", "c" : "9411923", "a" : "2767614", "pea" : "100,00", "pena" : "0,00", "pesi" : "94,96", "pesni" : "0,00", "pa" : "22,72", "pc" : "77,28", "munnr" : "2", "munpt" : "42", "munf" : "48", "pmunnr" : "2,17", "pmunpt" : "45,65", "pmunf" : "52,17" }, 
{ "and" : "P", "tpabr" : "UF", "cdabr" : "RR", "dt" : "02/10/2022", "ht" : "20:59:21", "s" : "1268", "st" : "1266", "snt" : "2", "si" : "1266", "sni" : "0", "sa" : "1266", "sna" : "0", "pst" : "99,84", "psnt" : "0,16", "psi" : "99,84", "psni" : "0,00", "psa" : "100,00", "psna" : "0,00", "e" : "366632", "ea" : "366033", "ena" : "0", "esi" : "366033", "esni" : "0", "c" : "304909", "a" : "61124", "pea" : "100,00", "pena" : "0,00", "pesi" : "99,84", "pesni" : "0,00", "pa" : "16,70", "pc" : "83,30", "munnr" : "0", "munpt" : "2", "munf" : "13", "pmunnr" : "00,00", "pmunpt" : "13,33", "pmunf" : "86,67" }, 
{ "and" : "P", "tpabr" : "UF", "cdabr" : "ZZ", "dt" : "02/10/2022", "ht" : "20:59:22", "s" : "1064", "st" : "841", "snt" : "223", "si" : "795", "sni" : "46", "sa" : "795", "sna" : "0", "pst" : "79,04", "psnt" : "20,96", "psi" : "74,72", "psni" : "25,28", "psa" : "100,00", "psna" : "0,00", "e" : "695355", "ea" : "551934", "ena" : "0", "esi" : "551934", "esni" : "573", "c" : "246165", "a" : "305769", "pea" : "100,00", "pena" : "0,00", "pesi" : "79,37", "pesni" : "99,92", "pa" : "55,40", "pc" : "44,60", "munnr" : "33", "munpt" : "24", "munf" : "124", "pmunnr" : "18,23", "pmunpt" : "13,26", "pmunf" : "68,51" }, 
{ "and" : "P", "tpabr" : "UF", "cdabr" : "SP", "dt" : "02/10/2022", "ht" : "20:59:25", "s" : "101073", "st" : "99062", "snt" : "2011", "si" : "99062", "sni" : "0", "sa" : "99062", "sna" : "0", "pst" : "98,01", "psnt" : "1,99", "psi" : "98,01", "psni" : "0,00", "psa" : "100,00", "psna" : "0,00", "e" : "34684927", "ea" : "33971530", "ena" : "0", "esi" : "33971530", "esni" : "0", "c" : "26628443", "a" : "7343087", "pea" : "100,00", "pena" : "0,00", "pesi" : "97,94", "pesni" : "0,00", "pa" : "21,62", "pc" : "78,38", "munnr" : "9", "munpt" : "51", "munf" : "585", "pmunnr" : "1,40", "pmunpt" : "7,91", "pmunf" : "90,70" }, 
{ "and" : "P", "tpabr" : "BR", "cdabr" : "BR", "dt" : "02/10/2022", "ht" : "21:00:29", "s" : "472075", "st" : "448057", "snt" : "24018", "si" : "448010", "sni" : "47", "sa" : "448010", "sna" : "0", "pst" : "94,91", "psnt" : "5,09", "psi" : "94,90", "psni" : "5,10", "psa" : "100,00", "psna" : "0,00", "e" : "156454011", "ea" : "148331476", "ena" : "0", "esi" : "148331476", "esni" : "657", "c" : "117400229", "a" : "30931247", "pea" : "100,00", "pena" : "0,00", "pesi" : "94,80", "pesni" : "100,00", "pa" : "20,86", "pc" : "79,14", "ufsnr" : "0", "ufspt" : "26", "ufsf" : "2", "pufsnr" : "00,00", "pufspt" : "92,86", "pufsf" : "7,14" } ] }