
{ "ele" : "544", "t" : "1", "f" : "O", "dg" : "02/10/2022", "hg" : "18:59:06", "abr" : [ 
{ "and" : "P", "tpabr" : "UF", "cdabr" : "AM", "dt" : "02/10/2022", "ht" : "18:58:29", "s" : "7454", "st" : "2893", "snt" : "4561", "si" : "2893", "sni" : "0", "sa" : "2893", "sna" : "0", "pst" : "38,81", "psnt" : "61,19", "psi" : "38,81", "psni" : "0,00", "psa" : "100,00", "psna" : "0,00", "e" : "2646924", "ea" : "1001606", "ena" : "0", "esi" : "1001606", "esni" : "0", "c" : "824353", "a" : "177253", "pea" : "100,00", "pena" : "0,00", "pesi" : "37,84", "pesni" : "0,00", "pa" : "17,70", "pc" : "82,30", "munnr" : "6", "munpt" : "56", "munf" : "0", "pmunnr" : "9,68", "pmunpt" : "90,32", "pmunf" : "00,00" }, 
{ "and" : "P", "tpabr" : "UF", "cdabr" : "PE", "dt" : "02/10/2022", "ht" : "18:58:04", "s" : "20572", "st" : "1946", "snt" : "18626", "si" : "1946", "sni" : "0", "sa" : "1946", "sna" : "0", "pst" : "9,46", "psnt" : "90,54", "psi" : "9,46", "psni" : "0,00", "psa" : "100,00", "psna" : "0,00", "e" : "7015421", "ea" : "587811", "ena" : "0", "esi" : "587811", "esni" : "0", "c" : "477766", "a" : "110045", "pea" : "100,00", "pena" : "0,00", "pesi" : "8,38", "pesni" : "0,00", "pa" : "18,72", "pc" : "81,28", "munnr" : "99", "munpt" : "86", "munf" : "0", "pmunnr" : "53,51", "pmunpt" : "46,49", "pmunf" : "00,00" }, 
{ "and" : "P", "tpabr" : "UF", "cdabr" : "RN", "dt" : "02/10/2022", "ht" : "18:58:34", "s" : "7674", "st" : "2186", "snt" : "5488", "si" : "2186", "sni" : "0", "sa" : "2186", "sna" : "0", "pst" : "28,49", "psnt" : "71,51", "psi" : "28,49", "psni" : "0,00", "psa" : "100,00", "psna" : "0,00", "e" : "2554716", "ea" : "657074", "ena" : "0", "esi" : "657074", "esni" : "0", "c" : "540317", "a" : "116757", "pea" : "100,00", "pena" : "0,00", "pesi" : "25,72", "pesni" : "0,00", "pa" : "17,77", "pc" : "82,23", "munnr" : "37", "munpt" : "118", "munf" : "12", "pmunnr" : "22,16", "pmunpt" : "70,66", "pmunf" : "7,19" }, 
{ "and" : "P", "tpabr" : "UF", "cdabr" : "MG", "dt" : "02/10/2022", "ht" : "18:58:17", "s" : "49981", "st" : "8171", "snt" : "41810", "si" : "8171", "sni" : "0", "sa" : "8171", "sna" : "0", "pst" : "16,35", "psnt" : "83,65", "psi" : "16,35", "psni" : "0,00", "psa" : "100,00", "psna" : "0,00", "e" : "16283828", "ea" : "2499927", "ena" : "0", "esi" : "2499927", "esni" : "0", "c" : "1929338", "a" : "570589", "pea" : "100,00", "pena" : "0,00", "pesi" : "15,35", "pesni" : "0,00", "pa" : "22,82", "pc" : "77,18", "munnr" : "557", "munpt" : "281", "munf" : "15", "pmunnr" : "65,30", "pmunpt" : "32,94", "pmunf" : "1,76" }, 
{ "and" : "P", "tpabr" : "UF", "cdabr" : "RO", "dt" : "02/10/2022", "ht" : "18:58:44", "s" : "4198", "st" : "1880", "snt" : "2318", "si" : "1880", "sni" : "0", "sa" : "1880", "sna" : "0", "pst" : "44,78", "psnt" : "55,22", "psi" : "44,78", "psni" : "0,00", "psa" : "100,00", "psna" : "0,00", "e" : "1229998", "ea" : "543618", "ena" : "0", "esi" : "543618", "esni" : "0", "c" : "420073", "a" : "123545", "pea" : "100,00", "pena" : "0,00", "pesi" : "44,20", "pesni" : "0,00", "pa" : "22,73", "pc" : "77,27", "munnr" : "20", "munpt" : "29", "munf" : "3", "pmunnr" : "38,46", "pmunpt" : "55,77", "pmunf" : "5,77" }, 
{ "and" : "P", "tpabr" : "UF", "cdabr" : "CE", "dt" : "02/10/2022", "ht" : "18:58:04", "s" : "22796", "st" : "3279", "snt" : "19517", "si" : "3279", "sni" : "0", "sa" : "3279", "sna" : "0", "pst" : "14,38", "psnt" : "85,62", "psi" : "14,38", "psni" : "0,00", "psa" : "100,00", "psna" : "0,00", "e" : "6818732", "ea" : "941442", "ena" : "0", "esi" : "941442", "esni" : "0", "c" : "760338", "a" : "181104", "pea" : "100,00", "pena" : "0,00", "pesi" : "13,81", "pesni" : "0,00", "pa" : "19,24", "pc" : "80,76", "munnr" : "79", "munpt" : "105", "munf" : "0", "pmunnr" : "42,93", "pmunpt" : "57,07", "pmunf" : "00,00" }, 
{ "and" : "P", "tpabr" : "UF", "cdabr" : "GO", "dt" : "02/10/2022", "ht" : "18:58:31", "s" : "14620", "st" : "5793", "snt" : "8827", "si" : "5793", "sni" : "0", "sa" : "5793", "sna" : "0", "pst" : "39,62", "psnt" : "60,38", "psi" : "39,62", "psni" : "0,00", "psa" : "100,00", "psna" : "0,00", "e" : "4870292", "ea" : "1903094", "ena" : "0", "esi" : "1903094", "esni" : "0", "c" : "1497553", "a" : "405541", "pea" : "100,00", "pena" : "0,00", "pesi" : "39,08", "pesni" : "0,00", "pa" : "21,31", "pc" : "78,69", "munnr" : "142", "munpt" : "96", "munf" : "8", "pmunnr" : "57,72", "pmunpt" : "39,02", "pmunf" : "3,25" }, 
{ "and" : "P", "tpabr" : "UF", "cdabr" : "MS", "dt" : "02/10/2022", "ht" : "18:58:51", "s" : "6912", "st" : "5355", "snt" : "1557", "si" : "5355", "sni" : "0", "sa" : "5355", "sna" : "0", "pst" : "77,47", "psnt" : "22,53", "psi" : "77,47", "psni" : "0,00", "psa" : "100,00", "psna" : "0,00", "e" : "1995932", "ea" : "1530302", "ena" : "0", "esi" : "1530302", "esni" : "0", "c" : "1199094", "a" : "331208", "pea" : "100,00", "pena" : "0,00", "pesi" : "76,67", "pesni" : "0,00", "pa" : "21,64", "pc" : "78,36", "munnr" : "5", "munpt" : "58", "munf" : "16", "pmunnr" : "6,33", "pmunpt" : "73,42", "pmunf" : "20,25" }, 
{ "and" : "P", "tpabr" : "UF", "cdabr" : "MT", "dt" : "02/10/2022", "ht" : "18:58:47", "s" : "7652", "st" : "3251", "snt" : "4401", "si" : "3251", "sni" : "0", "sa" : "3251", "sna" : "0", "pst" : "42,49", "psnt" : "57,51", "psi" : "42,49", "psni" : "0,00", "psa" : "100,00", "psna" : "0,00", "e" : "2469604", "ea" : "1006993", "ena" : "0", "esi" : "1006993", "esni" : "0", "c" : "787002", "a" : "219991", "pea" : "100,00", "pena" : "0,00", "pesi" : "40,78", "pesni" : "0,00", "pa" : "21,85", "pc" : "78,15", "munnr" : "35", "munpt" : "92", "munf" : "14", "pmunnr" : "24,82", "pmunpt" : "65,25", "pmunf" : "9,93" }, 
{ "and" : "P", "tpabr" : "UF", "cdabr" : "SE", "dt" : "02/10/2022", "ht" : "18:58:35", "s" : "5498", "st" : "1691", "snt" : "3807", "si" : "1691", "sni" : "0", "sa" : "1691", "sna" : "0", "pst" : "30,76", "psnt" : "69,24", "psi" : "30,76", "psni" : "0,00", "psa" : "100,00", "psna" : "0,00", "e" : "1671376", "ea" : "489846", "ena" : "0", "esi" : "489846", "esni" : "0", "c" : "404035", "a" : "85811", "pea" : "100,00", "pena" : "0,00", "pesi" : "29,31", "pesni" : "0,00", "pa" : "17,52", "pc" : "82,48", "munnr" : "29", "munpt" : "46", "munf" : "0", "pmunnr" : "38,67", "pmunpt" : "61,33", "pmunf" : "00,00" }, 
{ "and" : "P", "tpabr" : "UF", "cdabr" : "DF", "dt" : "02/10/2022", "ht" : "18:58:20", "s" : "6748", "st" : "5937", "snt" : "811", "si" : "5937", "sni" : "0", "sa" : "5937", "sna" : "0", "pst" : "87,98", "psnt" : "12,02", "psi" : "87,98", "psni" : "0,00", "psa" : "100,00", "psna" : "0,00", "e" : "2206996", "ea" : "1921185", "ena" : "0", "esi" : "1921185", "esni" : "0", "c" : "1587287", "a" : "333898", "pea" : "100,00", "pena" : "0,00", "pesi" : "87,05", "pesni" : "0,00", "pa" : "17,38", "pc" : "82,62", "munnr" : "0", "munpt" : "1", "munf" : "0", "pmunnr" : "00,00", "pmunpt" : "100,00", "pmunf" : "00,00" }, 
{ "and" : "P", "tpabr" : "UF", "cdabr" : "ES", "dt" : "02/10/2022", "ht" : "18:58:47", "s" : "9239", "st" : "7216", "snt" : "2023", "si" : "7216", "sni" : "0", "sa" : "7216", "sna" : "0", "pst" : "78,10", "psnt" : "21,90", "psi" : "78,10", "psni" : "0,00", "psa" : "100,00", "psna" : "0,00", "e" : "2922379", "ea" : "2255665", "ena" : "0", "esi" : "2255665", "esni" : "0", "c" : "1792103", "a" : "463562", "pea" : "100,00", "pena" : "0,00", "pesi" : "77,19", "pesni" : "0,00", "pa" : "20,55", "pc" : "79,45", "munnr" : "0", "munpt" : "53", "munf" : "25", "pmunnr" : "00,00", "pmunpt" : "67,95", "pmunf" : "32,05" }, 
{ "and" : "P", "tpabr" : "UF", "cdabr" : "MA", "dt" : "02/10/2022", "ht" : "18:58:03", "s" : "16423", "st" : "1178", "snt" : "15245", "si" : "1178", "sni" : "0", "sa" : "1178", "sna" : "0", "pst" : "7,17", "psnt" : "92,83", "psi" : "7,17", "psni" : "0,00", "psa" : "100,00", "psna" : "0,00", "e" : "5039287", "ea" : "332737", "ena" : "0", "esi" : "332737", "esni" : "0", "c" : "260641", "a" : "72096", "pea" : "100,00", "pena" : "0,00", "pesi" : "6,60", "pesni" : "0,00", "pa" : "21,67", "pc" : "78,33", "munnr" : "138", "munpt" : "79", "munf" : "0", "pmunnr" : "63,59", "pmunpt" : "36,41", "pmunf" : "00,00" }, 
{ "and" : "P", "tpabr" : "UF", "cdabr" : "PA", "dt" : "02/10/2022", "ht" : "18:57:53", "s" : "18235", "st" : "5328", "snt" : "12907", "si" : "5328", "sni" : "0", "sa" : "5328", "sna" : "0", "pst" : "29,22", "psnt" : "70,78", "psi" : "29,22", "psni" : "0,00", "psa" : "100,00", "psna" : "0,00", "e" : "6079280", "ea" : "1692394", "ena" : "0", "esi" : "1692394", "esni" : "0", "c" : "1348256", "a" : "344138", "pea" : "100,00", "pena" : "0,00", "pesi" : "27,84", "pesni" : "0,00", "pa" : "20,33", "pc" : "79,67", "munnr" : "9", "munpt" : "135", "munf" : "0", "pmunnr" : "6,25", "pmunpt" : "93,75", "pmunf" : "00,00" }, 
{ "and" : "P", "tpabr" : "UF", "cdabr" : "PI", "dt" : "02/10/2022", "ht" : "18:58:40", "s" : "8963", "st" : "2771", "snt" : "6192", "si" : "2771", "sni" : "0", "sa" : "2771", "sna" : "0", "pst" : "30,92", "psnt" : "69,08", "psi" : "30,92", "psni" : "0,00", "psa" : "100,00", "psna" : "0,00", "e" : "2570433", "ea" : "769124", "ena" : "0", "esi" : "769124", "esni" : "0", "c" : "631874", "a" : "137250", "pea" : "100,00", "pena" : "0,00", "pesi" : "29,92", "pesni" : "0,00", "pa" : "17,84", "pc" : "82,16", "munnr" : "70", "munpt" : "154", "munf" : "0", "pmunnr" : "31,25", "pmunpt" : "68,75", "pmunf" : "00,00" }, 
{ "and" : "P", "tpabr" : "UF", "cdabr" : "RS", "dt" : "02/10/2022", "ht" : "18:58:40", "s" : "27201", "st" : "11061", "snt" : "16140", "si" : "11061", "sni" : "0", "sa" : "11061", "sna" : "0", "pst" : "40,66", "psnt" : "59,34", "psi" : "40,66", "psni" : "0,00", "psa" : "100,00", "psna" : "0,00", "e" : "8589432", "ea" : "3458048", "ena" : "0", "esi" : "3458048", "esni" : "0", "c" : "2774315", "a" : "683733", "pea" : "100,00", "pena" : "0,00", "pesi" : "40,26", "pesni" : "0,00", "pa" : "19,77", "pc" : "80,23", "munnr" : "258", "munpt" : "211", "munf" : "28", "pmunnr" : "51,91", "pmunpt" : "42,45", "pmunf" : "5,63" }, 
{ "and" : "P", "tpabr" : "UF", "cdabr" : "AC", "dt" : "02/10/2022", "ht" : "18:58:42", "s" : "2124", "st" : "1194", "snt" : "930", "si" : "1194", "sni" : "0", "sa" : "1194", "sna" : "0", "pst" : "56,21", "psnt" : "43,79", "psi" : "56,21", "psni" : "0,00", "psa" : "100,00", "psna" : "0,00", "e" : "587738", "ea" : "332894", "ena" : "0", "esi" : "332894", "esni" : "0", "c" : "256638", "a" : "76256", "pea" : "100,00", "pena" : "0,00", "pesi" : "56,64", "pesni" : "0,00", "pa" : "22,91", "pc" : "77,09", "munnr" : "1", "munpt" : "21", "munf" : "0", "pmunnr" : "4,55", "pmunpt" : "95,45", "pmunf" : "00,00" }, 
{ "and" : "P", "tpabr" : "UF", "cdabr" : "PR", "dt" : "02/10/2022", "ht" : "18:58:24", "s" : "25721", "st" : "10849", "snt" : "14872", "si" : "10849", "sni" : "0", "sa" : "10849", "sna" : "0", "pst" : "42,18", "psnt" : "57,82", "psi" : "42,18", "psni" : "0,00", "psa" : "100,00", "psna" : "0,00", "e" : "8480435", "ea" : "3511436", "ena" : "0", "esi" : "3511436", "esni" : "0", "c" : "2831679", "a" : "679757", "pea" : "100,00", "pena" : "0,00", "pesi" : "41,41", "pesni" : "0,00", "pa" : "19,36", "pc" : "80,64", "munnr" : "149", "munpt" : "223", "munf" : "27", "pmunnr" : "37,34", "pmunpt" : "55,89", "pmunf" : "6,77" }, 
{ "and" : "P", "tpabr" : "UF", "cdabr" : "SC", "dt" : "02/10/2022", "ht" : "18:59:00", "s" : "16242", "st" : "1845", "snt" : "14397", "si" : "1845", "sni" : "0", "sa" : "1845", "sna" : "0", "pst" : "11,36", "psnt" : "88,64", "psi" : "11,36", "psni" : "0,00", "psa" : "100,00", "psna" : "0,00", "e" : "5501478", "ea" : "584409", "ena" : "0", "esi" : "584409", "esni" : "0", "c" : "481192", "a" : "103217", "pea" : "100,00", "pena" : "0,00", "pesi" : "10,62", "pesni" : "0,00", "pa" : "17,66", "pc" : "82,34", "munnr" : "198", "munpt" : "92", "munf" : "5", "pmunnr" : "67,12", "pmunpt" : "31,19", "pmunf" : "1,69" }, 
{ "and" : "P", "tpabr" : "UF", "cdabr" : "TO", "dt" : "02/10/2022", "ht" : "18:58:53", "s" : "3957", "st" : "2653", "snt" : "1304", "si" : "2653", "sni" : "0", "sa" : "2653", "sna" : "0", "pst" : "67,05", "psnt" : "32,95", "psi" : "67,05", "psni" : "0,00", "psa" : "100,00", "psna" : "0,00", "e" : "1094346", "ea" : "714937", "ena" : "0", "esi" : "714937", "esni" : "0", "c" : "582432", "a" : "132505", "pea" : "100,00", "pena" : "0,00", "pesi" : "65,33", "pesni" : "0,00", "pa" : "18,53", "pc" : "81,47", "munnr" : "20", "munpt" : "94", "munf" : "25", "pmunnr" : "14,39", "pmunpt" : "67,63", "pmunf" : "17,99" }, 
{ "and" : "P", "tpabr" : "UF", "cdabr" : "AL", "dt" : "02/10/2022", "ht" : "18:58:02", "s" : "6626", "st" : "135", "snt" : "6491", "si" : "135", "sni" : "0", "sa" : "135", "sna" : "0", "pst" : "2,04", "psnt" : "97,96", "psi" : "2,04", "psni" : "0,00", "psa" : "100,00", "psna" : "0,00", "e" : "2326491", "ea" : "41888", "ena" : "0", "esi" : "41888", "esni" : "0", "c" : "32867", "a" : "9021", "pea" : "100,00", "pena" : "0,00", "pesi" : "1,80", "pesni" : "0,00", "pa" : "21,54", "pc" : "78,46", "munnr" : "88", "munpt" : "14", "munf" : "0", "pmunnr" : "86,27", "pmunpt" : "13,73", "pmunf" : "00,00" }, 
{ "and" : "P", "tpabr" : "UF", "cdabr" : "BA", "dt" : "02/10/2022", "ht" : "18:58:08", "s" : "34424", "st" : "4318", "snt" : "30106", "si" : "4318", "sni" : "0", "sa" : "4318", "sna" : "0", "pst" : "12,54", "psnt" : "87,46", "psi" : "12,54", "psni" : "0,00", "psa" : "100,00", "psna" : "0,00", "e" : "11283405", "ea" : "1309017", "ena" : "0", "esi" : "1309017", "esni" : "0", "c" : "1029972", "a" : "279045", "pea" : "100,00", "pena" : "0,00", "pesi" : "11,60", "pesni" : "0,00", "pa" : "21,32", "pc" : "78,68", "munnr" : "191", "munpt" : "224", "munf" : "2", "pmunnr" : "45,80", "pmunpt" : "53,72", "pmunf" : "0,48" }, 
{ "and" : "P", "tpabr" : "UF", "cdabr" : "PB", "dt" : "02/10/2022", "ht" : "18:58:31", "s" : "9602", "st" : "2531", "snt" : "7071", "si" : "2531", "sni" : "0", "sa" : "2531", "sna" : "0", "pst" : "26,36", "psnt" : "73,64", "psi" : "26,36", "psni" : "0,00", "psa" : "100,00", "psna" : "0,00", "e" : "3092053", "ea" : "794373", "ena" : "0", "esi" : "794373", "esni" : "0", "c" : "661718", "a" : "132655", "pea" : "100,00", "pena" : "0,00", "pesi" : "25,69", "pesni" : "0,00", "pa" : "16,70", "pc" : "83,30", "munnr" : "99", "munpt" : "119", "munf" : "5", "pmunnr" : "44,39", "pmunpt" : "53,36", "pmunf" : "2,24" }, 
{ "and" : "P", "tpabr" : "UF", "cdabr" : "AP", "dt" : "02/10/2022", "ht" : "18:58:02", "s" : "1740", "st" : "550", "snt" : "1190", "si" : "550", "sni" : "0", "sa" : "550", "sna" : "0", "pst" : "31,61", "psnt" : "68,39", "psi" : "31,61", "psni" : "0,00", "psa" : "100,00", "psna" : "0,00", "e" : "550165", "ea" : "156965", "ena" : "0", "esi" : "156965", "esni" : "0", "c" : "124506", "a" : "32459", "pea" : "100,00", "pena" : "0,00", "pesi" : "28,53", "pesni" : "0,00", "pa" : "20,68", "pc" : "79,32", "munnr" : "1", "munpt" : "15", "munf" : "0", "pmunnr" : "6,25", "pmunpt" : "93,75", "pmunf" : "00,00" }, 
{ "and" : "P", "tpabr" : "UF", "cdabr" : "RJ", "dt" : "02/10/2022", "ht" : "18:58:04", "s" : "34068", "st" : "2518", "snt" : "31550", "si" : "2518", "sni" : "0", "sa" : "2518", "sna" : "0", "pst" : "7,39", "psnt" : "92,61", "psi" : "7,39", "psni" : "0,00", "psa" : "100,00", "psna" : "0,00", "e" : "12826356", "ea" : "826019", "ena" : "0", "esi" : "826019", "esni" : "0", "c" : "636557", "a" : "189462", "pea" : "100,00", "pena" : "0,00", "pesi" : "6,44", "pesni" : "0,00", "pa" : "22,94", "pc" : "77,06", "munnr" : "31", "munpt" : "61", "munf" : "0", "pmunnr" : "33,70", "pmunpt" : "66,30", "pmunf" : "00,00" }, 
{ "and" : "P", "tpabr" : "UF", "cdabr" : "RR", "dt" : "02/10/2022", "ht" : "18:58:19", "s" : "1268", "st" : "428", "snt" : "840", "si" : "428", "sni" : "0", "sa" : "428", "sna" : "0", "pst" : "33,75", "psnt" : "66,25", "psi" : "33,75", "psni" : "0,00", "psa" : "100,00", "psna" : "0,00", "e" : "366632", "ea" : "115261", "ena" : "0", "esi" : "115261", "esni" : "0", "c" : "96069", "a" : "19192", "pea" : "100,00", "pena" : "0,00", "pesi" : "31,44", "pesni" : "0,00", "pa" : "16,65", "pc" : "83,35", "munnr" : "0", "munpt" : "15", "munf" : "0", "pmunnr" : "00,00", "pmunpt" : "100,00", "pmunf" : "00,00" }, 
{ "and" : "P", "tpabr" : "UF", "cdabr" : "ZZ", "dt" : "02/10/2022", "ht" : "18:51:24", "s" : "1064", "st" : "466", "snt" : "598", "si" : "466", "sni" : "0", "sa" : "466", "sna" : "0", "pst" : "43,80", "psnt" : "56,20", "psi" : "43,80", "psni" : "0,00", "psa" : "100,00", "psna" : "0,00", "e" : "695355", "ea" : "325172", "ena" : "0", "esi" : "325172", "esni" : "0", "c" : "147154", "a" : "178018", "pea" : "100,00", "pena" : "0,00", "pesi" : "46,76", "pesni" : "0,00", "pa" : "54,75", "pc" : "45,25", "munnr" : "114", "munpt" : "13", "munf" : "54", "pmunnr" : "62,98", "pmunpt" : "7,18", "pmunf" : "29,83" }, 
{ "and" : "P", "tpabr" : "UF", "cdabr" : "SP", "dt" : "02/10/2022", "ht" : "18:58:12", "s" : "101073", "st" : "17674", "snt" : "83399", "si" : "17674", "sni" : "0", "sa" : "17674", "sna" : "0", "pst" : "17,49", "psnt" : "82,51", "psi" : "17,49", "psni" : "0,00", "psa" : "100,00", "psna" : "0,00", "e" : "34684927", "ea" : "5687826", "ena" : "0", "esi" : "5687826", "esni" : "0", "c" : "4430382", "a" : "1257444", "pea" : "100,00", "pena" : "0,00", "pesi" : "16,40", "pesni" : "0,00", "pa" : "22,11", "pc" : "77,89", "munnr" : "359", "munpt" : "217", "munf" : "69", "pmunnr" : "55,66", "pmunpt" : "33,64", "pmunf" : "10,70" }, 
{ "and" : "P", "tpabr" : "BR", "cdabr" : "BR", "dt" : "02/10/2022", "ht" : "18:59:00", "s" : "472075", "st" : "115097", "snt" : "356978", "si" : "115097", "sni" : "0", "sa" : "115097", "sna" : "0", "pst" : "24,38", "psnt" : "75,62", "psi" : "24,38", "psni" : "0,00", "psa" : "100,00", "psna" : "0,00", "e" : "156454011", "ea" : "35991063", "ena" : "0", "esi" : "35991063", "esni" : "0", "c" : "28545511", "a" : "7445552", "pea" : "100,00", "pena" : "0,00", "pesi" : "23,00", "pesni" : "0,00", "pa" : "20,69", "pc" : "79,31", "ufsnr" : "0", "ufspt" : "28", "ufsf" : "0", "pufsnr" : "00,00", "pufspt" : "100,00", "pufsf" : "00,00" } ] }