
{ "ele" : "544", "t" : "1", "f" : "O", "dg" : "02/10/2022", "hg" : "19:08:48", "abr" : [ 
{ "and" : "P", "tpabr" : "UF", "cdabr" : "AM", "dt" : "02/10/2022", "ht" : "19:07:59", "s" : "7454", "st" : "3391", "snt" : "4063", "si" : "3391", "sni" : "0", "sa" : "3391", "sna" : "0", "pst" : "45,49", "psnt" : "54,51", "psi" : "45,49", "psni" : "0,00", "psa" : "100,00", "psna" : "0,00", "e" : "2646924", "ea" : "1182907", "ena" : "0", "esi" : "1182907", "esni" : "0", "c" : "975362", "a" : "207545", "pea" : "100,00", "pena" : "0,00", "pesi" : "44,69", "pesni" : "0,00", "pa" : "17,55", "pc" : "82,45", "munnr" : "5", "munpt" : "57", "munf" : "0", "pmunnr" : "8,06", "pmunpt" : "91,94", "pmunf" : "00,00" }, 
{ "and" : "P", "tpabr" : "UF", "cdabr" : "PE", "dt" : "02/10/2022", "ht" : "19:07:51", "s" : "20572", "st" : "2845", "snt" : "17727", "si" : "2845", "sni" : "0", "sa" : "2845", "sna" : "0", "pst" : "13,83", "psnt" : "86,17", "psi" : "13,83", "psni" : "0,00", "psa" : "100,00", "psna" : "0,00", "e" : "7015421", "ea" : "866187", "ena" : "0", "esi" : "866187", "esni" : "0", "c" : "704544", "a" : "161643", "pea" : "100,00", "pena" : "0,00", "pesi" : "12,35", "pesni" : "0,00", "pa" : "18,66", "pc" : "81,34", "munnr" : "92", "munpt" : "93", "munf" : "0", "pmunnr" : "49,73", "pmunpt" : "50,27", "pmunf" : "00,00" }, 
{ "and" : "P", "tpabr" : "UF", "cdabr" : "RN", "dt" : "02/10/2022", "ht" : "19:08:08", "s" : "7674", "st" : "2643", "snt" : "5031", "si" : "2643", "sni" : "0", "sa" : "2643", "sna" : "0", "pst" : "34,44", "psnt" : "65,56", "psi" : "34,44", "psni" : "0,00", "psa" : "100,00", "psna" : "0,00", "e" : "2554716", "ea" : "802735", "ena" : "0", "esi" : "802735", "esni" : "0", "c" : "659984", "a" : "142751", "pea" : "100,00", "pena" : "0,00", "pesi" : "31,42", "pesni" : "0,00", "pa" : "17,78", "pc" : "82,22", "munnr" : "31", "munpt" : "118", "munf" : "18", "pmunnr" : "18,56", "pmunpt" : "70,66", "pmunf" : "10,78" }, 
{ "and" : "P", "tpabr" : "UF", "cdabr" : "MG", "dt" : "02/10/2022", "ht" : "19:07:54", "s" : "49981", "st" : "11652", "snt" : "38329", "si" : "11652", "sni" : "0", "sa" : "11652", "sna" : "0", "pst" : "23,31", "psnt" : "76,69", "psi" : "23,31", "psni" : "0,00", "psa" : "100,00", "psna" : "0,00", "e" : "16283828", "ea" : "3579268", "ena" : "0", "esi" : "3579268", "esni" : "0", "c" : "2769241", "a" : "810027", "pea" : "100,00", "pena" : "0,00", "pesi" : "21,98", "pesni" : "0,00", "pa" : "22,63", "pc" : "77,37", "munnr" : "506", "munpt" : "315", "munf" : "32", "pmunnr" : "59,32", "pmunpt" : "36,93", "pmunf" : "3,75" }, 
{ "and" : "P", "tpabr" : "UF", "cdabr" : "RO", "dt" : "02/10/2022", "ht" : "19:08:28", "s" : "4198", "st" : "2036", "snt" : "2162", "si" : "2036", "sni" : "0", "sa" : "2036", "sna" : "0", "pst" : "48,50", "psnt" : "51,50", "psi" : "48,50", "psni" : "0,00", "psa" : "100,00", "psna" : "0,00", "e" : "1229998", "ea" : "587144", "ena" : "0", "esi" : "587144", "esni" : "0", "c" : "452615", "a" : "134529", "pea" : "100,00", "pena" : "0,00", "pesi" : "47,74", "pesni" : "0,00", "pa" : "22,91", "pc" : "77,09", "munnr" : "20", "munpt" : "29", "munf" : "3", "pmunnr" : "38,46", "pmunpt" : "55,77", "pmunf" : "5,77" }, 
{ "and" : "P", "tpabr" : "UF", "cdabr" : "CE", "dt" : "02/10/2022", "ht" : "19:07:40", "s" : "22796", "st" : "4318", "snt" : "18478", "si" : "4318", "sni" : "0", "sa" : "4318", "sna" : "0", "pst" : "18,94", "psnt" : "81,06", "psi" : "18,94", "psni" : "0,00", "psa" : "100,00", "psna" : "0,00", "e" : "6818732", "ea" : "1259640", "ena" : "0", "esi" : "1259640", "esni" : "0", "c" : "1023146", "a" : "236494", "pea" : "100,00", "pena" : "0,00", "pesi" : "18,47", "pesni" : "0,00", "pa" : "18,77", "pc" : "81,23", "munnr" : "69", "munpt" : "115", "munf" : "0", "pmunnr" : "37,50", "pmunpt" : "62,50", "pmunf" : "00,00" }, 
{ "and" : "P", "tpabr" : "UF", "cdabr" : "GO", "dt" : "02/10/2022", "ht" : "19:08:07", "s" : "14620", "st" : "6999", "snt" : "7621", "si" : "6999", "sni" : "0", "sa" : "6999", "sna" : "0", "pst" : "47,87", "psnt" : "52,13", "psi" : "47,87", "psni" : "0,00", "psa" : "100,00", "psna" : "0,00", "e" : "4870292", "ea" : "2295305", "ena" : "0", "esi" : "2295305", "esni" : "0", "c" : "1803785", "a" : "491520", "pea" : "100,00", "pena" : "0,00", "pesi" : "47,13", "pesni" : "0,00", "pa" : "21,41", "pc" : "78,59", "munnr" : "132", "munpt" : "100", "munf" : "14", "pmunnr" : "53,66", "pmunpt" : "40,65", "pmunf" : "5,69" }, 
{ "and" : "P", "tpabr" : "UF", "cdabr" : "MS", "dt" : "02/10/2022", "ht" : "19:08:31", "s" : "6912", "st" : "5761", "snt" : "1151", "si" : "5761", "sni" : "0", "sa" : "5761", "sna" : "0", "pst" : "83,35", "psnt" : "16,65", "psi" : "83,35", "psni" : "0,00", "psa" : "100,00", "psna" : "0,00", "e" : "1995932", "ea" : "1648776", "ena" : "0", "esi" : "1648776", "esni" : "0", "c" : "1290683", "a" : "358093", "pea" : "100,00", "pena" : "0,00", "pesi" : "82,61", "pesni" : "0,00", "pa" : "21,72", "pc" : "78,28", "munnr" : "4", "munpt" : "53", "munf" : "22", "pmunnr" : "5,06", "pmunpt" : "67,09", "pmunf" : "27,85" }, 
{ "and" : "P", "tpabr" : "UF", "cdabr" : "MT", "dt" : "02/10/2022", "ht" : "19:08:28", "s" : "7652", "st" : "3869", "snt" : "3783", "si" : "3869", "sni" : "0", "sa" : "3869", "sna" : "0", "pst" : "50,56", "psnt" : "49,44", "psi" : "50,56", "psni" : "0,00", "psa" : "100,00", "psna" : "0,00", "e" : "2469604", "ea" : "1203071", "ena" : "0", "esi" : "1203071", "esni" : "0", "c" : "937079", "a" : "265992", "pea" : "100,00", "pena" : "0,00", "pesi" : "48,72", "pesni" : "0,00", "pa" : "22,11", "pc" : "77,89", "munnr" : "27", "munpt" : "96", "munf" : "18", "pmunnr" : "19,15", "pmunpt" : "68,09", "pmunf" : "12,77" }, 
{ "and" : "P", "tpabr" : "UF", "cdabr" : "SE", "dt" : "02/10/2022", "ht" : "19:08:27", "s" : "5498", "st" : "2180", "snt" : "3318", "si" : "2180", "sni" : "0", "sa" : "2180", "sna" : "0", "pst" : "39,65", "psnt" : "60,35", "psi" : "39,65", "psni" : "0,00", "psa" : "100,00", "psna" : "0,00", "e" : "1671376", "ea" : "636846", "ena" : "0", "esi" : "636846", "esni" : "0", "c" : "524513", "a" : "112333", "pea" : "100,00", "pena" : "0,00", "pesi" : "38,10", "pesni" : "0,00", "pa" : "17,64", "pc" : "82,36", "munnr" : "20", "munpt" : "54", "munf" : "1", "pmunnr" : "26,67", "pmunpt" : "72,00", "pmunf" : "1,33" }, 
{ "and" : "P", "tpabr" : "UF", "cdabr" : "DF", "dt" : "02/10/2022", "ht" : "19:07:59", "s" : "6748", "st" : "6196", "snt" : "552", "si" : "6196", "sni" : "0", "sa" : "6196", "sna" : "0", "pst" : "91,82", "psnt" : "8,18", "psi" : "91,82", "psni" : "0,00", "psa" : "100,00", "psna" : "0,00", "e" : "2206996", "ea" : "2011519", "ena" : "0", "esi" : "2011519", "esni" : "0", "c" : "1661209", "a" : "350310", "pea" : "100,00", "pena" : "0,00", "pesi" : "91,14", "pesni" : "0,00", "pa" : "17,42", "pc" : "82,58", "munnr" : "0", "munpt" : "1", "munf" : "0", "pmunnr" : "00,00", "pmunpt" : "100,00", "pmunf" : "00,00" }, 
{ "and" : "P", "tpabr" : "UF", "cdabr" : "ES", "dt" : "02/10/2022", "ht" : "19:08:29", "s" : "9239", "st" : "7944", "snt" : "1295", "si" : "7944", "sni" : "0", "sa" : "7944", "sna" : "0", "pst" : "85,98", "psnt" : "14,02", "psi" : "85,98", "psni" : "0,00", "psa" : "100,00", "psna" : "0,00", "e" : "2922379", "ea" : "2486860", "ena" : "0", "esi" : "2486860", "esni" : "0", "c" : "1974777", "a" : "512083", "pea" : "100,00", "pena" : "0,00", "pesi" : "85,10", "pesni" : "0,00", "pa" : "20,59", "pc" : "79,41", "munnr" : "0", "munpt" : "42", "munf" : "36", "pmunnr" : "00,00", "pmunpt" : "53,85", "pmunf" : "46,15" }, 
{ "and" : "P", "tpabr" : "UF", "cdabr" : "MA", "dt" : "02/10/2022", "ht" : "19:07:38", "s" : "16423", "st" : "1862", "snt" : "14561", "si" : "1862", "sni" : "0", "sa" : "1862", "sna" : "0", "pst" : "11,34", "psnt" : "88,66", "psi" : "11,34", "psni" : "0,00", "psa" : "100,00", "psna" : "0,00", "e" : "5039287", "ea" : "533249", "ena" : "0", "esi" : "533249", "esni" : "0", "c" : "419665", "a" : "113584", "pea" : "100,00", "pena" : "0,00", "pesi" : "10,58", "pesni" : "0,00", "pa" : "21,30", "pc" : "78,70", "munnr" : "120", "munpt" : "97", "munf" : "0", "pmunnr" : "55,30", "pmunpt" : "44,70", "pmunf" : "00,00" }, 
{ "and" : "P", "tpabr" : "UF", "cdabr" : "PA", "dt" : "02/10/2022", "ht" : "19:07:21", "s" : "18235", "st" : "6197", "snt" : "12038", "si" : "6197", "sni" : "0", "sa" : "6197", "sna" : "0", "pst" : "33,98", "psnt" : "66,02", "psi" : "33,98", "psni" : "0,00", "psa" : "100,00", "psna" : "0,00", "e" : "6079280", "ea" : "1971734", "ena" : "0", "esi" : "1971734", "esni" : "0", "c" : "1568250", "a" : "403484", "pea" : "100,00", "pena" : "0,00", "pesi" : "32,43", "pesni" : "0,00", "pa" : "20,46", "pc" : "79,54", "munnr" : "5", "munpt" : "139", "munf" : "0", "pmunnr" : "3,47", "pmunpt" : "96,53", "pmunf" : "00,00" }, 
{ "and" : "P", "tpabr" : "UF", "cdabr" : "PI", "dt" : "02/10/2022", "ht" : "19:08:13", "s" : "8963", "st" : "3329", "snt" : "5634", "si" : "3329", "sni" : "0", "sa" : "3329", "sna" : "0", "pst" : "37,14", "psnt" : "62,86", "psi" : "37,14", "psni" : "0,00", "psa" : "100,00", "psna" : "0,00", "e" : "2570433", "ea" : "926636", "ena" : "0", "esi" : "926636", "esni" : "0", "c" : "761359", "a" : "165277", "pea" : "100,00", "pena" : "0,00", "pesi" : "36,05", "pesni" : "0,00", "pa" : "17,84", "pc" : "82,16", "munnr" : "57", "munpt" : "167", "munf" : "0", "pmunnr" : "25,45", "pmunpt" : "74,55", "pmunf" : "00,00" }, 
{ "and" : "P", "tpabr" : "UF", "cdabr" : "RS", "dt" : "02/10/2022", "ht" : "19:08:17", "s" : "27201", "st" : "13679", "snt" : "13522", "si" : "13679", "sni" : "0", "sa" : "13679", "sna" : "0", "pst" : "50,29", "psnt" : "49,71", "psi" : "50,29", "psni" : "0,00", "psa" : "100,00", "psna" : "0,00", "e" : "8589432", "ea" : "4295731", "ena" : "0", "esi" : "4295731", "esni" : "0", "c" : "3443350", "a" : "852381", "pea" : "100,00", "pena" : "0,00", "pesi" : "50,01", "pesni" : "0,00", "pa" : "19,84", "pc" : "80,16", "munnr" : "231", "munpt" : "217", "munf" : "49", "pmunnr" : "46,48", "pmunpt" : "43,66", "pmunf" : "9,86" }, 
{ "and" : "P", "tpabr" : "UF", "cdabr" : "AC", "dt" : "02/10/2022", "ht" : "19:08:17", "s" : "2124", "st" : "1381", "snt" : "743", "si" : "1381", "sni" : "0", "sa" : "1381", "sna" : "0", "pst" : "65,02", "psnt" : "34,98", "psi" : "65,02", "psni" : "0,00", "psa" : "100,00", "psna" : "0,00", "e" : "587738", "ea" : "385109", "ena" : "0", "esi" : "385109", "esni" : "0", "c" : "297486", "a" : "87623", "pea" : "100,00", "pena" : "0,00", "pesi" : "65,52", "pesni" : "0,00", "pa" : "22,75", "pc" : "77,25", "munnr" : "0", "munpt" : "22", "munf" : "0", "pmunnr" : "00,00", "pmunpt" : "100,00", "pmunf" : "00,00" }, 
{ "and" : "P", "tpabr" : "UF", "cdabr" : "PR", "dt" : "02/10/2022", "ht" : "19:08:08", "s" : "25721", "st" : "14406", "snt" : "11315", "si" : "14406", "sni" : "0", "sa" : "14406", "sna" : "0", "pst" : "56,01", "psnt" : "43,99", "psi" : "56,01", "psni" : "0,00", "psa" : "100,00", "psna" : "0,00", "e" : "8480435", "ea" : "4678873", "ena" : "0", "esi" : "4678873", "esni" : "0", "c" : "3772464", "a" : "906409", "pea" : "100,00", "pena" : "0,00", "pesi" : "55,17", "pesni" : "0,00", "pa" : "19,37", "pc" : "80,63", "munnr" : "123", "munpt" : "222", "munf" : "54", "pmunnr" : "30,83", "pmunpt" : "55,64", "pmunf" : "13,53" }, 
{ "and" : "P", "tpabr" : "UF", "cdabr" : "SC", "dt" : "02/10/2022", "ht" : "19:07:21", "s" : "16242", "st" : "2780", "snt" : "13462", "si" : "2780", "sni" : "0", "sa" : "2780", "sna" : "0", "pst" : "17,12", "psnt" : "82,88", "psi" : "17,12", "psni" : "0,00", "psa" : "100,00", "psna" : "0,00", "e" : "5501478", "ea" : "894543", "ena" : "0", "esi" : "894543", "esni" : "0", "c" : "737393", "a" : "157150", "pea" : "100,00", "pena" : "0,00", "pesi" : "16,26", "pesni" : "0,00", "pa" : "17,57", "pc" : "82,43", "munnr" : "160", "munpt" : "127", "munf" : "8", "pmunnr" : "54,24", "pmunpt" : "43,05", "pmunf" : "2,71" }, 
{ "and" : "P", "tpabr" : "UF", "cdabr" : "TO", "dt" : "02/10/2022", "ht" : "19:08:31", "s" : "3957", "st" : "2903", "snt" : "1054", "si" : "2903", "sni" : "0", "sa" : "2903", "sna" : "0", "pst" : "73,36", "psnt" : "26,64", "psi" : "73,36", "psni" : "0,00", "psa" : "100,00", "psna" : "0,00", "e" : "1094346", "ea" : "783471", "ena" : "0", "esi" : "783471", "esni" : "0", "c" : "638095", "a" : "145376", "pea" : "100,00", "pena" : "0,00", "pesi" : "71,59", "pesni" : "0,00", "pa" : "18,56", "pc" : "81,44", "munnr" : "15", "munpt" : "89", "munf" : "35", "pmunnr" : "10,79", "pmunpt" : "64,03", "pmunf" : "25,18" }, 
{ "and" : "P", "tpabr" : "UF", "cdabr" : "AL", "dt" : "02/10/2022", "ht" : "19:07:36", "s" : "6626", "st" : "290", "snt" : "6336", "si" : "290", "sni" : "0", "sa" : "290", "sna" : "0", "pst" : "4,38", "psnt" : "95,62", "psi" : "4,38", "psni" : "0,00", "psa" : "100,00", "psna" : "0,00", "e" : "2326491", "ea" : "90197", "ena" : "0", "esi" : "90197", "esni" : "0", "c" : "70240", "a" : "19957", "pea" : "100,00", "pena" : "0,00", "pesi" : "3,88", "pesni" : "0,00", "pa" : "22,13", "pc" : "77,87", "munnr" : "80", "munpt" : "22", "munf" : "0", "pmunnr" : "78,43", "pmunpt" : "21,57", "pmunf" : "00,00" }, 
{ "and" : "P", "tpabr" : "UF", "cdabr" : "BA", "dt" : "02/10/2022", "ht" : "19:07:38", "s" : "34424", "st" : "5852", "snt" : "28572", "si" : "5852", "sni" : "0", "sa" : "5852", "sna" : "0", "pst" : "17,00", "psnt" : "83,00", "psi" : "17,00", "psni" : "0,00", "psa" : "100,00", "psna" : "0,00", "e" : "11283405", "ea" : "1773551", "ena" : "0", "esi" : "1773551", "esni" : "0", "c" : "1397429", "a" : "376122", "pea" : "100,00", "pena" : "0,00", "pesi" : "15,72", "pesni" : "0,00", "pa" : "21,21", "pc" : "78,79", "munnr" : "158", "munpt" : "256", "munf" : "3", "pmunnr" : "37,89", "pmunpt" : "61,39", "pmunf" : "0,72" }, 
{ "and" : "P", "tpabr" : "UF", "cdabr" : "PB", "dt" : "02/10/2022", "ht" : "19:08:06", "s" : "9602", "st" : "3316", "snt" : "6286", "si" : "3316", "sni" : "0", "sa" : "3316", "sna" : "0", "pst" : "34,53", "psnt" : "65,47", "psi" : "34,53", "psni" : "0,00", "psa" : "100,00", "psna" : "0,00", "e" : "3092053", "ea" : "1041634", "ena" : "0", "esi" : "1041634", "esni" : "0", "c" : "869660", "a" : "171974", "pea" : "100,00", "pena" : "0,00", "pesi" : "33,69", "pesni" : "0,00", "pa" : "16,51", "pc" : "83,49", "munnr" : "92", "munpt" : "124", "munf" : "7", "pmunnr" : "41,26", "pmunpt" : "55,61", "pmunf" : "3,14" }, 
{ "and" : "P", "tpabr" : "UF", "cdabr" : "AP", "dt" : "02/10/2022", "ht" : "19:07:58", "s" : "1740", "st" : "682", "snt" : "1058", "si" : "682", "sni" : "0", "sa" : "682", "sna" : "0", "pst" : "39,20", "psnt" : "60,80", "psi" : "39,20", "psni" : "0,00", "psa" : "100,00", "psna" : "0,00", "e" : "550165", "ea" : "195856", "ena" : "0", "esi" : "195856", "esni" : "0", "c" : "156560", "a" : "39296", "pea" : "100,00", "pena" : "0,00", "pesi" : "35,60", "pesni" : "0,00", "pa" : "20,06", "pc" : "79,94", "munnr" : "1", "munpt" : "15", "munf" : "0", "pmunnr" : "6,25", "pmunpt" : "93,75", "pmunf" : "00,00" }, 
{ "and" : "P", "tpabr" : "UF", "cdabr" : "RJ", "dt" : "02/10/2022", "ht" : "19:07:39", "s" : "34068", "st" : "4090", "snt" : "29978", "si" : "4090", "sni" : "0", "sa" : "4090", "sna" : "0", "pst" : "12,01", "psnt" : "87,99", "psi" : "12,01", "psni" : "0,00", "psa" : "100,00", "psna" : "0,00", "e" : "12826356", "ea" : "1337593", "ena" : "0", "esi" : "1337593", "esni" : "0", "c" : "1030845", "a" : "306748", "pea" : "100,00", "pena" : "0,00", "pesi" : "10,43", "pesni" : "0,00", "pa" : "22,93", "pc" : "77,07", "munnr" : "22", "munpt" : "70", "munf" : "0", "pmunnr" : "23,91", "pmunpt" : "76,09", "pmunf" : "00,00" }, 
{ "and" : "P", "tpabr" : "UF", "cdabr" : "RR", "dt" : "02/10/2022", "ht" : "19:07:58", "s" : "1268", "st" : "524", "snt" : "744", "si" : "524", "sni" : "0", "sa" : "524", "sna" : "0", "pst" : "41,32", "psnt" : "58,68", "psi" : "41,32", "psni" : "0,00", "psa" : "100,00", "psna" : "0,00", "e" : "366632", "ea" : "142348", "ena" : "0", "esi" : "142348", "esni" : "0", "c" : "119038", "a" : "23310", "pea" : "100,00", "pena" : "0,00", "pesi" : "38,83", "pesni" : "0,00", "pa" : "16,38", "pc" : "83,62", "munnr" : "0", "munpt" : "15", "munf" : "0", "pmunnr" : "00,00", "pmunpt" : "100,00", "pmunf" : "00,00" }, 
{ "and" : "P", "tpabr" : "UF", "cdabr" : "ZZ", "dt" : "02/10/2022", "ht" : "19:06:26", "s" : "1064", "st" : "492", "snt" : "572", "si" : "492", "sni" : "0", "sa" : "492", "sna" : "0", "pst" : "46,24", "psnt" : "53,76", "psi" : "46,24", "psni" : "0,00", "psa" : "100,00", "psna" : "0,00", "e" : "695355", "ea" : "341907", "ena" : "0", "esi" : "341907", "esni" : "0", "c" : "152534", "a" : "189373", "pea" : "100,00", "pena" : "0,00", "pesi" : "49,17", "pesni" : "0,00", "pa" : "55,39", "pc" : "44,61", "munnr" : "113", "munpt" : "14", "munf" : "54", "pmunnr" : "62,43", "pmunpt" : "7,73", "pmunf" : "29,83" }, 
{ "and" : "P", "tpabr" : "UF", "cdabr" : "SP", "dt" : "02/10/2022", "ht" : "19:07:48", "s" : "101073", "st" : "25246", "snt" : "75827", "si" : "25246", "sni" : "0", "sa" : "25246", "sna" : "0", "pst" : "24,98", "psnt" : "75,02", "psi" : "24,98", "psni" : "0,00", "psa" : "100,00", "psna" : "0,00", "e" : "34684927", "ea" : "8193794", "ena" : "0", "esi" : "8193794", "esni" : "0", "c" : "6389283", "a" : "1804511", "pea" : "100,00", "pena" : "0,00", "pesi" : "23,62", "pesni" : "0,00", "pa" : "22,02", "pc" : "77,98", "munnr" : "330", "munpt" : "224", "munf" : "91", "pmunnr" : "51,16", "pmunpt" : "34,73", "pmunf" : "14,11" }, 
{ "and" : "P", "tpabr" : "BR", "cdabr" : "BR", "dt" : "02/10/2022", "ht" : "19:08:31", "s" : "472075", "st" : "146863", "snt" : "325212", "si" : "146863", "sni" : "0", "sa" : "146863", "sna" : "0", "pst" : "31,11", "psnt" : "68,89", "psi" : "31,11", "psni" : "0,00", "psa" : "100,00", "psna" : "0,00", "e" : "156454011", "ea" : "46146484", "ena" : "0", "esi" : "46146484", "esni" : "0", "c" : "36600589", "a" : "9545895", "pea" : "100,00", "pena" : "0,00", "pesi" : "29,49", "pesni" : "0,00", "pa" : "20,69", "pc" : "79,31", "ufsnr" : "0", "ufspt" : "28", "ufsf" : "0", "pufsnr" : "00,00", "pufspt" : "100,00", "pufsf" : "00,00" } ] }