
{ "ele" : "544", "t" : "1", "f" : "O", "dg" : "02/10/2022", "hg" : "20:57:06", "abr" : [ 
{ "and" : "P", "tpabr" : "UF", "cdabr" : "AM", "dt" : "02/10/2022", "ht" : "20:55:58", "s" : "7454", "st" : "7070", "snt" : "384", "si" : "7070", "sni" : "0", "sa" : "7070", "sna" : "0", "pst" : "94,85", "psnt" : "5,15", "psi" : "94,85", "psni" : "0,00", "psa" : "100,00", "psna" : "0,00", "e" : "2646924", "ea" : "2501815", "ena" : "0", "esi" : "2501815", "esni" : "0", "c" : "2002985", "a" : "498830", "pea" : "100,00", "pena" : "0,00", "pesi" : "94,52", "pesni" : "0,00", "pa" : "19,94", "pc" : "80,06", "munnr" : "0", "munpt" : "39", "munf" : "23", "pmunnr" : "00,00", "pmunpt" : "62,90", "pmunf" : "37,10" }, 
{ "and" : "P", "tpabr" : "UF", "cdabr" : "PE", "dt" : "02/10/2022", "ht" : "20:56:03", "s" : "20572", "st" : "18858", "snt" : "1714", "si" : "18858", "sni" : "0", "sa" : "18858", "sna" : "0", "pst" : "91,67", "psnt" : "8,33", "psi" : "91,67", "psni" : "0,00", "psa" : "100,00", "psna" : "0,00", "e" : "7015421", "ea" : "6420176", "ena" : "0", "esi" : "6420176", "esni" : "0", "c" : "5265097", "a" : "1155079", "pea" : "100,00", "pena" : "0,00", "pesi" : "91,52", "pesni" : "0,00", "pa" : "17,99", "pc" : "82,01", "munnr" : "10", "munpt" : "87", "munf" : "88", "pmunnr" : "5,41", "pmunpt" : "47,03", "pmunf" : "47,57" }, 
{ "and" : "P", "tpabr" : "UF", "cdabr" : "RN", "dt" : "02/10/2022", "ht" : "20:56:00", "s" : "7674", "st" : "7452", "snt" : "222", "si" : "7452", "sni" : "0", "sa" : "7452", "sna" : "0", "pst" : "97,11", "psnt" : "2,89", "psi" : "97,11", "psni" : "0,00", "psa" : "100,00", "psna" : "0,00", "e" : "2554716", "ea" : "2478558", "ena" : "0", "esi" : "2478558", "esni" : "0", "c" : "2028700", "a" : "449858", "pea" : "100,00", "pena" : "0,00", "pesi" : "97,02", "pesni" : "0,00", "pa" : "18,15", "pc" : "81,85", "munnr" : "0", "munpt" : "36", "munf" : "131", "pmunnr" : "00,00", "pmunpt" : "21,56", "pmunf" : "78,44" }, 
{ "and" : "P", "tpabr" : "UF", "cdabr" : "MG", "dt" : "02/10/2022", "ht" : "20:55:59", "s" : "49981", "st" : "46892", "snt" : "3089", "si" : "46892", "sni" : "0", "sa" : "46892", "sna" : "0", "pst" : "93,82", "psnt" : "6,18", "psi" : "93,82", "psni" : "0,00", "psa" : "100,00", "psna" : "0,00", "e" : "16283828", "ea" : "15233128", "ena" : "0", "esi" : "15233128", "esni" : "0", "c" : "11851192", "a" : "3381936", "pea" : "100,00", "pena" : "0,00", "pesi" : "93,55", "pesni" : "0,00", "pa" : "22,20", "pc" : "77,80", "munnr" : "55", "munpt" : "117", "munf" : "681", "pmunnr" : "6,45", "pmunpt" : "13,72", "pmunf" : "79,84" }, 
{ "and" : "P", "tpabr" : "UF", "cdabr" : "RO", "dt" : "02/10/2022", "ht" : "20:56:00", "s" : "4198", "st" : "4147", "snt" : "51", "si" : "4147", "sni" : "0", "sa" : "4147", "sna" : "0", "pst" : "98,79", "psnt" : "1,21", "psi" : "98,79", "psni" : "0,00", "psa" : "100,00", "psna" : "0,00", "e" : "1229998", "ea" : "1212212", "ena" : "0", "esi" : "1212212", "esni" : "0", "c" : "913932", "a" : "298280", "pea" : "100,00", "pena" : "0,00", "pesi" : "98,55", "pesni" : "0,00", "pa" : "24,61", "pc" : "75,39", "munnr" : "0", "munpt" : "10", "munf" : "42", "pmunnr" : "00,00", "pmunpt" : "19,23", "pmunf" : "80,77" }, 
{ "and" : "P", "tpabr" : "UF", "cdabr" : "CE", "dt" : "02/10/2022", "ht" : "20:55:59", "s" : "22796", "st" : "20605", "snt" : "2191", "si" : "20605", "sni" : "0", "sa" : "20605", "sna" : "0", "pst" : "90,39", "psnt" : "9,61", "psi" : "90,39", "psni" : "0,00", "psa" : "100,00", "psna" : "0,00", "e" : "6818732", "ea" : "6188112", "ena" : "0", "esi" : "6188112", "esni" : "0", "c" : "5107148", "a" : "1080964", "pea" : "100,00", "pena" : "0,00", "pesi" : "90,75", "pesni" : "0,00", "pa" : "17,47", "pc" : "82,53", "munnr" : "9", "munpt" : "94", "munf" : "81", "pmunnr" : "4,89", "pmunpt" : "51,09", "pmunf" : "44,02" }, 
{ "and" : "P", "tpabr" : "UF", "cdabr" : "GO", "dt" : "02/10/2022", "ht" : "20:55:59", "s" : "14620", "st" : "14451", "snt" : "169", "si" : "14451", "sni" : "0", "sa" : "14451", "sna" : "0", "pst" : "98,84", "psnt" : "1,16", "psi" : "98,84", "psni" : "0,00", "psa" : "100,00", "psna" : "0,00", "e" : "4870292", "ea" : "4814626", "ena" : "0", "esi" : "4814626", "esni" : "0", "c" : "3770177", "a" : "1044449", "pea" : "100,00", "pena" : "0,00", "pesi" : "98,86", "pesni" : "0,00", "pa" : "21,69", "pc" : "78,31", "munnr" : "5", "munpt" : "20", "munf" : "221", "pmunnr" : "2,03", "pmunpt" : "8,13", "pmunf" : "89,84" }, 
{ "and" : "P", "tpabr" : "UF", "cdabr" : "MS", "dt" : "02/10/2022", "ht" : "20:54:51", "s" : "6912", "st" : "6910", "snt" : "2", "si" : "6910", "sni" : "0", "sa" : "6910", "sna" : "0", "pst" : "99,97", "psnt" : "0,03", "psi" : "99,97", "psni" : "0,00", "psa" : "100,00", "psna" : "0,00", "e" : "1995932", "ea" : "1995509", "ena" : "0", "esi" : "1995509", "esni" : "0", "c" : "1554759", "a" : "440750", "pea" : "100,00", "pena" : "0,00", "pesi" : "99,98", "pesni" : "0,00", "pa" : "22,09", "pc" : "77,91", "munnr" : "0", "munpt" : "1", "munf" : "78", "pmunnr" : "00,00", "pmunpt" : "1,27", "pmunf" : "98,73" }, 
{ "and" : "P", "tpabr" : "UF", "cdabr" : "MT", "dt" : "02/10/2022", "ht" : "20:55:59", "s" : "7652", "st" : "7554", "snt" : "98", "si" : "7554", "sni" : "0", "sa" : "7554", "sna" : "0", "pst" : "98,72", "psnt" : "1,28", "psi" : "98,72", "psni" : "0,00", "psa" : "100,00", "psna" : "0,00", "e" : "2469604", "ea" : "2437693", "ena" : "0", "esi" : "2437693", "esni" : "0", "c" : "1868417", "a" : "569276", "pea" : "100,00", "pena" : "0,00", "pesi" : "98,71", "pesni" : "0,00", "pa" : "23,35", "pc" : "76,65", "munnr" : "1", "munpt" : "14", "munf" : "126", "pmunnr" : "0,71", "pmunpt" : "9,93", "pmunf" : "89,36" }, 
{ "and" : "P", "tpabr" : "UF", "cdabr" : "SE", "dt" : "02/10/2022", "ht" : "20:56:03", "s" : "5498", "st" : "5413", "snt" : "85", "si" : "5413", "sni" : "0", "sa" : "5413", "sna" : "0", "pst" : "98,45", "psnt" : "1,55", "psi" : "98,45", "psni" : "0,00", "psa" : "100,00", "psna" : "0,00", "e" : "1671376", "ea" : "1641437", "ena" : "0", "esi" : "1641437", "esni" : "0", "c" : "1340151", "a" : "301286", "pea" : "100,00", "pena" : "0,00", "pesi" : "98,21", "pesni" : "0,00", "pa" : "18,36", "pc" : "81,64", "munnr" : "0", "munpt" : "12", "munf" : "63", "pmunnr" : "00,00", "pmunpt" : "16,00", "pmunf" : "84,00" }, 
{ "and" : "F", "tpabr" : "UF", "cdabr" : "DF", "dt" : "02/10/2022", "ht" : "20:36:59", "s" : "6748", "st" : "6748", "snt" : "0", "si" : "6748", "sni" : "0", "sa" : "6748", "sna" : "0", "pst" : "100,00", "psnt" : "0,00", "psi" : "100,00", "psni" : "0,00", "psa" : "100,00", "psna" : "0,00", "e" : "2206996", "ea" : "2206996", "ena" : "0", "esi" : "2206996", "esni" : "0", "c" : "1819900", "a" : "387096", "pea" : "100,00", "pena" : "0,00", "pesi" : "100,00", "pesni" : "0,00", "pa" : "17,54", "pc" : "82,46", "munnr" : "0", "munpt" : "0", "munf" : "1", "pmunnr" : "00,00", "pmunpt" : "00,00", "pmunf" : "100,00" }, 
{ "and" : "F", "tpabr" : "UF", "cdabr" : "ES", "dt" : "02/10/2022", "ht" : "20:41:59", "s" : "9239", "st" : "9239", "snt" : "0", "si" : "9239", "sni" : "0", "sa" : "9239", "sna" : "0", "pst" : "100,00", "psnt" : "0,00", "psi" : "100,00", "psni" : "0,00", "psa" : "100,00", "psna" : "0,00", "e" : "2922379", "ea" : "2922379", "ena" : "0", "esi" : "2922379", "esni" : "0", "c" : "2315889", "a" : "606490", "pea" : "100,00", "pena" : "0,00", "pesi" : "100,00", "pesni" : "0,00", "pa" : "20,75", "pc" : "79,25", "munnr" : "0", "munpt" : "0", "munf" : "78", "pmunnr" : "00,00", "pmunpt" : "00,00", "pmunf" : "100,00" }, 
{ "and" : "P", "tpabr" : "UF", "cdabr" : "MA", "dt" : "02/10/2022", "ht" : "20:56:26", "s" : "16423", "st" : "12037", "snt" : "4386", "si" : "12037", "sni" : "0", "sa" : "12037", "sna" : "0", "pst" : "73,29", "psnt" : "26,71", "psi" : "73,29", "psni" : "0,00", "psa" : "100,00", "psna" : "0,00", "e" : "5039287", "ea" : "3704209", "ena" : "0", "esi" : "3704209", "esni" : "0", "c" : "2902840", "a" : "801369", "pea" : "100,00", "pena" : "0,00", "pesi" : "73,51", "pesni" : "0,00", "pa" : "21,63", "pc" : "78,37", "munnr" : "33", "munpt" : "143", "munf" : "41", "pmunnr" : "15,21", "pmunpt" : "65,90", "pmunf" : "18,89" }, 
{ "and" : "P", "tpabr" : "UF", "cdabr" : "PA", "dt" : "02/10/2022", "ht" : "20:56:29", "s" : "18235", "st" : "17061", "snt" : "1174", "si" : "17061", "sni" : "0", "sa" : "17061", "sna" : "0", "pst" : "93,56", "psnt" : "6,44", "psi" : "93,56", "psni" : "0,00", "psa" : "100,00", "psna" : "0,00", "e" : "6079280", "ea" : "5680106", "ena" : "0", "esi" : "5680106", "esni" : "0", "c" : "4472926", "a" : "1207180", "pea" : "100,00", "pena" : "0,00", "pesi" : "93,43", "pesni" : "0,00", "pa" : "21,25", "pc" : "78,75", "munnr" : "0", "munpt" : "105", "munf" : "39", "pmunnr" : "00,00", "pmunpt" : "72,92", "pmunf" : "27,08" }, 
{ "and" : "P", "tpabr" : "UF", "cdabr" : "PI", "dt" : "02/10/2022", "ht" : "20:56:04", "s" : "8963", "st" : "8178", "snt" : "785", "si" : "8178", "sni" : "0", "sa" : "8178", "sna" : "0", "pst" : "91,24", "psnt" : "8,76", "psi" : "91,24", "psni" : "0,00", "psa" : "100,00", "psna" : "0,00", "e" : "2570433", "ea" : "2337198", "ena" : "0", "esi" : "2337198", "esni" : "0", "c" : "1923328", "a" : "413870", "pea" : "100,00", "pena" : "0,00", "pesi" : "90,93", "pesni" : "0,00", "pa" : "17,71", "pc" : "82,29", "munnr" : "8", "munpt" : "116", "munf" : "100", "pmunnr" : "3,57", "pmunpt" : "51,79", "pmunf" : "44,64" }, 
{ "and" : "P", "tpabr" : "UF", "cdabr" : "RS", "dt" : "02/10/2022", "ht" : "20:56:00", "s" : "27201", "st" : "26792", "snt" : "409", "si" : "26792", "sni" : "0", "sa" : "26792", "sna" : "0", "pst" : "98,50", "psnt" : "1,50", "psi" : "98,50", "psni" : "0,00", "psa" : "100,00", "psna" : "0,00", "e" : "8589432", "ea" : "8448173", "ena" : "0", "esi" : "8448173", "esni" : "0", "c" : "6777397", "a" : "1670776", "pea" : "100,00", "pena" : "0,00", "pesi" : "98,36", "pesni" : "0,00", "pa" : "19,78", "pc" : "80,22", "munnr" : "5", "munpt" : "22", "munf" : "470", "pmunnr" : "1,01", "pmunpt" : "4,43", "pmunf" : "94,57" }, 
{ "and" : "P", "tpabr" : "UF", "cdabr" : "AC", "dt" : "02/10/2022", "ht" : "20:52:15", "s" : "2124", "st" : "2087", "snt" : "37", "si" : "2087", "sni" : "0", "sa" : "2087", "sna" : "0", "pst" : "98,26", "psnt" : "1,74", "psi" : "98,26", "psni" : "0,00", "psa" : "100,00", "psna" : "0,00", "e" : "587738", "ea" : "577713", "ena" : "0", "esi" : "577713", "esni" : "0", "c" : "448626", "a" : "129087", "pea" : "100,00", "pena" : "0,00", "pesi" : "98,29", "pesni" : "0,00", "pa" : "22,34", "pc" : "77,66", "munnr" : "0", "munpt" : "6", "munf" : "16", "pmunnr" : "00,00", "pmunpt" : "27,27", "pmunf" : "72,73" }, 
{ "and" : "P", "tpabr" : "UF", "cdabr" : "PR", "dt" : "02/10/2022", "ht" : "20:56:00", "s" : "25721", "st" : "25558", "snt" : "163", "si" : "25558", "sni" : "0", "sa" : "25558", "sna" : "0", "pst" : "99,37", "psnt" : "0,63", "psi" : "99,37", "psni" : "0,00", "psa" : "100,00", "psna" : "0,00", "e" : "8480435", "ea" : "8425562", "ena" : "0", "esi" : "8425562", "esni" : "0", "c" : "6786174", "a" : "1639388", "pea" : "100,00", "pena" : "0,00", "pesi" : "99,35", "pesni" : "0,00", "pa" : "19,46", "pc" : "80,54", "munnr" : "2", "munpt" : "32", "munf" : "365", "pmunnr" : "0,50", "pmunpt" : "8,02", "pmunf" : "91,48" }, 
{ "and" : "P", "tpabr" : "UF", "cdabr" : "SC", "dt" : "02/10/2022", "ht" : "20:56:04", "s" : "16242", "st" : "16028", "snt" : "214", "si" : "16028", "sni" : "0", "sa" : "16028", "sna" : "0", "pst" : "98,68", "psnt" : "1,32", "psi" : "98,68", "psni" : "0,00", "psa" : "100,00", "psna" : "0,00", "e" : "5501478", "ea" : "5424446", "ena" : "0", "esi" : "5424446", "esni" : "0", "c" : "4424792", "a" : "999654", "pea" : "100,00", "pena" : "0,00", "pesi" : "98,60", "pesni" : "0,00", "pa" : "18,43", "pc" : "81,57", "munnr" : "1", "munpt" : "20", "munf" : "274", "pmunnr" : "0,34", "pmunpt" : "6,78", "pmunf" : "92,88" }, 
{ "and" : "P", "tpabr" : "UF", "cdabr" : "TO", "dt" : "02/10/2022", "ht" : "20:52:20", "s" : "3957", "st" : "3934", "snt" : "23", "si" : "3934", "sni" : "0", "sa" : "3934", "sna" : "0", "pst" : "99,42", "psnt" : "0,58", "psi" : "99,42", "psni" : "0,00", "psa" : "100,00", "psna" : "0,00", "e" : "1094346", "ea" : "1087439", "ena" : "0", "esi" : "1087439", "esni" : "0", "c" : "885890", "a" : "201549", "pea" : "100,00", "pena" : "0,00", "pesi" : "99,37", "pesni" : "0,00", "pa" : "18,53", "pc" : "81,47", "munnr" : "0", "munpt" : "7", "munf" : "132", "pmunnr" : "00,00", "pmunpt" : "5,04", "pmunf" : "94,96" }, 
{ "and" : "P", "tpabr" : "UF", "cdabr" : "AL", "dt" : "02/10/2022", "ht" : "20:56:32", "s" : "6626", "st" : "4787", "snt" : "1839", "si" : "4787", "sni" : "0", "sa" : "4787", "sna" : "0", "pst" : "72,25", "psnt" : "27,75", "psi" : "72,25", "psni" : "0,00", "psa" : "100,00", "psna" : "0,00", "e" : "2326491", "ea" : "1636465", "ena" : "0", "esi" : "1636465", "esni" : "0", "c" : "1275283", "a" : "361182", "pea" : "100,00", "pena" : "0,00", "pesi" : "70,34", "pesni" : "0,00", "pa" : "22,07", "pc" : "77,93", "munnr" : "20", "munpt" : "38", "munf" : "44", "pmunnr" : "19,61", "pmunpt" : "37,25", "pmunf" : "43,14" }, 
{ "and" : "P", "tpabr" : "UF", "cdabr" : "BA", "dt" : "02/10/2022", "ht" : "20:56:00", "s" : "34424", "st" : "30040", "snt" : "4384", "si" : "30040", "sni" : "0", "sa" : "30040", "sna" : "0", "pst" : "87,26", "psnt" : "12,74", "psi" : "87,26", "psni" : "0,00", "psa" : "100,00", "psna" : "0,00", "e" : "11283405", "ea" : "9820445", "ena" : "0", "esi" : "9820445", "esni" : "0", "c" : "7739153", "a" : "2081292", "pea" : "100,00", "pena" : "0,00", "pesi" : "87,03", "pesni" : "0,00", "pa" : "21,19", "pc" : "78,81", "munnr" : "18", "munpt" : "236", "munf" : "163", "pmunnr" : "4,32", "pmunpt" : "56,59", "pmunf" : "39,09" }, 
{ "and" : "P", "tpabr" : "UF", "cdabr" : "PB", "dt" : "02/10/2022", "ht" : "20:54:54", "s" : "9602", "st" : "9487", "snt" : "115", "si" : "9487", "sni" : "0", "sa" : "9487", "sna" : "0", "pst" : "98,80", "psnt" : "1,20", "psi" : "98,80", "psni" : "0,00", "psa" : "100,00", "psna" : "0,00", "e" : "3092053", "ea" : "3054776", "ena" : "0", "esi" : "3054776", "esni" : "0", "c" : "2527371", "a" : "527405", "pea" : "100,00", "pena" : "0,00", "pesi" : "98,79", "pesni" : "0,00", "pa" : "17,26", "pc" : "82,74", "munnr" : "1", "munpt" : "17", "munf" : "205", "pmunnr" : "0,45", "pmunpt" : "7,62", "pmunf" : "91,93" }, 
{ "and" : "P", "tpabr" : "UF", "cdabr" : "AP", "dt" : "02/10/2022", "ht" : "20:53:24", "s" : "1740", "st" : "1720", "snt" : "20", "si" : "1720", "sni" : "0", "sa" : "1720", "sna" : "0", "pst" : "98,85", "psnt" : "1,15", "psi" : "98,85", "psni" : "0,00", "psa" : "100,00", "psna" : "0,00", "e" : "550165", "ea" : "543069", "ena" : "0", "esi" : "543069", "esni" : "0", "c" : "436976", "a" : "106093", "pea" : "100,00", "pena" : "0,00", "pesi" : "98,71", "pesni" : "0,00", "pa" : "19,54", "pc" : "80,46", "munnr" : "0", "munpt" : "7", "munf" : "9", "pmunnr" : "00,00", "pmunpt" : "43,75", "pmunf" : "56,25" }, 
{ "and" : "P", "tpabr" : "UF", "cdabr" : "RJ", "dt" : "02/10/2022", "ht" : "20:56:00", "s" : "34068", "st" : "32161", "snt" : "1907", "si" : "32161", "sni" : "0", "sa" : "32161", "sna" : "0", "pst" : "94,40", "psnt" : "5,60", "psi" : "94,40", "psni" : "0,00", "psa" : "100,00", "psna" : "0,00", "e" : "12826356", "ea" : "12071996", "ena" : "0", "esi" : "12071996", "esni" : "0", "c" : "9330040", "a" : "2741956", "pea" : "100,00", "pena" : "0,00", "pesi" : "94,12", "pesni" : "0,00", "pa" : "22,71", "pc" : "77,29", "munnr" : "2", "munpt" : "43", "munf" : "47", "pmunnr" : "2,17", "pmunpt" : "46,74", "pmunf" : "51,09" }, 
{ "and" : "P", "tpabr" : "UF", "cdabr" : "RR", "dt" : "02/10/2022", "ht" : "20:53:26", "s" : "1268", "st" : "1264", "snt" : "4", "si" : "1264", "sni" : "0", "sa" : "1264", "sna" : "0", "pst" : "99,68", "psnt" : "0,32", "psi" : "99,68", "psni" : "0,00", "psa" : "100,00", "psna" : "0,00", "e" : "366632", "ea" : "365474", "ena" : "0", "esi" : "365474", "esni" : "0", "c" : "304422", "a" : "61052", "pea" : "100,00", "pena" : "0,00", "pesi" : "99,68", "pesni" : "0,00", "pa" : "16,70", "pc" : "83,30", "munnr" : "0", "munpt" : "3", "munf" : "12", "pmunnr" : "00,00", "pmunpt" : "20,00", "pmunf" : "80,00" }, 
{ "and" : "P", "tpabr" : "UF", "cdabr" : "ZZ", "dt" : "02/10/2022", "ht" : "20:56:02", "s" : "1064", "st" : "836", "snt" : "228", "si" : "790", "sni" : "46", "sa" : "790", "sna" : "0", "pst" : "78,57", "psnt" : "21,43", "psi" : "74,25", "psni" : "25,75", "psa" : "100,00", "psna" : "0,00", "e" : "695355", "ea" : "550901", "ena" : "0", "esi" : "550901", "esni" : "573", "c" : "245748", "a" : "305153", "pea" : "100,00", "pena" : "0,00", "pesi" : "79,23", "pesni" : "99,92", "pa" : "55,39", "pc" : "44,61", "munnr" : "37", "munpt" : "24", "munf" : "120", "pmunnr" : "20,44", "pmunpt" : "13,26", "pmunf" : "66,30" }, 
{ "and" : "P", "tpabr" : "UF", "cdabr" : "SP", "dt" : "02/10/2022", "ht" : "20:56:04", "s" : "101073", "st" : "98691", "snt" : "2382", "si" : "98691", "sni" : "0", "sa" : "98691", "sna" : "0", "pst" : "97,64", "psnt" : "2,36", "psi" : "97,64", "psni" : "0,00", "psa" : "100,00", "psna" : "0,00", "e" : "34684927", "ea" : "33835736", "ena" : "0", "esi" : "33835736", "esni" : "0", "c" : "26520395", "a" : "7315341", "pea" : "100,00", "pena" : "0,00", "pesi" : "97,55", "pesni" : "0,00", "pa" : "21,62", "pc" : "78,38", "munnr" : "10", "munpt" : "53", "munf" : "582", "pmunnr" : "1,55", "pmunpt" : "8,22", "pmunf" : "90,23" }, 
{ "and" : "P", "tpabr" : "BR", "cdabr" : "BR", "dt" : "02/10/2022", "ht" : "20:56:32", "s" : "472075", "st" : "446000", "snt" : "26075", "si" : "445954", "sni" : "46", "sa" : "445954", "sna" : "0", "pst" : "94,47", "psnt" : "5,53", "psi" : "94,46", "psni" : "5,54", "psa" : "100,00", "psna" : "0,00", "e" : "156454011", "ea" : "147616349", "ena" : "0", "esi" : "147616349", "esni" : "573", "c" : "116839708", "a" : "30776641", "pea" : "100,00", "pena" : "0,00", "pesi" : "94,35", "pesni" : "100,00", "pa" : "20,85", "pc" : "79,15", "ufsnr" : "0", "ufspt" : "26", "ufsf" : "2", "pufsnr" : "00,00", "pufspt" : "92,86", "pufsf" : "7,14" } ] }