
{ "ele" : "544", "t" : "1", "f" : "O", "dg" : "02/10/2022", "hg" : "20:55:18", "abr" : [ 
{ "and" : "P", "tpabr" : "UF", "cdabr" : "AM", "dt" : "02/10/2022", "ht" : "20:54:50", "s" : "7454", "st" : "7069", "snt" : "385", "si" : "7069", "sni" : "0", "sa" : "7069", "sna" : "0", "pst" : "94,83", "psnt" : "5,17", "psi" : "94,83", "psni" : "0,00", "psa" : "100,00", "psna" : "0,00", "e" : "2646924", "ea" : "2501383", "ena" : "0", "esi" : "2501383", "esni" : "0", "c" : "2002632", "a" : "498751", "pea" : "100,00", "pena" : "0,00", "pesi" : "94,50", "pesni" : "0,00", "pa" : "19,94", "pc" : "80,06", "munnr" : "0", "munpt" : "39", "munf" : "23", "pmunnr" : "00,00", "pmunpt" : "62,90", "pmunf" : "37,10" }, 
{ "and" : "P", "tpabr" : "UF", "cdabr" : "PE", "dt" : "02/10/2022", "ht" : "20:53:45", "s" : "20572", "st" : "18725", "snt" : "1847", "si" : "18725", "sni" : "0", "sa" : "18725", "sna" : "0", "pst" : "91,02", "psnt" : "8,98", "psi" : "91,02", "psni" : "0,00", "psa" : "100,00", "psna" : "0,00", "e" : "7015421", "ea" : "6372827", "ena" : "0", "esi" : "6372827", "esni" : "0", "c" : "5227321", "a" : "1145506", "pea" : "100,00", "pena" : "0,00", "pesi" : "90,84", "pesni" : "0,00", "pa" : "17,97", "pc" : "82,03", "munnr" : "10", "munpt" : "90", "munf" : "85", "pmunnr" : "5,41", "pmunpt" : "48,65", "pmunf" : "45,95" }, 
{ "and" : "P", "tpabr" : "UF", "cdabr" : "RN", "dt" : "02/10/2022", "ht" : "20:53:36", "s" : "7674", "st" : "7441", "snt" : "233", "si" : "7441", "sni" : "0", "sa" : "7441", "sna" : "0", "pst" : "96,96", "psnt" : "3,04", "psi" : "96,96", "psni" : "0,00", "psa" : "100,00", "psna" : "0,00", "e" : "2554716", "ea" : "2474557", "ena" : "0", "esi" : "2474557", "esni" : "0", "c" : "2025594", "a" : "448963", "pea" : "100,00", "pena" : "0,00", "pesi" : "96,86", "pesni" : "0,00", "pa" : "18,14", "pc" : "81,86", "munnr" : "0", "munpt" : "37", "munf" : "130", "pmunnr" : "00,00", "pmunpt" : "22,16", "pmunf" : "77,84" }, 
{ "and" : "P", "tpabr" : "UF", "cdabr" : "MG", "dt" : "02/10/2022", "ht" : "20:54:54", "s" : "49981", "st" : "46792", "snt" : "3189", "si" : "46792", "sni" : "0", "sa" : "46792", "sna" : "0", "pst" : "93,62", "psnt" : "6,38", "psi" : "93,62", "psni" : "0,00", "psa" : "100,00", "psna" : "0,00", "e" : "16283828", "ea" : "15201755", "ena" : "0", "esi" : "15201755", "esni" : "0", "c" : "11826008", "a" : "3375747", "pea" : "100,00", "pena" : "0,00", "pesi" : "93,35", "pesni" : "0,00", "pa" : "22,21", "pc" : "77,79", "munnr" : "60", "munpt" : "115", "munf" : "678", "pmunnr" : "7,03", "pmunpt" : "13,48", "pmunf" : "79,48" }, 
{ "and" : "P", "tpabr" : "UF", "cdabr" : "RO", "dt" : "02/10/2022", "ht" : "20:53:27", "s" : "4198", "st" : "4146", "snt" : "52", "si" : "4146", "sni" : "0", "sa" : "4146", "sna" : "0", "pst" : "98,76", "psnt" : "1,24", "psi" : "98,76", "psni" : "0,00", "psa" : "100,00", "psna" : "0,00", "e" : "1229998", "ea" : "1211758", "ena" : "0", "esi" : "1211758", "esni" : "0", "c" : "913623", "a" : "298135", "pea" : "100,00", "pena" : "0,00", "pesi" : "98,52", "pesni" : "0,00", "pa" : "24,60", "pc" : "75,40", "munnr" : "0", "munpt" : "10", "munf" : "42", "pmunnr" : "00,00", "pmunpt" : "19,23", "pmunf" : "80,77" }, 
{ "and" : "P", "tpabr" : "UF", "cdabr" : "CE", "dt" : "02/10/2022", "ht" : "20:54:50", "s" : "22796", "st" : "20558", "snt" : "2238", "si" : "20558", "sni" : "0", "sa" : "20558", "sna" : "0", "pst" : "90,18", "psnt" : "9,82", "psi" : "90,18", "psni" : "0,00", "psa" : "100,00", "psna" : "0,00", "e" : "6818732", "ea" : "6175574", "ena" : "0", "esi" : "6175574", "esni" : "0", "c" : "5096792", "a" : "1078782", "pea" : "100,00", "pena" : "0,00", "pesi" : "90,57", "pesni" : "0,00", "pa" : "17,47", "pc" : "82,53", "munnr" : "9", "munpt" : "94", "munf" : "81", "pmunnr" : "4,89", "pmunpt" : "51,09", "pmunf" : "44,02" }, 
{ "and" : "P", "tpabr" : "UF", "cdabr" : "GO", "dt" : "02/10/2022", "ht" : "20:54:50", "s" : "14620", "st" : "14443", "snt" : "177", "si" : "14443", "sni" : "0", "sa" : "14443", "sna" : "0", "pst" : "98,79", "psnt" : "1,21", "psi" : "98,79", "psni" : "0,00", "psa" : "100,00", "psna" : "0,00", "e" : "4870292", "ea" : "4811544", "ena" : "0", "esi" : "4811544", "esni" : "0", "c" : "3767792", "a" : "1043752", "pea" : "100,00", "pena" : "0,00", "pesi" : "98,79", "pesni" : "0,00", "pa" : "21,69", "pc" : "78,31", "munnr" : "5", "munpt" : "21", "munf" : "220", "pmunnr" : "2,03", "pmunpt" : "8,54", "pmunf" : "89,43" }, 
{ "and" : "P", "tpabr" : "UF", "cdabr" : "MS", "dt" : "02/10/2022", "ht" : "20:54:51", "s" : "6912", "st" : "6910", "snt" : "2", "si" : "6910", "sni" : "0", "sa" : "6910", "sna" : "0", "pst" : "99,97", "psnt" : "0,03", "psi" : "99,97", "psni" : "0,00", "psa" : "100,00", "psna" : "0,00", "e" : "1995932", "ea" : "1995509", "ena" : "0", "esi" : "1995509", "esni" : "0", "c" : "1554759", "a" : "440750", "pea" : "100,00", "pena" : "0,00", "pesi" : "99,98", "pesni" : "0,00", "pa" : "22,09", "pc" : "77,91", "munnr" : "0", "munpt" : "1", "munf" : "78", "pmunnr" : "00,00", "pmunpt" : "1,27", "pmunf" : "98,73" }, 
{ "and" : "P", "tpabr" : "UF", "cdabr" : "MT", "dt" : "02/10/2022", "ht" : "20:54:53", "s" : "7652", "st" : "7553", "snt" : "99", "si" : "7553", "sni" : "0", "sa" : "7553", "sna" : "0", "pst" : "98,71", "psnt" : "1,29", "psi" : "98,71", "psni" : "0,00", "psa" : "100,00", "psna" : "0,00", "e" : "2469604", "ea" : "2437332", "ena" : "0", "esi" : "2437332", "esni" : "0", "c" : "1868148", "a" : "569184", "pea" : "100,00", "pena" : "0,00", "pesi" : "98,69", "pesni" : "0,00", "pa" : "23,35", "pc" : "76,65", "munnr" : "1", "munpt" : "14", "munf" : "126", "pmunnr" : "0,71", "pmunpt" : "9,93", "pmunf" : "89,36" }, 
{ "and" : "P", "tpabr" : "UF", "cdabr" : "SE", "dt" : "02/10/2022", "ht" : "20:48:16", "s" : "5498", "st" : "5409", "snt" : "89", "si" : "5409", "sni" : "0", "sa" : "5409", "sna" : "0", "pst" : "98,38", "psnt" : "1,62", "psi" : "98,38", "psni" : "0,00", "psa" : "100,00", "psna" : "0,00", "e" : "1671376", "ea" : "1639990", "ena" : "0", "esi" : "1639990", "esni" : "0", "c" : "1339039", "a" : "300951", "pea" : "100,00", "pena" : "0,00", "pesi" : "98,12", "pesni" : "0,00", "pa" : "18,35", "pc" : "81,65", "munnr" : "0", "munpt" : "13", "munf" : "62", "pmunnr" : "00,00", "pmunpt" : "17,33", "pmunf" : "82,67" }, 
{ "and" : "F", "tpabr" : "UF", "cdabr" : "DF", "dt" : "02/10/2022", "ht" : "20:36:59", "s" : "6748", "st" : "6748", "snt" : "0", "si" : "6748", "sni" : "0", "sa" : "6748", "sna" : "0", "pst" : "100,00", "psnt" : "0,00", "psi" : "100,00", "psni" : "0,00", "psa" : "100,00", "psna" : "0,00", "e" : "2206996", "ea" : "2206996", "ena" : "0", "esi" : "2206996", "esni" : "0", "c" : "1819900", "a" : "387096", "pea" : "100,00", "pena" : "0,00", "pesi" : "100,00", "pesni" : "0,00", "pa" : "17,54", "pc" : "82,46", "munnr" : "0", "munpt" : "0", "munf" : "1", "pmunnr" : "00,00", "pmunpt" : "00,00", "pmunf" : "100,00" }, 
{ "and" : "F", "tpabr" : "UF", "cdabr" : "ES", "dt" : "02/10/2022", "ht" : "20:41:59", "s" : "9239", "st" : "9239", "snt" : "0", "si" : "9239", "sni" : "0", "sa" : "9239", "sna" : "0", "pst" : "100,00", "psnt" : "0,00", "psi" : "100,00", "psni" : "0,00", "psa" : "100,00", "psna" : "0,00", "e" : "2922379", "ea" : "2922379", "ena" : "0", "esi" : "2922379", "esni" : "0", "c" : "2315889", "a" : "606490", "pea" : "100,00", "pena" : "0,00", "pesi" : "100,00", "pesni" : "0,00", "pa" : "20,75", "pc" : "79,25", "munnr" : "0", "munpt" : "0", "munf" : "78", "pmunnr" : "00,00", "pmunpt" : "00,00", "pmunf" : "100,00" }, 
{ "and" : "P", "tpabr" : "UF", "cdabr" : "MA", "dt" : "02/10/2022", "ht" : "20:53:28", "s" : "16423", "st" : "11906", "snt" : "4517", "si" : "11906", "sni" : "0", "sa" : "11906", "sna" : "0", "pst" : "72,50", "psnt" : "27,50", "psi" : "72,50", "psni" : "0,00", "psa" : "100,00", "psna" : "0,00", "e" : "5039287", "ea" : "3665482", "ena" : "0", "esi" : "3665482", "esni" : "0", "c" : "2873831", "a" : "791651", "pea" : "100,00", "pena" : "0,00", "pesi" : "72,74", "pesni" : "0,00", "pa" : "21,60", "pc" : "78,40", "munnr" : "34", "munpt" : "143", "munf" : "40", "pmunnr" : "15,67", "pmunpt" : "65,90", "pmunf" : "18,43" }, 
{ "and" : "P", "tpabr" : "UF", "cdabr" : "PA", "dt" : "02/10/2022", "ht" : "20:53:48", "s" : "18235", "st" : "16979", "snt" : "1256", "si" : "16979", "sni" : "0", "sa" : "16979", "sna" : "0", "pst" : "93,11", "psnt" : "6,89", "psi" : "93,11", "psni" : "0,00", "psa" : "100,00", "psna" : "0,00", "e" : "6079280", "ea" : "5652145", "ena" : "0", "esi" : "5652145", "esni" : "0", "c" : "4450605", "a" : "1201540", "pea" : "100,00", "pena" : "0,00", "pesi" : "92,97", "pesni" : "0,00", "pa" : "21,26", "pc" : "78,74", "munnr" : "0", "munpt" : "106", "munf" : "38", "pmunnr" : "00,00", "pmunpt" : "73,61", "pmunf" : "26,39" }, 
{ "and" : "P", "tpabr" : "UF", "cdabr" : "PI", "dt" : "02/10/2022", "ht" : "20:53:38", "s" : "8963", "st" : "8136", "snt" : "827", "si" : "8136", "sni" : "0", "sa" : "8136", "sna" : "0", "pst" : "90,77", "psnt" : "9,23", "psi" : "90,77", "psni" : "0,00", "psa" : "100,00", "psna" : "0,00", "e" : "2570433", "ea" : "2325404", "ena" : "0", "esi" : "2325404", "esni" : "0", "c" : "1913453", "a" : "411951", "pea" : "100,00", "pena" : "0,00", "pesi" : "90,47", "pesni" : "0,00", "pa" : "17,72", "pc" : "82,28", "munnr" : "8", "munpt" : "120", "munf" : "96", "pmunnr" : "3,57", "pmunpt" : "53,57", "pmunf" : "42,86" }, 
{ "and" : "P", "tpabr" : "UF", "cdabr" : "RS", "dt" : "02/10/2022", "ht" : "20:52:18", "s" : "27201", "st" : "26791", "snt" : "410", "si" : "26791", "sni" : "0", "sa" : "26791", "sna" : "0", "pst" : "98,49", "psnt" : "1,51", "psi" : "98,49", "psni" : "0,00", "psa" : "100,00", "psna" : "0,00", "e" : "8589432", "ea" : "8447952", "ena" : "0", "esi" : "8447952", "esni" : "0", "c" : "6777213", "a" : "1670739", "pea" : "100,00", "pena" : "0,00", "pesi" : "98,35", "pesni" : "0,00", "pa" : "19,78", "pc" : "80,22", "munnr" : "5", "munpt" : "22", "munf" : "470", "pmunnr" : "1,01", "pmunpt" : "4,43", "pmunf" : "94,57" }, 
{ "and" : "P", "tpabr" : "UF", "cdabr" : "AC", "dt" : "02/10/2022", "ht" : "20:52:15", "s" : "2124", "st" : "2087", "snt" : "37", "si" : "2087", "sni" : "0", "sa" : "2087", "sna" : "0", "pst" : "98,26", "psnt" : "1,74", "psi" : "98,26", "psni" : "0,00", "psa" : "100,00", "psna" : "0,00", "e" : "587738", "ea" : "577713", "ena" : "0", "esi" : "577713", "esni" : "0", "c" : "448626", "a" : "129087", "pea" : "100,00", "pena" : "0,00", "pesi" : "98,29", "pesni" : "0,00", "pa" : "22,34", "pc" : "77,66", "munnr" : "0", "munpt" : "6", "munf" : "16", "pmunnr" : "00,00", "pmunpt" : "27,27", "pmunf" : "72,73" }, 
{ "and" : "P", "tpabr" : "UF", "cdabr" : "PR", "dt" : "02/10/2022", "ht" : "20:53:25", "s" : "25721", "st" : "25548", "snt" : "173", "si" : "25548", "sni" : "0", "sa" : "25548", "sna" : "0", "pst" : "99,33", "psnt" : "0,67", "psi" : "99,33", "psni" : "0,00", "psa" : "100,00", "psna" : "0,00", "e" : "8480435", "ea" : "8421867", "ena" : "0", "esi" : "8421867", "esni" : "0", "c" : "6783187", "a" : "1638680", "pea" : "100,00", "pena" : "0,00", "pesi" : "99,31", "pesni" : "0,00", "pa" : "19,46", "pc" : "80,54", "munnr" : "2", "munpt" : "34", "munf" : "363", "pmunnr" : "0,50", "pmunpt" : "8,52", "pmunf" : "90,98" }, 
{ "and" : "P", "tpabr" : "UF", "cdabr" : "SC", "dt" : "02/10/2022", "ht" : "20:54:55", "s" : "16242", "st" : "16014", "snt" : "228", "si" : "16014", "sni" : "0", "sa" : "16014", "sna" : "0", "pst" : "98,60", "psnt" : "1,40", "psi" : "98,60", "psni" : "0,00", "psa" : "100,00", "psna" : "0,00", "e" : "5501478", "ea" : "5419617", "ena" : "0", "esi" : "5419617", "esni" : "0", "c" : "4420851", "a" : "998766", "pea" : "100,00", "pena" : "0,00", "pesi" : "98,51", "pesni" : "0,00", "pa" : "18,43", "pc" : "81,57", "munnr" : "2", "munpt" : "21", "munf" : "272", "pmunnr" : "0,68", "pmunpt" : "7,12", "pmunf" : "92,20" }, 
{ "and" : "P", "tpabr" : "UF", "cdabr" : "TO", "dt" : "02/10/2022", "ht" : "20:52:20", "s" : "3957", "st" : "3934", "snt" : "23", "si" : "3934", "sni" : "0", "sa" : "3934", "sna" : "0", "pst" : "99,42", "psnt" : "0,58", "psi" : "99,42", "psni" : "0,00", "psa" : "100,00", "psna" : "0,00", "e" : "1094346", "ea" : "1087439", "ena" : "0", "esi" : "1087439", "esni" : "0", "c" : "885890", "a" : "201549", "pea" : "100,00", "pena" : "0,00", "pesi" : "99,37", "pesni" : "0,00", "pa" : "18,53", "pc" : "81,47", "munnr" : "0", "munpt" : "7", "munf" : "132", "pmunnr" : "00,00", "pmunpt" : "5,04", "pmunf" : "94,96" }, 
{ "and" : "P", "tpabr" : "UF", "cdabr" : "AL", "dt" : "02/10/2022", "ht" : "20:53:51", "s" : "6626", "st" : "4639", "snt" : "1987", "si" : "4639", "sni" : "0", "sa" : "4639", "sna" : "0", "pst" : "70,01", "psnt" : "29,99", "psi" : "70,01", "psni" : "0,00", "psa" : "100,00", "psna" : "0,00", "e" : "2326491", "ea" : "1579052", "ena" : "0", "esi" : "1579052", "esni" : "0", "c" : "1231350", "a" : "347702", "pea" : "100,00", "pena" : "0,00", "pesi" : "67,87", "pesni" : "0,00", "pa" : "22,02", "pc" : "77,98", "munnr" : "20", "munpt" : "40", "munf" : "42", "pmunnr" : "19,61", "pmunpt" : "39,22", "pmunf" : "41,18" }, 
{ "and" : "P", "tpabr" : "UF", "cdabr" : "BA", "dt" : "02/10/2022", "ht" : "20:54:50", "s" : "34424", "st" : "29954", "snt" : "4470", "si" : "29954", "sni" : "0", "sa" : "29954", "sna" : "0", "pst" : "87,01", "psnt" : "12,99", "psi" : "87,01", "psni" : "0,00", "psa" : "100,00", "psna" : "0,00", "e" : "11283405", "ea" : "9789878", "ena" : "0", "esi" : "9789878", "esni" : "0", "c" : "7715427", "a" : "2074451", "pea" : "100,00", "pena" : "0,00", "pesi" : "86,76", "pesni" : "0,00", "pa" : "21,19", "pc" : "78,81", "munnr" : "19", "munpt" : "237", "munf" : "161", "pmunnr" : "4,56", "pmunpt" : "56,83", "pmunf" : "38,61" }, 
{ "and" : "P", "tpabr" : "UF", "cdabr" : "PB", "dt" : "02/10/2022", "ht" : "20:54:54", "s" : "9602", "st" : "9487", "snt" : "115", "si" : "9487", "sni" : "0", "sa" : "9487", "sna" : "0", "pst" : "98,80", "psnt" : "1,20", "psi" : "98,80", "psni" : "0,00", "psa" : "100,00", "psna" : "0,00", "e" : "3092053", "ea" : "3054776", "ena" : "0", "esi" : "3054776", "esni" : "0", "c" : "2527371", "a" : "527405", "pea" : "100,00", "pena" : "0,00", "pesi" : "98,79", "pesni" : "0,00", "pa" : "17,26", "pc" : "82,74", "munnr" : "1", "munpt" : "17", "munf" : "205", "pmunnr" : "0,45", "pmunpt" : "7,62", "pmunf" : "91,93" }, 
{ "and" : "P", "tpabr" : "UF", "cdabr" : "AP", "dt" : "02/10/2022", "ht" : "20:53:24", "s" : "1740", "st" : "1720", "snt" : "20", "si" : "1720", "sni" : "0", "sa" : "1720", "sna" : "0", "pst" : "98,85", "psnt" : "1,15", "psi" : "98,85", "psni" : "0,00", "psa" : "100,00", "psna" : "0,00", "e" : "550165", "ea" : "543069", "ena" : "0", "esi" : "543069", "esni" : "0", "c" : "436976", "a" : "106093", "pea" : "100,00", "pena" : "0,00", "pesi" : "98,71", "pesni" : "0,00", "pa" : "19,54", "pc" : "80,46", "munnr" : "0", "munpt" : "7", "munf" : "9", "pmunnr" : "00,00", "pmunpt" : "43,75", "pmunf" : "56,25" }, 
{ "and" : "P", "tpabr" : "UF", "cdabr" : "RJ", "dt" : "02/10/2022", "ht" : "20:53:27", "s" : "34068", "st" : "31950", "snt" : "2118", "si" : "31950", "sni" : "0", "sa" : "31950", "sna" : "0", "pst" : "93,78", "psnt" : "6,22", "psi" : "93,78", "psni" : "0,00", "psa" : "100,00", "psna" : "0,00", "e" : "12826356", "ea" : "11989282", "ena" : "0", "esi" : "11989282", "esni" : "0", "c" : "9265325", "a" : "2723957", "pea" : "100,00", "pena" : "0,00", "pesi" : "93,47", "pesni" : "0,00", "pa" : "22,72", "pc" : "77,28", "munnr" : "3", "munpt" : "45", "munf" : "44", "pmunnr" : "3,26", "pmunpt" : "48,91", "pmunf" : "47,83" }, 
{ "and" : "P", "tpabr" : "UF", "cdabr" : "RR", "dt" : "02/10/2022", "ht" : "20:53:26", "s" : "1268", "st" : "1264", "snt" : "4", "si" : "1264", "sni" : "0", "sa" : "1264", "sna" : "0", "pst" : "99,68", "psnt" : "0,32", "psi" : "99,68", "psni" : "0,00", "psa" : "100,00", "psna" : "0,00", "e" : "366632", "ea" : "365474", "ena" : "0", "esi" : "365474", "esni" : "0", "c" : "304422", "a" : "61052", "pea" : "100,00", "pena" : "0,00", "pesi" : "99,68", "pesni" : "0,00", "pa" : "16,70", "pc" : "83,30", "munnr" : "0", "munpt" : "3", "munf" : "12", "pmunnr" : "00,00", "pmunpt" : "20,00", "pmunf" : "80,00" }, 
{ "and" : "P", "tpabr" : "UF", "cdabr" : "ZZ", "dt" : "02/10/2022", "ht" : "20:53:28", "s" : "1064", "st" : "834", "snt" : "230", "si" : "788", "sni" : "46", "sa" : "788", "sna" : "0", "pst" : "78,38", "psnt" : "21,62", "psi" : "74,06", "psni" : "25,94", "psa" : "100,00", "psna" : "0,00", "e" : "695355", "ea" : "550786", "ena" : "0", "esi" : "550786", "esni" : "573", "c" : "245684", "a" : "305102", "pea" : "100,00", "pena" : "0,00", "pesi" : "79,21", "pesni" : "99,92", "pa" : "55,39", "pc" : "44,61", "munnr" : "39", "munpt" : "24", "munf" : "118", "pmunnr" : "21,55", "pmunpt" : "13,26", "pmunf" : "65,19" }, 
{ "and" : "P", "tpabr" : "UF", "cdabr" : "SP", "dt" : "02/10/2022", "ht" : "20:53:29", "s" : "101073", "st" : "98551", "snt" : "2522", "si" : "98551", "sni" : "0", "sa" : "98551", "sna" : "0", "pst" : "97,50", "psnt" : "2,50", "psi" : "97,50", "psni" : "0,00", "psa" : "100,00", "psna" : "0,00", "e" : "34684927", "ea" : "33782843", "ena" : "0", "esi" : "33782843", "esni" : "0", "c" : "26478616", "a" : "7304227", "pea" : "100,00", "pena" : "0,00", "pesi" : "97,40", "pesni" : "0,00", "pa" : "21,62", "pc" : "78,38", "munnr" : "12", "munpt" : "53", "munf" : "580", "pmunnr" : "1,86", "pmunpt" : "8,22", "pmunf" : "89,92" }, 
{ "and" : "P", "tpabr" : "BR", "cdabr" : "BR", "dt" : "02/10/2022", "ht" : "20:54:55", "s" : "472075", "st" : "444827", "snt" : "27248", "si" : "444781", "sni" : "46", "sa" : "444781", "sna" : "0", "pst" : "94,22", "psnt" : "5,78", "psi" : "94,21", "psni" : "5,79", "psa" : "100,00", "psna" : "0,00", "e" : "156454011", "ea" : "147204383", "ena" : "0", "esi" : "147204383", "esni" : "573", "c" : "116516324", "a" : "30688059", "pea" : "100,00", "pena" : "0,00", "pesi" : "94,08", "pesni" : "100,00", "pa" : "20,85", "pc" : "79,15", "ufsnr" : "0", "ufspt" : "26", "ufsf" : "2", "pufsnr" : "00,00", "pufspt" : "92,86", "pufsf" : "7,14" } ] }