
{ "ele" : "544", "t" : "1", "f" : "O", "dg" : "02/10/2022", "hg" : "21:27:35", "abr" : [ 
{ "and" : "P", "tpabr" : "UF", "cdabr" : "AM", "dt" : "02/10/2022", "ht" : "21:26:59", "s" : "7454", "st" : "7242", "snt" : "212", "si" : "7241", "sni" : "1", "sa" : "7241", "sna" : "0", "pst" : "97,16", "psnt" : "2,84", "psi" : "97,14", "psni" : "2,86", "psa" : "100,00", "psna" : "0,00", "e" : "2646924", "ea" : "2566335", "ena" : "0", "esi" : "2566335", "esni" : "84", "c" : "2052229", "a" : "514106", "pea" : "100,00", "pena" : "0,00", "pesi" : "96,96", "pesni" : "100,00", "pa" : "20,03", "pc" : "79,97", "munnr" : "0", "munpt" : "33", "munf" : "29", "pmunnr" : "00,00", "pmunpt" : "53,23", "pmunf" : "46,77" }, 
{ "and" : "P", "tpabr" : "UF", "cdabr" : "PE", "dt" : "02/10/2022", "ht" : "21:27:06", "s" : "20572", "st" : "19789", "snt" : "783", "si" : "19789", "sni" : "0", "sa" : "19789", "sna" : "0", "pst" : "96,19", "psnt" : "3,81", "psi" : "96,19", "psni" : "0,00", "psa" : "100,00", "psna" : "0,00", "e" : "7015421", "ea" : "6744374", "ena" : "0", "esi" : "6744374", "esni" : "0", "c" : "5524869", "a" : "1219505", "pea" : "100,00", "pena" : "0,00", "pesi" : "96,14", "pesni" : "0,00", "pa" : "18,08", "pc" : "81,92", "munnr" : "3", "munpt" : "45", "munf" : "137", "pmunnr" : "1,62", "pmunpt" : "24,32", "pmunf" : "74,05" }, 
{ "and" : "P", "tpabr" : "UF", "cdabr" : "RN", "dt" : "02/10/2022", "ht" : "21:27:01", "s" : "7674", "st" : "7606", "snt" : "68", "si" : "7606", "sni" : "0", "sa" : "7606", "sna" : "0", "pst" : "99,11", "psnt" : "0,89", "psi" : "99,11", "psni" : "0,00", "psa" : "100,00", "psna" : "0,00", "e" : "2554716", "ea" : "2531525", "ena" : "0", "esi" : "2531525", "esni" : "0", "c" : "2071895", "a" : "459630", "pea" : "100,00", "pena" : "0,00", "pesi" : "99,09", "pesni" : "0,00", "pa" : "18,16", "pc" : "81,84", "munnr" : "0", "munpt" : "17", "munf" : "150", "pmunnr" : "00,00", "pmunpt" : "10,18", "pmunf" : "89,82" }, 
{ "and" : "P", "tpabr" : "UF", "cdabr" : "MG", "dt" : "02/10/2022", "ht" : "21:25:58", "s" : "49981", "st" : "48527", "snt" : "1454", "si" : "48527", "sni" : "0", "sa" : "48527", "sna" : "0", "pst" : "97,09", "psnt" : "2,91", "psi" : "97,09", "psni" : "0,00", "psa" : "100,00", "psna" : "0,00", "e" : "16283828", "ea" : "15817084", "ena" : "0", "esi" : "15817084", "esni" : "0", "c" : "12304535", "a" : "3512549", "pea" : "100,00", "pena" : "0,00", "pesi" : "97,13", "pesni" : "0,00", "pa" : "22,21", "pc" : "77,79", "munnr" : "34", "munpt" : "65", "munf" : "754", "pmunnr" : "3,99", "pmunpt" : "7,62", "pmunf" : "88,39" }, 
{ "and" : "P", "tpabr" : "UF", "cdabr" : "RO", "dt" : "02/10/2022", "ht" : "21:27:01", "s" : "4198", "st" : "4161", "snt" : "37", "si" : "4161", "sni" : "0", "sa" : "4161", "sna" : "0", "pst" : "99,12", "psnt" : "0,88", "psi" : "99,12", "psni" : "0,00", "psa" : "100,00", "psna" : "0,00", "e" : "1229998", "ea" : "1217399", "ena" : "0", "esi" : "1217399", "esni" : "0", "c" : "917654", "a" : "299745", "pea" : "100,00", "pena" : "0,00", "pesi" : "98,98", "pesni" : "0,00", "pa" : "24,62", "pc" : "75,38", "munnr" : "0", "munpt" : "6", "munf" : "46", "pmunnr" : "00,00", "pmunpt" : "11,54", "pmunf" : "88,46" }, 
{ "and" : "P", "tpabr" : "UF", "cdabr" : "CE", "dt" : "02/10/2022", "ht" : "21:26:59", "s" : "22796", "st" : "21585", "snt" : "1211", "si" : "21585", "sni" : "0", "sa" : "21585", "sna" : "0", "pst" : "94,69", "psnt" : "5,31", "psi" : "94,69", "psni" : "0,00", "psa" : "100,00", "psna" : "0,00", "e" : "6818732", "ea" : "6469829", "ena" : "0", "esi" : "6469829", "esni" : "0", "c" : "5342240", "a" : "1127589", "pea" : "100,00", "pena" : "0,00", "pesi" : "94,88", "pesni" : "0,00", "pa" : "17,43", "pc" : "82,57", "munnr" : "4", "munpt" : "72", "munf" : "108", "pmunnr" : "2,17", "pmunpt" : "39,13", "pmunf" : "58,70" }, 
{ "and" : "P", "tpabr" : "UF", "cdabr" : "GO", "dt" : "02/10/2022", "ht" : "21:26:59", "s" : "14620", "st" : "14579", "snt" : "41", "si" : "14579", "sni" : "0", "sa" : "14579", "sna" : "0", "pst" : "99,72", "psnt" : "0,28", "psi" : "99,72", "psni" : "0,00", "psa" : "100,00", "psna" : "0,00", "e" : "4870292", "ea" : "4858085", "ena" : "0", "esi" : "4858085", "esni" : "0", "c" : "3803142", "a" : "1054943", "pea" : "100,00", "pena" : "0,00", "pesi" : "99,75", "pesni" : "0,00", "pa" : "21,72", "pc" : "78,28", "munnr" : "1", "munpt" : "12", "munf" : "233", "pmunnr" : "0,41", "pmunpt" : "4,88", "pmunf" : "94,72" }, 
{ "and" : "P", "tpabr" : "UF", "cdabr" : "MS", "dt" : "02/10/2022", "ht" : "20:54:51", "s" : "6912", "st" : "6910", "snt" : "2", "si" : "6910", "sni" : "0", "sa" : "6910", "sna" : "0", "pst" : "99,97", "psnt" : "0,03", "psi" : "99,97", "psni" : "0,00", "psa" : "100,00", "psna" : "0,00", "e" : "1995932", "ea" : "1995509", "ena" : "0", "esi" : "1995509", "esni" : "0", "c" : "1554759", "a" : "440750", "pea" : "100,00", "pena" : "0,00", "pesi" : "99,98", "pesni" : "0,00", "pa" : "22,09", "pc" : "77,91", "munnr" : "0", "munpt" : "1", "munf" : "78", "pmunnr" : "00,00", "pmunpt" : "1,27", "pmunf" : "98,73" }, 
{ "and" : "P", "tpabr" : "UF", "cdabr" : "MT", "dt" : "02/10/2022", "ht" : "21:24:44", "s" : "7652", "st" : "7627", "snt" : "25", "si" : "7627", "sni" : "0", "sa" : "7627", "sna" : "0", "pst" : "99,67", "psnt" : "0,33", "psi" : "99,67", "psni" : "0,00", "psa" : "100,00", "psna" : "0,00", "e" : "2469604", "ea" : "2460884", "ena" : "0", "esi" : "2460884", "esni" : "0", "c" : "1885766", "a" : "575118", "pea" : "100,00", "pena" : "0,00", "pesi" : "99,65", "pesni" : "0,00", "pa" : "23,37", "pc" : "76,63", "munnr" : "0", "munpt" : "10", "munf" : "131", "pmunnr" : "00,00", "pmunpt" : "7,09", "pmunf" : "92,91" }, 
{ "and" : "P", "tpabr" : "UF", "cdabr" : "SE", "dt" : "02/10/2022", "ht" : "21:23:38", "s" : "5498", "st" : "5480", "snt" : "18", "si" : "5480", "sni" : "0", "sa" : "5480", "sna" : "0", "pst" : "99,67", "psnt" : "0,33", "psi" : "99,67", "psni" : "0,00", "psa" : "100,00", "psna" : "0,00", "e" : "1671376", "ea" : "1664995", "ena" : "0", "esi" : "1664995", "esni" : "0", "c" : "1359521", "a" : "305474", "pea" : "100,00", "pena" : "0,00", "pesi" : "99,62", "pesni" : "0,00", "pa" : "18,35", "pc" : "81,65", "munnr" : "0", "munpt" : "6", "munf" : "69", "pmunnr" : "00,00", "pmunpt" : "8,00", "pmunf" : "92,00" }, 
{ "and" : "F", "tpabr" : "UF", "cdabr" : "DF", "dt" : "02/10/2022", "ht" : "20:36:59", "s" : "6748", "st" : "6748", "snt" : "0", "si" : "6748", "sni" : "0", "sa" : "6748", "sna" : "0", "pst" : "100,00", "psnt" : "0,00", "psi" : "100,00", "psni" : "0,00", "psa" : "100,00", "psna" : "0,00", "e" : "2206996", "ea" : "2206996", "ena" : "0", "esi" : "2206996", "esni" : "0", "c" : "1819900", "a" : "387096", "pea" : "100,00", "pena" : "0,00", "pesi" : "100,00", "pesni" : "0,00", "pa" : "17,54", "pc" : "82,46", "munnr" : "0", "munpt" : "0", "munf" : "1", "pmunnr" : "00,00", "pmunpt" : "00,00", "pmunf" : "100,00" }, 
{ "and" : "F", "tpabr" : "UF", "cdabr" : "ES", "dt" : "02/10/2022", "ht" : "20:41:59", "s" : "9239", "st" : "9239", "snt" : "0", "si" : "9239", "sni" : "0", "sa" : "9239", "sna" : "0", "pst" : "100,00", "psnt" : "0,00", "psi" : "100,00", "psni" : "0,00", "psa" : "100,00", "psna" : "0,00", "e" : "2922379", "ea" : "2922379", "ena" : "0", "esi" : "2922379", "esni" : "0", "c" : "2315889", "a" : "606490", "pea" : "100,00", "pena" : "0,00", "pesi" : "100,00", "pesni" : "0,00", "pa" : "20,75", "pc" : "79,25", "munnr" : "0", "munpt" : "0", "munf" : "78", "pmunnr" : "00,00", "pmunpt" : "00,00", "pmunf" : "100,00" }, 
{ "and" : "P", "tpabr" : "UF", "cdabr" : "MA", "dt" : "02/10/2022", "ht" : "21:27:15", "s" : "16423", "st" : "13229", "snt" : "3194", "si" : "13229", "sni" : "0", "sa" : "13229", "sna" : "0", "pst" : "80,55", "psnt" : "19,45", "psi" : "80,55", "psni" : "0,00", "psa" : "100,00", "psna" : "0,00", "e" : "5039287", "ea" : "4065336", "ena" : "0", "esi" : "4065336", "esni" : "0", "c" : "3178234", "a" : "887102", "pea" : "100,00", "pena" : "0,00", "pesi" : "80,67", "pesni" : "0,00", "pa" : "21,82", "pc" : "78,18", "munnr" : "22", "munpt" : "129", "munf" : "66", "pmunnr" : "10,14", "pmunpt" : "59,45", "pmunf" : "30,41" }, 
{ "and" : "P", "tpabr" : "UF", "cdabr" : "PA", "dt" : "02/10/2022", "ht" : "21:27:00", "s" : "18235", "st" : "17539", "snt" : "696", "si" : "17539", "sni" : "0", "sa" : "17539", "sna" : "0", "pst" : "96,18", "psnt" : "3,82", "psi" : "96,18", "psni" : "0,00", "psa" : "100,00", "psna" : "0,00", "e" : "6079280", "ea" : "5845432", "ena" : "0", "esi" : "5845432", "esni" : "0", "c" : "4602447", "a" : "1242985", "pea" : "100,00", "pena" : "0,00", "pesi" : "96,15", "pesni" : "0,00", "pa" : "21,26", "pc" : "78,74", "munnr" : "0", "munpt" : "77", "munf" : "67", "pmunnr" : "00,00", "pmunpt" : "53,47", "pmunf" : "46,53" }, 
{ "and" : "P", "tpabr" : "UF", "cdabr" : "PI", "dt" : "02/10/2022", "ht" : "21:27:03", "s" : "8963", "st" : "8459", "snt" : "504", "si" : "8459", "sni" : "0", "sa" : "8459", "sna" : "0", "pst" : "94,38", "psnt" : "5,62", "psi" : "94,38", "psni" : "0,00", "psa" : "100,00", "psna" : "0,00", "e" : "2570433", "ea" : "2419192", "ena" : "0", "esi" : "2419192", "esni" : "0", "c" : "1990476", "a" : "428716", "pea" : "100,00", "pena" : "0,00", "pesi" : "94,12", "pesni" : "0,00", "pa" : "17,72", "pc" : "82,28", "munnr" : "6", "munpt" : "86", "munf" : "132", "pmunnr" : "2,68", "pmunpt" : "38,39", "pmunf" : "58,93" }, 
{ "and" : "P", "tpabr" : "UF", "cdabr" : "RS", "dt" : "02/10/2022", "ht" : "21:27:01", "s" : "27201", "st" : "26985", "snt" : "216", "si" : "26985", "sni" : "0", "sa" : "26985", "sna" : "0", "pst" : "99,21", "psnt" : "0,79", "psi" : "99,21", "psni" : "0,00", "psa" : "100,00", "psna" : "0,00", "e" : "8589432", "ea" : "8510912", "ena" : "0", "esi" : "8510912", "esni" : "0", "c" : "6828017", "a" : "1682895", "pea" : "100,00", "pena" : "0,00", "pesi" : "99,09", "pesni" : "0,00", "pa" : "19,77", "pc" : "80,23", "munnr" : "1", "munpt" : "10", "munf" : "486", "pmunnr" : "0,20", "pmunpt" : "2,01", "pmunf" : "97,79" }, 
{ "and" : "P", "tpabr" : "UF", "cdabr" : "AC", "dt" : "02/10/2022", "ht" : "21:24:43", "s" : "2124", "st" : "2093", "snt" : "31", "si" : "2093", "sni" : "0", "sa" : "2093", "sna" : "0", "pst" : "98,54", "psnt" : "1,46", "psi" : "98,54", "psni" : "0,00", "psa" : "100,00", "psna" : "0,00", "e" : "587738", "ea" : "579269", "ena" : "0", "esi" : "579269", "esni" : "0", "c" : "449800", "a" : "129469", "pea" : "100,00", "pena" : "0,00", "pesi" : "98,56", "pesni" : "0,00", "pa" : "22,35", "pc" : "77,65", "munnr" : "0", "munpt" : "3", "munf" : "19", "pmunnr" : "00,00", "pmunpt" : "13,64", "pmunf" : "86,36" }, 
{ "and" : "P", "tpabr" : "UF", "cdabr" : "PR", "dt" : "02/10/2022", "ht" : "21:27:04", "s" : "25721", "st" : "25664", "snt" : "57", "si" : "25664", "sni" : "0", "sa" : "25664", "sna" : "0", "pst" : "99,78", "psnt" : "0,22", "psi" : "99,78", "psni" : "0,00", "psa" : "100,00", "psna" : "0,00", "e" : "8480435", "ea" : "8461243", "ena" : "0", "esi" : "8461243", "esni" : "0", "c" : "6814127", "a" : "1647116", "pea" : "100,00", "pena" : "0,00", "pesi" : "99,77", "pesni" : "0,00", "pa" : "19,47", "pc" : "80,53", "munnr" : "1", "munpt" : "13", "munf" : "385", "pmunnr" : "0,25", "pmunpt" : "3,26", "pmunf" : "96,49" }, 
{ "and" : "P", "tpabr" : "UF", "cdabr" : "SC", "dt" : "02/10/2022", "ht" : "21:25:53", "s" : "16242", "st" : "16231", "snt" : "11", "si" : "16231", "sni" : "0", "sa" : "16231", "sna" : "0", "pst" : "99,93", "psnt" : "0,07", "psi" : "99,93", "psni" : "0,00", "psa" : "100,00", "psna" : "0,00", "e" : "5501478", "ea" : "5497600", "ena" : "0", "esi" : "5497600", "esni" : "0", "c" : "4484407", "a" : "1013193", "pea" : "100,00", "pena" : "0,00", "pesi" : "99,93", "pesni" : "0,00", "pa" : "18,43", "pc" : "81,57", "munnr" : "0", "munpt" : "7", "munf" : "288", "pmunnr" : "00,00", "pmunpt" : "2,37", "pmunf" : "97,63" }, 
{ "and" : "P", "tpabr" : "UF", "cdabr" : "TO", "dt" : "02/10/2022", "ht" : "21:15:53", "s" : "3957", "st" : "3953", "snt" : "4", "si" : "3953", "sni" : "0", "sa" : "3953", "sna" : "0", "pst" : "99,90", "psnt" : "0,10", "psi" : "99,90", "psni" : "0,00", "psa" : "100,00", "psna" : "0,00", "e" : "1094346", "ea" : "1093138", "ena" : "0", "esi" : "1093138", "esni" : "0", "c" : "890512", "a" : "202626", "pea" : "100,00", "pena" : "0,00", "pesi" : "99,89", "pesni" : "0,00", "pa" : "18,54", "pc" : "81,46", "munnr" : "0", "munpt" : "3", "munf" : "136", "pmunnr" : "00,00", "pmunpt" : "2,16", "pmunf" : "97,84" }, 
{ "and" : "P", "tpabr" : "UF", "cdabr" : "AL", "dt" : "02/10/2022", "ht" : "21:27:06", "s" : "6626", "st" : "5829", "snt" : "797", "si" : "5829", "sni" : "0", "sa" : "5829", "sna" : "0", "pst" : "87,97", "psnt" : "12,03", "psi" : "87,97", "psni" : "0,00", "psa" : "100,00", "psna" : "0,00", "e" : "2326491", "ea" : "2031979", "ena" : "0", "esi" : "2031979", "esni" : "0", "c" : "1580761", "a" : "451218", "pea" : "100,00", "pena" : "0,00", "pesi" : "87,34", "pesni" : "0,00", "pa" : "22,21", "pc" : "77,79", "munnr" : "8", "munpt" : "31", "munf" : "63", "pmunnr" : "7,84", "pmunpt" : "30,39", "pmunf" : "61,76" }, 
{ "and" : "P", "tpabr" : "UF", "cdabr" : "BA", "dt" : "02/10/2022", "ht" : "21:27:00", "s" : "34424", "st" : "31868", "snt" : "2556", "si" : "31868", "sni" : "0", "sa" : "31868", "sna" : "0", "pst" : "92,57", "psnt" : "7,43", "psi" : "92,57", "psni" : "0,00", "psa" : "100,00", "psna" : "0,00", "e" : "11283405", "ea" : "10434684", "ena" : "0", "esi" : "10434684", "esni" : "0", "c" : "8217539", "a" : "2217145", "pea" : "100,00", "pena" : "0,00", "pesi" : "92,48", "pesni" : "0,00", "pa" : "21,25", "pc" : "78,75", "munnr" : "14", "munpt" : "177", "munf" : "226", "pmunnr" : "3,36", "pmunpt" : "42,45", "pmunf" : "54,20" }, 
{ "and" : "P", "tpabr" : "UF", "cdabr" : "PB", "dt" : "02/10/2022", "ht" : "21:23:37", "s" : "9602", "st" : "9576", "snt" : "26", "si" : "9576", "sni" : "0", "sa" : "9576", "sna" : "0", "pst" : "99,73", "psnt" : "0,27", "psi" : "99,73", "psni" : "0,00", "psa" : "100,00", "psna" : "0,00", "e" : "3092053", "ea" : "3083793", "ena" : "0", "esi" : "3083793", "esni" : "0", "c" : "2550621", "a" : "533172", "pea" : "100,00", "pena" : "0,00", "pesi" : "99,73", "pesni" : "0,00", "pa" : "17,29", "pc" : "82,71", "munnr" : "1", "munpt" : "3", "munf" : "219", "pmunnr" : "0,45", "pmunpt" : "1,35", "pmunf" : "98,21" }, 
{ "and" : "P", "tpabr" : "UF", "cdabr" : "AP", "dt" : "02/10/2022", "ht" : "21:21:22", "s" : "1740", "st" : "1733", "snt" : "7", "si" : "1733", "sni" : "0", "sa" : "1733", "sna" : "0", "pst" : "99,60", "psnt" : "0,40", "psi" : "99,60", "psni" : "0,00", "psa" : "100,00", "psna" : "0,00", "e" : "550165", "ea" : "547388", "ena" : "0", "esi" : "547388", "esni" : "0", "c" : "440554", "a" : "106834", "pea" : "100,00", "pena" : "0,00", "pesi" : "99,50", "pesni" : "0,00", "pa" : "19,52", "pc" : "80,48", "munnr" : "0", "munpt" : "5", "munf" : "11", "pmunnr" : "00,00", "pmunpt" : "31,25", "pmunf" : "68,75" }, 
{ "and" : "P", "tpabr" : "UF", "cdabr" : "RJ", "dt" : "02/10/2022", "ht" : "21:27:01", "s" : "34068", "st" : "33322", "snt" : "746", "si" : "33322", "sni" : "0", "sa" : "33322", "sna" : "0", "pst" : "97,81", "psnt" : "2,19", "psi" : "97,81", "psni" : "0,00", "psa" : "100,00", "psna" : "0,00", "e" : "12826356", "ea" : "12536326", "ena" : "0", "esi" : "12536326", "esni" : "0", "c" : "9686373", "a" : "2849953", "pea" : "100,00", "pena" : "0,00", "pesi" : "97,74", "pesni" : "0,00", "pa" : "22,73", "pc" : "77,27", "munnr" : "1", "munpt" : "31", "munf" : "60", "pmunnr" : "1,09", "pmunpt" : "33,70", "pmunf" : "65,22" }, 
{ "and" : "F", "tpabr" : "UF", "cdabr" : "RR", "dt" : "02/10/2022", "ht" : "21:07:58", "s" : "1268", "st" : "1268", "snt" : "0", "si" : "1268", "sni" : "0", "sa" : "1268", "sna" : "0", "pst" : "100,00", "psnt" : "0,00", "psi" : "100,00", "psni" : "0,00", "psa" : "100,00", "psna" : "0,00", "e" : "366632", "ea" : "366632", "ena" : "0", "esi" : "366632", "esni" : "0", "c" : "305404", "a" : "61228", "pea" : "100,00", "pena" : "0,00", "pesi" : "100,00", "pesni" : "0,00", "pa" : "16,70", "pc" : "83,30", "munnr" : "0", "munpt" : "0", "munf" : "15", "pmunnr" : "00,00", "pmunpt" : "00,00", "pmunf" : "100,00" }, 
{ "and" : "P", "tpabr" : "UF", "cdabr" : "ZZ", "dt" : "02/10/2022", "ht" : "21:21:25", "s" : "1064", "st" : "934", "snt" : "130", "si" : "888", "sni" : "46", "sa" : "888", "sna" : "0", "pst" : "87,78", "psnt" : "12,22", "psi" : "83,46", "psni" : "16,54", "psa" : "100,00", "psna" : "0,00", "e" : "695355", "ea" : "613312", "ena" : "0", "esi" : "613312", "esni" : "573", "c" : "271842", "a" : "341470", "pea" : "100,00", "pena" : "0,00", "pesi" : "88,20", "pesni" : "99,92", "pa" : "55,68", "pc" : "44,32", "munnr" : "21", "munpt" : "26", "munf" : "134", "pmunnr" : "11,60", "pmunpt" : "14,36", "pmunf" : "74,03" }, 
{ "and" : "P", "tpabr" : "UF", "cdabr" : "SP", "dt" : "02/10/2022", "ht" : "21:27:02", "s" : "101073", "st" : "100114", "snt" : "959", "si" : "100114", "sni" : "0", "sa" : "100114", "sna" : "0", "pst" : "99,05", "psnt" : "0,95", "psi" : "99,05", "psni" : "0,00", "psa" : "100,00", "psna" : "0,00", "e" : "34684927", "ea" : "34346887", "ena" : "0", "esi" : "34346887", "esni" : "0", "c" : "26924138", "a" : "7422749", "pea" : "100,00", "pena" : "0,00", "pesi" : "99,03", "pesni" : "0,00", "pa" : "21,61", "pc" : "78,39", "munnr" : "6", "munpt" : "27", "munf" : "612", "pmunnr" : "0,93", "pmunpt" : "4,19", "pmunf" : "94,88" }, 
{ "and" : "P", "tpabr" : "BR", "cdabr" : "BR", "dt" : "02/10/2022", "ht" : "21:27:15", "s" : "472075", "st" : "458290", "snt" : "13785", "si" : "458243", "sni" : "47", "sa" : "458243", "sna" : "0", "pst" : "97,07", "psnt" : "2,93", "psi" : "97,06", "psni" : "2,94", "psa" : "100,00", "psna" : "0,00", "e" : "156454011", "ea" : "151888517", "ena" : "0", "esi" : "151888517", "esni" : "657", "c" : "120167651", "a" : "31720866", "pea" : "100,00", "pena" : "0,00", "pesi" : "97,08", "pesni" : "100,00", "pa" : "20,89", "pc" : "79,11", "ufsnr" : "0", "ufspt" : "25", "ufsf" : "3", "pufsnr" : "00,00", "pufspt" : "89,29", "pufsf" : "10,71" } ] }