
{ "ele" : "544", "t" : "1", "f" : "O", "dg" : "02/10/2022", "hg" : "20:50:03", "abr" : [ 
{ "and" : "P", "tpabr" : "UF", "cdabr" : "AM", "dt" : "02/10/2022", "ht" : "20:49:35", "s" : "7454", "st" : "7047", "snt" : "407", "si" : "7047", "sni" : "0", "sa" : "7047", "sna" : "0", "pst" : "94,54", "psnt" : "5,46", "psi" : "94,54", "psni" : "0,00", "psa" : "100,00", "psna" : "0,00", "e" : "2646924", "ea" : "2493223", "ena" : "0", "esi" : "2493223", "esni" : "0", "c" : "1996210", "a" : "497013", "pea" : "100,00", "pena" : "0,00", "pesi" : "94,19", "pesni" : "0,00", "pa" : "19,93", "pc" : "80,07", "munnr" : "0", "munpt" : "40", "munf" : "22", "pmunnr" : "00,00", "pmunpt" : "64,52", "pmunf" : "35,48" }, 
{ "and" : "P", "tpabr" : "UF", "cdabr" : "PE", "dt" : "02/10/2022", "ht" : "20:48:09", "s" : "20572", "st" : "18362", "snt" : "2210", "si" : "18362", "sni" : "0", "sa" : "18362", "sna" : "0", "pst" : "89,26", "psnt" : "10,74", "psi" : "89,26", "psni" : "0,00", "psa" : "100,00", "psna" : "0,00", "e" : "7015421", "ea" : "6247182", "ena" : "0", "esi" : "6247182", "esni" : "0", "c" : "5128370", "a" : "1118812", "pea" : "100,00", "pena" : "0,00", "pesi" : "89,05", "pesni" : "0,00", "pa" : "17,91", "pc" : "82,09", "munnr" : "14", "munpt" : "93", "munf" : "78", "pmunnr" : "7,57", "pmunpt" : "50,27", "pmunf" : "42,16" }, 
{ "and" : "P", "tpabr" : "UF", "cdabr" : "RN", "dt" : "02/10/2022", "ht" : "20:48:22", "s" : "7674", "st" : "7380", "snt" : "294", "si" : "7380", "sni" : "0", "sa" : "7380", "sna" : "0", "pst" : "96,17", "psnt" : "3,83", "psi" : "96,17", "psni" : "0,00", "psa" : "100,00", "psna" : "0,00", "e" : "2554716", "ea" : "2453880", "ena" : "0", "esi" : "2453880", "esni" : "0", "c" : "2008595", "a" : "445285", "pea" : "100,00", "pena" : "0,00", "pesi" : "96,05", "pesni" : "0,00", "pa" : "18,15", "pc" : "81,85", "munnr" : "0", "munpt" : "40", "munf" : "127", "pmunnr" : "00,00", "pmunpt" : "23,95", "pmunf" : "76,05" }, 
{ "and" : "P", "tpabr" : "UF", "cdabr" : "MG", "dt" : "02/10/2022", "ht" : "20:48:08", "s" : "49981", "st" : "46252", "snt" : "3729", "si" : "46252", "sni" : "0", "sa" : "46252", "sna" : "0", "pst" : "92,54", "psnt" : "7,46", "psi" : "92,54", "psni" : "0,00", "psa" : "100,00", "psna" : "0,00", "e" : "16283828", "ea" : "15018701", "ena" : "0", "esi" : "15018701", "esni" : "0", "c" : "11683068", "a" : "3335633", "pea" : "100,00", "pena" : "0,00", "pesi" : "92,23", "pesni" : "0,00", "pa" : "22,21", "pc" : "77,79", "munnr" : "69", "munpt" : "127", "munf" : "657", "pmunnr" : "8,09", "pmunpt" : "14,89", "pmunf" : "77,02" }, 
{ "and" : "P", "tpabr" : "UF", "cdabr" : "RO", "dt" : "02/10/2022", "ht" : "20:47:06", "s" : "4198", "st" : "4145", "snt" : "53", "si" : "4145", "sni" : "0", "sa" : "4145", "sna" : "0", "pst" : "98,74", "psnt" : "1,26", "psi" : "98,74", "psni" : "0,00", "psa" : "100,00", "psna" : "0,00", "e" : "1229998", "ea" : "1211311", "ena" : "0", "esi" : "1211311", "esni" : "0", "c" : "913291", "a" : "298020", "pea" : "100,00", "pena" : "0,00", "pesi" : "98,48", "pesni" : "0,00", "pa" : "24,60", "pc" : "75,40", "munnr" : "0", "munpt" : "11", "munf" : "41", "pmunnr" : "00,00", "pmunpt" : "21,15", "pmunf" : "78,85" }, 
{ "and" : "P", "tpabr" : "UF", "cdabr" : "CE", "dt" : "02/10/2022", "ht" : "20:48:05", "s" : "22796", "st" : "20262", "snt" : "2534", "si" : "20262", "sni" : "0", "sa" : "20262", "sna" : "0", "pst" : "88,88", "psnt" : "11,12", "psi" : "88,88", "psni" : "0,00", "psa" : "100,00", "psna" : "0,00", "e" : "6818732", "ea" : "6089558", "ena" : "0", "esi" : "6089558", "esni" : "0", "c" : "5025522", "a" : "1064036", "pea" : "100,00", "pena" : "0,00", "pesi" : "89,31", "pesni" : "0,00", "pa" : "17,47", "pc" : "82,53", "munnr" : "10", "munpt" : "103", "munf" : "71", "pmunnr" : "5,43", "pmunpt" : "55,98", "pmunf" : "38,59" }, 
{ "and" : "P", "tpabr" : "UF", "cdabr" : "GO", "dt" : "02/10/2022", "ht" : "20:49:39", "s" : "14620", "st" : "14405", "snt" : "215", "si" : "14405", "sni" : "0", "sa" : "14405", "sna" : "0", "pst" : "98,53", "psnt" : "1,47", "psi" : "98,53", "psni" : "0,00", "psa" : "100,00", "psna" : "0,00", "e" : "4870292", "ea" : "4797882", "ena" : "0", "esi" : "4797882", "esni" : "0", "c" : "3757442", "a" : "1040440", "pea" : "100,00", "pena" : "0,00", "pesi" : "98,51", "pesni" : "0,00", "pa" : "21,69", "pc" : "78,31", "munnr" : "5", "munpt" : "24", "munf" : "217", "pmunnr" : "2,03", "pmunpt" : "9,76", "pmunf" : "88,21" }, 
{ "and" : "P", "tpabr" : "UF", "cdabr" : "MS", "dt" : "02/10/2022", "ht" : "20:46:56", "s" : "6912", "st" : "6908", "snt" : "4", "si" : "6908", "sni" : "0", "sa" : "6908", "sna" : "0", "pst" : "99,94", "psnt" : "0,06", "psi" : "99,94", "psni" : "0,00", "psa" : "100,00", "psna" : "0,00", "e" : "1995932", "ea" : "1994960", "ena" : "0", "esi" : "1994960", "esni" : "0", "c" : "1554323", "a" : "440637", "pea" : "100,00", "pena" : "0,00", "pesi" : "99,95", "pesni" : "0,00", "pa" : "22,09", "pc" : "77,91", "munnr" : "0", "munpt" : "3", "munf" : "76", "pmunnr" : "00,00", "pmunpt" : "3,80", "pmunf" : "96,20" }, 
{ "and" : "P", "tpabr" : "UF", "cdabr" : "MT", "dt" : "02/10/2022", "ht" : "20:49:37", "s" : "7652", "st" : "7541", "snt" : "111", "si" : "7541", "sni" : "0", "sa" : "7541", "sna" : "0", "pst" : "98,55", "psnt" : "1,45", "psi" : "98,55", "psni" : "0,00", "psa" : "100,00", "psna" : "0,00", "e" : "2469604", "ea" : "2433252", "ena" : "0", "esi" : "2433252", "esni" : "0", "c" : "1865147", "a" : "568105", "pea" : "100,00", "pena" : "0,00", "pesi" : "98,53", "pesni" : "0,00", "pa" : "23,35", "pc" : "76,65", "munnr" : "1", "munpt" : "18", "munf" : "122", "pmunnr" : "0,71", "pmunpt" : "12,77", "pmunf" : "86,52" }, 
{ "and" : "P", "tpabr" : "UF", "cdabr" : "SE", "dt" : "02/10/2022", "ht" : "20:48:16", "s" : "5498", "st" : "5409", "snt" : "89", "si" : "5409", "sni" : "0", "sa" : "5409", "sna" : "0", "pst" : "98,38", "psnt" : "1,62", "psi" : "98,38", "psni" : "0,00", "psa" : "100,00", "psna" : "0,00", "e" : "1671376", "ea" : "1639990", "ena" : "0", "esi" : "1639990", "esni" : "0", "c" : "1339039", "a" : "300951", "pea" : "100,00", "pena" : "0,00", "pesi" : "98,12", "pesni" : "0,00", "pa" : "18,35", "pc" : "81,65", "munnr" : "0", "munpt" : "13", "munf" : "62", "pmunnr" : "00,00", "pmunpt" : "17,33", "pmunf" : "82,67" }, 
{ "and" : "F", "tpabr" : "UF", "cdabr" : "DF", "dt" : "02/10/2022", "ht" : "20:36:59", "s" : "6748", "st" : "6748", "snt" : "0", "si" : "6748", "sni" : "0", "sa" : "6748", "sna" : "0", "pst" : "100,00", "psnt" : "0,00", "psi" : "100,00", "psni" : "0,00", "psa" : "100,00", "psna" : "0,00", "e" : "2206996", "ea" : "2206996", "ena" : "0", "esi" : "2206996", "esni" : "0", "c" : "1819900", "a" : "387096", "pea" : "100,00", "pena" : "0,00", "pesi" : "100,00", "pesni" : "0,00", "pa" : "17,54", "pc" : "82,46", "munnr" : "0", "munpt" : "0", "munf" : "1", "pmunnr" : "00,00", "pmunpt" : "00,00", "pmunf" : "100,00" }, 
{ "and" : "F", "tpabr" : "UF", "cdabr" : "ES", "dt" : "02/10/2022", "ht" : "20:41:59", "s" : "9239", "st" : "9239", "snt" : "0", "si" : "9239", "sni" : "0", "sa" : "9239", "sna" : "0", "pst" : "100,00", "psnt" : "0,00", "psi" : "100,00", "psni" : "0,00", "psa" : "100,00", "psna" : "0,00", "e" : "2922379", "ea" : "2922379", "ena" : "0", "esi" : "2922379", "esni" : "0", "c" : "2315889", "a" : "606490", "pea" : "100,00", "pena" : "0,00", "pesi" : "100,00", "pesni" : "0,00", "pa" : "20,75", "pc" : "79,25", "munnr" : "0", "munpt" : "0", "munf" : "78", "pmunnr" : "00,00", "pmunpt" : "00,00", "pmunf" : "100,00" }, 
{ "and" : "P", "tpabr" : "UF", "cdabr" : "MA", "dt" : "02/10/2022", "ht" : "20:48:31", "s" : "16423", "st" : "11658", "snt" : "4765", "si" : "11658", "sni" : "0", "sa" : "11658", "sna" : "0", "pst" : "70,99", "psnt" : "29,01", "psi" : "70,99", "psni" : "0,00", "psa" : "100,00", "psna" : "0,00", "e" : "5039287", "ea" : "3591440", "ena" : "0", "esi" : "3591440", "esni" : "0", "c" : "2816173", "a" : "775267", "pea" : "100,00", "pena" : "0,00", "pesi" : "71,27", "pesni" : "0,00", "pa" : "21,59", "pc" : "78,41", "munnr" : "36", "munpt" : "144", "munf" : "37", "pmunnr" : "16,59", "pmunpt" : "66,36", "pmunf" : "17,05" }, 
{ "and" : "P", "tpabr" : "UF", "cdabr" : "PA", "dt" : "02/10/2022", "ht" : "20:48:33", "s" : "18235", "st" : "16864", "snt" : "1371", "si" : "16864", "sni" : "0", "sa" : "16864", "sna" : "0", "pst" : "92,48", "psnt" : "7,52", "psi" : "92,48", "psni" : "0,00", "psa" : "100,00", "psna" : "0,00", "e" : "6079280", "ea" : "5613170", "ena" : "0", "esi" : "5613170", "esni" : "0", "c" : "4419688", "a" : "1193482", "pea" : "100,00", "pena" : "0,00", "pesi" : "92,33", "pesni" : "0,00", "pa" : "21,26", "pc" : "78,74", "munnr" : "0", "munpt" : "110", "munf" : "34", "pmunnr" : "00,00", "pmunpt" : "76,39", "pmunf" : "23,61" }, 
{ "and" : "P", "tpabr" : "UF", "cdabr" : "PI", "dt" : "02/10/2022", "ht" : "20:48:09", "s" : "8963", "st" : "8087", "snt" : "876", "si" : "8087", "sni" : "0", "sa" : "8087", "sna" : "0", "pst" : "90,23", "psnt" : "9,77", "psi" : "90,23", "psni" : "0,00", "psa" : "100,00", "psna" : "0,00", "e" : "2570433", "ea" : "2310589", "ena" : "0", "esi" : "2310589", "esni" : "0", "c" : "1901205", "a" : "409384", "pea" : "100,00", "pena" : "0,00", "pesi" : "89,89", "pesni" : "0,00", "pa" : "17,72", "pc" : "82,28", "munnr" : "8", "munpt" : "125", "munf" : "91", "pmunnr" : "3,57", "pmunpt" : "55,80", "pmunf" : "40,63" }, 
{ "and" : "P", "tpabr" : "UF", "cdabr" : "RS", "dt" : "02/10/2022", "ht" : "20:49:38", "s" : "27201", "st" : "26772", "snt" : "429", "si" : "26772", "sni" : "0", "sa" : "26772", "sna" : "0", "pst" : "98,42", "psnt" : "1,58", "psi" : "98,42", "psni" : "0,00", "psa" : "100,00", "psna" : "0,00", "e" : "8589432", "ea" : "8442969", "ena" : "0", "esi" : "8442969", "esni" : "0", "c" : "6773115", "a" : "1669854", "pea" : "100,00", "pena" : "0,00", "pesi" : "98,29", "pesni" : "0,00", "pa" : "19,78", "pc" : "80,22", "munnr" : "5", "munpt" : "25", "munf" : "467", "pmunnr" : "1,01", "pmunpt" : "5,03", "pmunf" : "93,96" }, 
{ "and" : "P", "tpabr" : "UF", "cdabr" : "AC", "dt" : "02/10/2022", "ht" : "20:49:35", "s" : "2124", "st" : "2071", "snt" : "53", "si" : "2071", "sni" : "0", "sa" : "2071", "sna" : "0", "pst" : "97,50", "psnt" : "2,50", "psi" : "97,50", "psni" : "0,00", "psa" : "100,00", "psna" : "0,00", "e" : "587738", "ea" : "572839", "ena" : "0", "esi" : "572839", "esni" : "0", "c" : "444705", "a" : "128134", "pea" : "100,00", "pena" : "0,00", "pesi" : "97,47", "pesni" : "0,00", "pa" : "22,37", "pc" : "77,63", "munnr" : "0", "munpt" : "7", "munf" : "15", "pmunnr" : "00,00", "pmunpt" : "31,82", "pmunf" : "68,18" }, 
{ "and" : "P", "tpabr" : "UF", "cdabr" : "PR", "dt" : "02/10/2022", "ht" : "20:49:38", "s" : "25721", "st" : "25546", "snt" : "175", "si" : "25546", "sni" : "0", "sa" : "25546", "sna" : "0", "pst" : "99,32", "psnt" : "0,68", "psi" : "99,32", "psni" : "0,00", "psa" : "100,00", "psna" : "0,00", "e" : "8480435", "ea" : "8421030", "ena" : "0", "esi" : "8421030", "esni" : "0", "c" : "6782535", "a" : "1638495", "pea" : "100,00", "pena" : "0,00", "pesi" : "99,30", "pesni" : "0,00", "pa" : "19,46", "pc" : "80,54", "munnr" : "2", "munpt" : "34", "munf" : "363", "pmunnr" : "0,50", "pmunpt" : "8,52", "pmunf" : "90,98" }, 
{ "and" : "P", "tpabr" : "UF", "cdabr" : "SC", "dt" : "02/10/2022", "ht" : "20:48:22", "s" : "16242", "st" : "15969", "snt" : "273", "si" : "15969", "sni" : "0", "sa" : "15969", "sna" : "0", "pst" : "98,32", "psnt" : "1,68", "psi" : "98,32", "psni" : "0,00", "psa" : "100,00", "psna" : "0,00", "e" : "5501478", "ea" : "5404359", "ena" : "0", "esi" : "5404359", "esni" : "0", "c" : "4408349", "a" : "996010", "pea" : "100,00", "pena" : "0,00", "pesi" : "98,23", "pesni" : "0,00", "pa" : "18,43", "pc" : "81,57", "munnr" : "2", "munpt" : "24", "munf" : "269", "pmunnr" : "0,68", "pmunpt" : "8,14", "pmunf" : "91,19" }, 
{ "and" : "P", "tpabr" : "UF", "cdabr" : "TO", "dt" : "02/10/2022", "ht" : "20:43:12", "s" : "3957", "st" : "3932", "snt" : "25", "si" : "3932", "sni" : "0", "sa" : "3932", "sna" : "0", "pst" : "99,37", "psnt" : "0,63", "psi" : "99,37", "psni" : "0,00", "psa" : "100,00", "psna" : "0,00", "e" : "1094346", "ea" : "1086828", "ena" : "0", "esi" : "1086828", "esni" : "0", "c" : "885406", "a" : "201422", "pea" : "100,00", "pena" : "0,00", "pesi" : "99,31", "pesni" : "0,00", "pa" : "18,53", "pc" : "81,47", "munnr" : "0", "munpt" : "8", "munf" : "131", "pmunnr" : "00,00", "pmunpt" : "5,76", "pmunf" : "94,24" }, 
{ "and" : "P", "tpabr" : "UF", "cdabr" : "AL", "dt" : "02/10/2022", "ht" : "20:48:38", "s" : "6626", "st" : "4413", "snt" : "2213", "si" : "4413", "sni" : "0", "sa" : "4413", "sna" : "0", "pst" : "66,60", "psnt" : "33,40", "psi" : "66,60", "psni" : "0,00", "psa" : "100,00", "psna" : "0,00", "e" : "2326491", "ea" : "1498096", "ena" : "0", "esi" : "1498096", "esni" : "0", "c" : "1169059", "a" : "329037", "pea" : "100,00", "pena" : "0,00", "pesi" : "64,39", "pesni" : "0,00", "pa" : "21,96", "pc" : "78,04", "munnr" : "26", "munpt" : "43", "munf" : "33", "pmunnr" : "25,49", "pmunpt" : "42,16", "pmunf" : "32,35" }, 
{ "and" : "P", "tpabr" : "UF", "cdabr" : "BA", "dt" : "02/10/2022", "ht" : "20:48:24", "s" : "34424", "st" : "29487", "snt" : "4937", "si" : "29487", "sni" : "0", "sa" : "29487", "sna" : "0", "pst" : "85,66", "psnt" : "14,34", "psi" : "85,66", "psni" : "0,00", "psa" : "100,00", "psna" : "0,00", "e" : "11283405", "ea" : "9635411", "ena" : "0", "esi" : "9635411", "esni" : "0", "c" : "7595499", "a" : "2039912", "pea" : "100,00", "pena" : "0,00", "pesi" : "85,39", "pesni" : "0,00", "pa" : "21,17", "pc" : "78,83", "munnr" : "19", "munpt" : "245", "munf" : "153", "pmunnr" : "4,56", "pmunpt" : "58,75", "pmunf" : "36,69" }, 
{ "and" : "P", "tpabr" : "UF", "cdabr" : "PB", "dt" : "02/10/2022", "ht" : "20:46:56", "s" : "9602", "st" : "9444", "snt" : "158", "si" : "9444", "sni" : "0", "sa" : "9444", "sna" : "0", "pst" : "98,35", "psnt" : "1,65", "psi" : "98,35", "psni" : "0,00", "psa" : "100,00", "psna" : "0,00", "e" : "3092053", "ea" : "3039536", "ena" : "0", "esi" : "3039536", "esni" : "0", "c" : "2514925", "a" : "524611", "pea" : "100,00", "pena" : "0,00", "pesi" : "98,30", "pesni" : "0,00", "pa" : "17,26", "pc" : "82,74", "munnr" : "1", "munpt" : "26", "munf" : "196", "pmunnr" : "0,45", "pmunpt" : "11,66", "pmunf" : "87,89" }, 
{ "and" : "P", "tpabr" : "UF", "cdabr" : "AP", "dt" : "02/10/2022", "ht" : "20:49:35", "s" : "1740", "st" : "1718", "snt" : "22", "si" : "1718", "sni" : "0", "sa" : "1718", "sna" : "0", "pst" : "98,74", "psnt" : "1,26", "psi" : "98,74", "psni" : "0,00", "psa" : "100,00", "psna" : "0,00", "e" : "550165", "ea" : "542432", "ena" : "0", "esi" : "542432", "esni" : "0", "c" : "436440", "a" : "105992", "pea" : "100,00", "pena" : "0,00", "pesi" : "98,59", "pesni" : "0,00", "pa" : "19,54", "pc" : "80,46", "munnr" : "0", "munpt" : "7", "munf" : "9", "pmunnr" : "00,00", "pmunpt" : "43,75", "pmunf" : "56,25" }, 
{ "and" : "P", "tpabr" : "UF", "cdabr" : "RJ", "dt" : "02/10/2022", "ht" : "20:49:40", "s" : "34068", "st" : "31720", "snt" : "2348", "si" : "31720", "sni" : "0", "sa" : "31720", "sna" : "0", "pst" : "93,11", "psnt" : "6,89", "psi" : "93,11", "psni" : "0,00", "psa" : "100,00", "psna" : "0,00", "e" : "12826356", "ea" : "11895661", "ena" : "0", "esi" : "11895661", "esni" : "0", "c" : "9194339", "a" : "2701322", "pea" : "100,00", "pena" : "0,00", "pesi" : "92,74", "pesni" : "0,00", "pa" : "22,71", "pc" : "77,29", "munnr" : "3", "munpt" : "45", "munf" : "44", "pmunnr" : "3,26", "pmunpt" : "48,91", "pmunf" : "47,83" }, 
{ "and" : "P", "tpabr" : "UF", "cdabr" : "RR", "dt" : "02/10/2022", "ht" : "20:46:57", "s" : "1268", "st" : "1263", "snt" : "5", "si" : "1263", "sni" : "0", "sa" : "1263", "sna" : "0", "pst" : "99,61", "psnt" : "0,39", "psi" : "99,61", "psni" : "0,00", "psa" : "100,00", "psna" : "0,00", "e" : "366632", "ea" : "365146", "ena" : "0", "esi" : "365146", "esni" : "0", "c" : "304149", "a" : "60997", "pea" : "100,00", "pena" : "0,00", "pesi" : "99,59", "pesni" : "0,00", "pa" : "16,70", "pc" : "83,30", "munnr" : "0", "munpt" : "3", "munf" : "12", "pmunnr" : "00,00", "pmunpt" : "20,00", "pmunf" : "80,00" }, 
{ "and" : "P", "tpabr" : "UF", "cdabr" : "ZZ", "dt" : "02/10/2022", "ht" : "20:45:26", "s" : "1064", "st" : "819", "snt" : "245", "si" : "773", "sni" : "46", "sa" : "773", "sna" : "0", "pst" : "76,97", "psnt" : "23,03", "psi" : "72,65", "psni" : "27,35", "psa" : "100,00", "psna" : "0,00", "e" : "695355", "ea" : "539271", "ena" : "0", "esi" : "539271", "esni" : "573", "c" : "238738", "a" : "300533", "pea" : "100,00", "pena" : "0,00", "pesi" : "77,55", "pesni" : "99,92", "pa" : "55,73", "pc" : "44,27", "munnr" : "40", "munpt" : "24", "munf" : "117", "pmunnr" : "22,10", "pmunpt" : "13,26", "pmunf" : "64,64" }, 
{ "and" : "P", "tpabr" : "UF", "cdabr" : "SP", "dt" : "02/10/2022", "ht" : "20:49:41", "s" : "101073", "st" : "98203", "snt" : "2870", "si" : "98203", "sni" : "0", "sa" : "98203", "sna" : "0", "pst" : "97,16", "psnt" : "2,84", "psi" : "97,16", "psni" : "0,00", "psa" : "100,00", "psna" : "0,00", "e" : "34684927", "ea" : "33655550", "ena" : "0", "esi" : "33655550", "esni" : "0", "c" : "26377940", "a" : "7277610", "pea" : "100,00", "pena" : "0,00", "pesi" : "97,03", "pesni" : "0,00", "pa" : "21,62", "pc" : "78,38", "munnr" : "14", "munpt" : "54", "munf" : "577", "pmunnr" : "2,17", "pmunpt" : "8,37", "pmunf" : "89,46" }, 
{ "and" : "P", "tpabr" : "BR", "cdabr" : "BR", "dt" : "02/10/2022", "ht" : "20:49:41", "s" : "472075", "st" : "441664", "snt" : "30411", "si" : "441618", "sni" : "46", "sa" : "441618", "sna" : "0", "pst" : "93,55", "psnt" : "6,45", "psi" : "93,54", "psni" : "6,46", "psa" : "100,00", "psna" : "0,00", "e" : "156454011", "ea" : "146123641", "ena" : "0", "esi" : "146123641", "esni" : "573", "c" : "115669061", "a" : "30454580", "pea" : "100,00", "pena" : "0,00", "pesi" : "93,39", "pesni" : "100,00", "pa" : "20,85", "pc" : "79,15", "ufsnr" : "0", "ufspt" : "26", "ufsf" : "2", "pufsnr" : "00,00", "pufspt" : "92,86", "pufsf" : "7,14" } ] }