
{ "ele" : "544", "t" : "1", "f" : "O", "dg" : "02/10/2022", "hg" : "19:12:36", "abr" : [ 
{ "and" : "P", "tpabr" : "UF", "cdabr" : "AM", "dt" : "02/10/2022", "ht" : "19:11:55", "s" : "7454", "st" : "3542", "snt" : "3912", "si" : "3542", "sni" : "0", "sa" : "3542", "sna" : "0", "pst" : "47,52", "psnt" : "52,48", "psi" : "47,52", "psni" : "0,00", "psa" : "100,00", "psna" : "0,00", "e" : "2646924", "ea" : "1237268", "ena" : "0", "esi" : "1237268", "esni" : "0", "c" : "1019904", "a" : "217364", "pea" : "100,00", "pena" : "0,00", "pesi" : "46,74", "pesni" : "0,00", "pa" : "17,57", "pc" : "82,43", "munnr" : "5", "munpt" : "57", "munf" : "0", "pmunnr" : "8,06", "pmunpt" : "91,94", "pmunf" : "00,00" }, 
{ "and" : "P", "tpabr" : "UF", "cdabr" : "PE", "dt" : "02/10/2022", "ht" : "19:11:45", "s" : "20572", "st" : "3251", "snt" : "17321", "si" : "3251", "sni" : "0", "sa" : "3251", "sna" : "0", "pst" : "15,80", "psnt" : "84,20", "psi" : "15,80", "psni" : "0,00", "psa" : "100,00", "psna" : "0,00", "e" : "7015421", "ea" : "993182", "ena" : "0", "esi" : "993182", "esni" : "0", "c" : "808543", "a" : "184639", "pea" : "100,00", "pena" : "0,00", "pesi" : "14,16", "pesni" : "0,00", "pa" : "18,59", "pc" : "81,41", "munnr" : "86", "munpt" : "99", "munf" : "0", "pmunnr" : "46,49", "pmunpt" : "53,51", "pmunf" : "00,00" }, 
{ "and" : "P", "tpabr" : "UF", "cdabr" : "RN", "dt" : "02/10/2022", "ht" : "19:12:01", "s" : "7674", "st" : "2754", "snt" : "4920", "si" : "2754", "sni" : "0", "sa" : "2754", "sna" : "0", "pst" : "35,89", "psnt" : "64,11", "psi" : "35,89", "psni" : "0,00", "psa" : "100,00", "psna" : "0,00", "e" : "2554716", "ea" : "838176", "ena" : "0", "esi" : "838176", "esni" : "0", "c" : "688965", "a" : "149211", "pea" : "100,00", "pena" : "0,00", "pesi" : "32,81", "pesni" : "0,00", "pa" : "17,80", "pc" : "82,20", "munnr" : "29", "munpt" : "118", "munf" : "20", "pmunnr" : "17,37", "pmunpt" : "70,66", "pmunf" : "11,98" }, 
{ "and" : "P", "tpabr" : "UF", "cdabr" : "MG", "dt" : "02/10/2022", "ht" : "19:11:49", "s" : "49981", "st" : "12873", "snt" : "37108", "si" : "12873", "sni" : "0", "sa" : "12873", "sna" : "0", "pst" : "25,76", "psnt" : "74,24", "psi" : "25,76", "psni" : "0,00", "psa" : "100,00", "psna" : "0,00", "e" : "16283828", "ea" : "3966368", "ena" : "0", "esi" : "3966368", "esni" : "0", "c" : "3068158", "a" : "898210", "pea" : "100,00", "pena" : "0,00", "pesi" : "24,36", "pesni" : "0,00", "pa" : "22,65", "pc" : "77,35", "munnr" : "494", "munpt" : "321", "munf" : "38", "pmunnr" : "57,91", "pmunpt" : "37,63", "pmunf" : "4,45" }, 
{ "and" : "P", "tpabr" : "UF", "cdabr" : "RO", "dt" : "02/10/2022", "ht" : "19:12:20", "s" : "4198", "st" : "2169", "snt" : "2029", "si" : "2169", "sni" : "0", "sa" : "2169", "sna" : "0", "pst" : "51,67", "psnt" : "48,33", "psi" : "51,67", "psni" : "0,00", "psa" : "100,00", "psna" : "0,00", "e" : "1229998", "ea" : "623941", "ena" : "0", "esi" : "623941", "esni" : "0", "c" : "480041", "a" : "143900", "pea" : "100,00", "pena" : "0,00", "pesi" : "50,73", "pesni" : "0,00", "pa" : "23,06", "pc" : "76,94", "munnr" : "20", "munpt" : "29", "munf" : "3", "pmunnr" : "38,46", "pmunpt" : "55,77", "pmunf" : "5,77" }, 
{ "and" : "P", "tpabr" : "UF", "cdabr" : "CE", "dt" : "02/10/2022", "ht" : "19:11:43", "s" : "22796", "st" : "4690", "snt" : "18106", "si" : "4690", "sni" : "0", "sa" : "4690", "sna" : "0", "pst" : "20,57", "psnt" : "79,43", "psi" : "20,57", "psni" : "0,00", "psa" : "100,00", "psna" : "0,00", "e" : "6818732", "ea" : "1371707", "ena" : "0", "esi" : "1371707", "esni" : "0", "c" : "1114375", "a" : "257332", "pea" : "100,00", "pena" : "0,00", "pesi" : "20,12", "pesni" : "0,00", "pa" : "18,76", "pc" : "81,24", "munnr" : "64", "munpt" : "120", "munf" : "0", "pmunnr" : "34,78", "pmunpt" : "65,22", "pmunf" : "00,00" }, 
{ "and" : "P", "tpabr" : "UF", "cdabr" : "GO", "dt" : "02/10/2022", "ht" : "19:12:01", "s" : "14620", "st" : "7473", "snt" : "7147", "si" : "7473", "sni" : "0", "sa" : "7473", "sna" : "0", "pst" : "51,11", "psnt" : "48,89", "psi" : "51,11", "psni" : "0,00", "psa" : "100,00", "psna" : "0,00", "e" : "4870292", "ea" : "2451443", "ena" : "0", "esi" : "2451443", "esni" : "0", "c" : "1926765", "a" : "524678", "pea" : "100,00", "pena" : "0,00", "pesi" : "50,33", "pesni" : "0,00", "pa" : "21,40", "pc" : "78,60", "munnr" : "127", "munpt" : "104", "munf" : "15", "pmunnr" : "51,63", "pmunpt" : "42,28", "pmunf" : "6,10" }, 
{ "and" : "P", "tpabr" : "UF", "cdabr" : "MS", "dt" : "02/10/2022", "ht" : "19:10:42", "s" : "6912", "st" : "5828", "snt" : "1084", "si" : "5828", "sni" : "0", "sa" : "5828", "sna" : "0", "pst" : "84,32", "psnt" : "15,68", "psi" : "84,32", "psni" : "0,00", "psa" : "100,00", "psna" : "0,00", "e" : "1995932", "ea" : "1668083", "ena" : "0", "esi" : "1668083", "esni" : "0", "c" : "1305260", "a" : "362823", "pea" : "100,00", "pena" : "0,00", "pesi" : "83,57", "pesni" : "0,00", "pa" : "21,75", "pc" : "78,25", "munnr" : "4", "munpt" : "52", "munf" : "23", "pmunnr" : "5,06", "pmunpt" : "65,82", "pmunf" : "29,11" }, 
{ "and" : "P", "tpabr" : "UF", "cdabr" : "MT", "dt" : "02/10/2022", "ht" : "19:12:21", "s" : "7652", "st" : "4081", "snt" : "3571", "si" : "4081", "sni" : "0", "sa" : "4081", "sna" : "0", "pst" : "53,33", "psnt" : "46,67", "psi" : "53,33", "psni" : "0,00", "psa" : "100,00", "psna" : "0,00", "e" : "2469604", "ea" : "1268923", "ena" : "0", "esi" : "1268923", "esni" : "0", "c" : "986864", "a" : "282059", "pea" : "100,00", "pena" : "0,00", "pesi" : "51,38", "pesni" : "0,00", "pa" : "22,23", "pc" : "77,77", "munnr" : "26", "munpt" : "93", "munf" : "22", "pmunnr" : "18,44", "pmunpt" : "65,96", "pmunf" : "15,60" }, 
{ "and" : "P", "tpabr" : "UF", "cdabr" : "SE", "dt" : "02/10/2022", "ht" : "19:12:20", "s" : "5498", "st" : "2391", "snt" : "3107", "si" : "2391", "sni" : "0", "sa" : "2391", "sna" : "0", "pst" : "43,49", "psnt" : "56,51", "psi" : "43,49", "psni" : "0,00", "psa" : "100,00", "psna" : "0,00", "e" : "1671376", "ea" : "699124", "ena" : "0", "esi" : "699124", "esni" : "0", "c" : "575447", "a" : "123677", "pea" : "100,00", "pena" : "0,00", "pesi" : "41,83", "pesni" : "0,00", "pa" : "17,69", "pc" : "82,31", "munnr" : "18", "munpt" : "56", "munf" : "1", "pmunnr" : "24,00", "pmunpt" : "74,67", "pmunf" : "1,33" }, 
{ "and" : "P", "tpabr" : "UF", "cdabr" : "DF", "dt" : "02/10/2022", "ht" : "19:11:54", "s" : "6748", "st" : "6237", "snt" : "511", "si" : "6237", "sni" : "0", "sa" : "6237", "sna" : "0", "pst" : "92,43", "psnt" : "7,57", "psi" : "92,43", "psni" : "0,00", "psa" : "100,00", "psna" : "0,00", "e" : "2206996", "ea" : "2024885", "ena" : "0", "esi" : "2024885", "esni" : "0", "c" : "1672097", "a" : "352788", "pea" : "100,00", "pena" : "0,00", "pesi" : "91,75", "pesni" : "0,00", "pa" : "17,42", "pc" : "82,58", "munnr" : "0", "munpt" : "1", "munf" : "0", "pmunnr" : "00,00", "pmunpt" : "100,00", "pmunf" : "00,00" }, 
{ "and" : "P", "tpabr" : "UF", "cdabr" : "ES", "dt" : "02/10/2022", "ht" : "19:10:40", "s" : "9239", "st" : "8065", "snt" : "1174", "si" : "8065", "sni" : "0", "sa" : "8065", "sna" : "0", "pst" : "87,29", "psnt" : "12,71", "psi" : "87,29", "psni" : "0,00", "psa" : "100,00", "psna" : "0,00", "e" : "2922379", "ea" : "2525955", "ena" : "0", "esi" : "2525955", "esni" : "0", "c" : "2006181", "a" : "519774", "pea" : "100,00", "pena" : "0,00", "pesi" : "86,43", "pesni" : "0,00", "pa" : "20,58", "pc" : "79,42", "munnr" : "0", "munpt" : "42", "munf" : "36", "pmunnr" : "00,00", "pmunpt" : "53,85", "pmunf" : "46,15" }, 
{ "and" : "P", "tpabr" : "UF", "cdabr" : "MA", "dt" : "02/10/2022", "ht" : "19:11:33", "s" : "16423", "st" : "2083", "snt" : "14340", "si" : "2083", "sni" : "0", "sa" : "2083", "sna" : "0", "pst" : "12,68", "psnt" : "87,32", "psi" : "12,68", "psni" : "0,00", "psa" : "100,00", "psna" : "0,00", "e" : "5039287", "ea" : "598207", "ena" : "0", "esi" : "598207", "esni" : "0", "c" : "471249", "a" : "126958", "pea" : "100,00", "pena" : "0,00", "pesi" : "11,87", "pesni" : "0,00", "pa" : "21,22", "pc" : "78,78", "munnr" : "116", "munpt" : "101", "munf" : "0", "pmunnr" : "53,46", "pmunpt" : "46,54", "pmunf" : "00,00" }, 
{ "and" : "P", "tpabr" : "UF", "cdabr" : "PA", "dt" : "02/10/2022", "ht" : "19:10:48", "s" : "18235", "st" : "6613", "snt" : "11622", "si" : "6613", "sni" : "0", "sa" : "6613", "sna" : "0", "pst" : "36,27", "psnt" : "63,73", "psi" : "36,27", "psni" : "0,00", "psa" : "100,00", "psna" : "0,00", "e" : "6079280", "ea" : "2111068", "ena" : "0", "esi" : "2111068", "esni" : "0", "c" : "1678260", "a" : "432808", "pea" : "100,00", "pena" : "0,00", "pesi" : "34,73", "pesni" : "0,00", "pa" : "20,50", "pc" : "79,50", "munnr" : "5", "munpt" : "139", "munf" : "0", "pmunnr" : "3,47", "pmunpt" : "96,53", "pmunf" : "00,00" }, 
{ "and" : "P", "tpabr" : "UF", "cdabr" : "PI", "dt" : "02/10/2022", "ht" : "19:12:15", "s" : "8963", "st" : "3529", "snt" : "5434", "si" : "3529", "sni" : "0", "sa" : "3529", "sna" : "0", "pst" : "39,37", "psnt" : "60,63", "psi" : "39,37", "psni" : "0,00", "psa" : "100,00", "psna" : "0,00", "e" : "2570433", "ea" : "980252", "ena" : "0", "esi" : "980252", "esni" : "0", "c" : "805442", "a" : "174810", "pea" : "100,00", "pena" : "0,00", "pesi" : "38,14", "pesni" : "0,00", "pa" : "17,83", "pc" : "82,17", "munnr" : "53", "munpt" : "171", "munf" : "0", "pmunnr" : "23,66", "pmunpt" : "76,34", "pmunf" : "00,00" }, 
{ "and" : "P", "tpabr" : "UF", "cdabr" : "RS", "dt" : "02/10/2022", "ht" : "19:12:15", "s" : "27201", "st" : "14533", "snt" : "12668", "si" : "14533", "sni" : "0", "sa" : "14533", "sna" : "0", "pst" : "53,43", "psnt" : "46,57", "psi" : "53,43", "psni" : "0,00", "psa" : "100,00", "psna" : "0,00", "e" : "8589432", "ea" : "4564820", "ena" : "0", "esi" : "4564820", "esni" : "0", "c" : "3656707", "a" : "908113", "pea" : "100,00", "pena" : "0,00", "pesi" : "53,14", "pesni" : "0,00", "pa" : "19,89", "pc" : "80,11", "munnr" : "224", "munpt" : "217", "munf" : "56", "pmunnr" : "45,07", "pmunpt" : "43,66", "pmunf" : "11,27" }, 
{ "and" : "P", "tpabr" : "UF", "cdabr" : "AC", "dt" : "02/10/2022", "ht" : "19:11:29", "s" : "2124", "st" : "1426", "snt" : "698", "si" : "1426", "sni" : "0", "sa" : "1426", "sna" : "0", "pst" : "67,14", "psnt" : "32,86", "psi" : "67,14", "psni" : "0,00", "psa" : "100,00", "psna" : "0,00", "e" : "587738", "ea" : "397326", "ena" : "0", "esi" : "397326", "esni" : "0", "c" : "306977", "a" : "90349", "pea" : "100,00", "pena" : "0,00", "pesi" : "67,60", "pesni" : "0,00", "pa" : "22,74", "pc" : "77,26", "munnr" : "0", "munpt" : "22", "munf" : "0", "pmunnr" : "00,00", "pmunpt" : "100,00", "pmunf" : "00,00" }, 
{ "and" : "P", "tpabr" : "UF", "cdabr" : "PR", "dt" : "02/10/2022", "ht" : "19:12:06", "s" : "25721", "st" : "15707", "snt" : "10014", "si" : "15707", "sni" : "0", "sa" : "15707", "sna" : "0", "pst" : "61,07", "psnt" : "38,93", "psi" : "61,07", "psni" : "0,00", "psa" : "100,00", "psna" : "0,00", "e" : "8480435", "ea" : "5109403", "ena" : "0", "esi" : "5109403", "esni" : "0", "c" : "4120123", "a" : "989280", "pea" : "100,00", "pena" : "0,00", "pesi" : "60,25", "pesni" : "0,00", "pa" : "19,36", "pc" : "80,64", "munnr" : "112", "munpt" : "222", "munf" : "65", "pmunnr" : "28,07", "pmunpt" : "55,64", "pmunf" : "16,29" }, 
{ "and" : "P", "tpabr" : "UF", "cdabr" : "SC", "dt" : "02/10/2022", "ht" : "19:11:00", "s" : "16242", "st" : "3289", "snt" : "12953", "si" : "3289", "sni" : "0", "sa" : "3289", "sna" : "0", "pst" : "20,25", "psnt" : "79,75", "psi" : "20,25", "psni" : "0,00", "psa" : "100,00", "psna" : "0,00", "e" : "5501478", "ea" : "1062599", "ena" : "0", "esi" : "1062599", "esni" : "0", "c" : "876131", "a" : "186468", "pea" : "100,00", "pena" : "0,00", "pesi" : "19,31", "pesni" : "0,00", "pa" : "17,55", "pc" : "82,45", "munnr" : "148", "munpt" : "135", "munf" : "12", "pmunnr" : "50,17", "pmunpt" : "45,76", "pmunf" : "4,07" }, 
{ "and" : "P", "tpabr" : "UF", "cdabr" : "TO", "dt" : "02/10/2022", "ht" : "19:10:44", "s" : "3957", "st" : "2955", "snt" : "1002", "si" : "2955", "sni" : "0", "sa" : "2955", "sna" : "0", "pst" : "74,68", "psnt" : "25,32", "psi" : "74,68", "psni" : "0,00", "psa" : "100,00", "psna" : "0,00", "e" : "1094346", "ea" : "797742", "ena" : "0", "esi" : "797742", "esni" : "0", "c" : "649693", "a" : "148049", "pea" : "100,00", "pena" : "0,00", "pesi" : "72,90", "pesni" : "0,00", "pa" : "18,56", "pc" : "81,44", "munnr" : "15", "munpt" : "83", "munf" : "41", "pmunnr" : "10,79", "pmunpt" : "59,71", "pmunf" : "29,50" }, 
{ "and" : "P", "tpabr" : "UF", "cdabr" : "AL", "dt" : "02/10/2022", "ht" : "19:11:29", "s" : "6626", "st" : "384", "snt" : "6242", "si" : "384", "sni" : "0", "sa" : "384", "sna" : "0", "pst" : "5,80", "psnt" : "94,20", "psi" : "5,80", "psni" : "0,00", "psa" : "100,00", "psna" : "0,00", "e" : "2326491", "ea" : "118748", "ena" : "0", "esi" : "118748", "esni" : "0", "c" : "92512", "a" : "26236", "pea" : "100,00", "pena" : "0,00", "pesi" : "5,10", "pesni" : "0,00", "pa" : "22,09", "pc" : "77,91", "munnr" : "78", "munpt" : "24", "munf" : "0", "pmunnr" : "76,47", "pmunpt" : "23,53", "pmunf" : "00,00" }, 
{ "and" : "P", "tpabr" : "UF", "cdabr" : "BA", "dt" : "02/10/2022", "ht" : "19:11:34", "s" : "34424", "st" : "6533", "snt" : "27891", "si" : "6533", "sni" : "0", "sa" : "6533", "sna" : "0", "pst" : "18,98", "psnt" : "81,02", "psi" : "18,98", "psni" : "0,00", "psa" : "100,00", "psna" : "0,00", "e" : "11283405", "ea" : "1985250", "ena" : "0", "esi" : "1985250", "esni" : "0", "c" : "1562837", "a" : "422413", "pea" : "100,00", "pena" : "0,00", "pesi" : "17,59", "pesni" : "0,00", "pa" : "21,28", "pc" : "78,72", "munnr" : "146", "munpt" : "266", "munf" : "5", "pmunnr" : "35,01", "pmunpt" : "63,79", "pmunf" : "1,20" }, 
{ "and" : "P", "tpabr" : "UF", "cdabr" : "PB", "dt" : "02/10/2022", "ht" : "19:11:59", "s" : "9602", "st" : "3512", "snt" : "6090", "si" : "3512", "sni" : "0", "sa" : "3512", "sna" : "0", "pst" : "36,58", "psnt" : "63,42", "psi" : "36,58", "psni" : "0,00", "psa" : "100,00", "psna" : "0,00", "e" : "3092053", "ea" : "1103056", "ena" : "0", "esi" : "1103056", "esni" : "0", "c" : "920994", "a" : "182062", "pea" : "100,00", "pena" : "0,00", "pesi" : "35,67", "pesni" : "0,00", "pa" : "16,51", "pc" : "83,49", "munnr" : "92", "munpt" : "123", "munf" : "8", "pmunnr" : "41,26", "pmunpt" : "55,16", "pmunf" : "3,59" }, 
{ "and" : "P", "tpabr" : "UF", "cdabr" : "AP", "dt" : "02/10/2022", "ht" : "19:11:30", "s" : "1740", "st" : "725", "snt" : "1015", "si" : "725", "sni" : "0", "sa" : "725", "sna" : "0", "pst" : "41,67", "psnt" : "58,33", "psi" : "41,67", "psni" : "0,00", "psa" : "100,00", "psna" : "0,00", "e" : "550165", "ea" : "208060", "ena" : "0", "esi" : "208060", "esni" : "0", "c" : "166441", "a" : "41619", "pea" : "100,00", "pena" : "0,00", "pesi" : "37,82", "pesni" : "0,00", "pa" : "20,00", "pc" : "80,00", "munnr" : "1", "munpt" : "15", "munf" : "0", "pmunnr" : "6,25", "pmunpt" : "93,75", "pmunf" : "00,00" }, 
{ "and" : "P", "tpabr" : "UF", "cdabr" : "RJ", "dt" : "02/10/2022", "ht" : "19:11:32", "s" : "34068", "st" : "4595", "snt" : "29473", "si" : "4595", "sni" : "0", "sa" : "4595", "sna" : "0", "pst" : "13,49", "psnt" : "86,51", "psi" : "13,49", "psni" : "0,00", "psa" : "100,00", "psna" : "0,00", "e" : "12826356", "ea" : "1506188", "ena" : "0", "esi" : "1506188", "esni" : "0", "c" : "1162288", "a" : "343900", "pea" : "100,00", "pena" : "0,00", "pesi" : "11,74", "pesni" : "0,00", "pa" : "22,83", "pc" : "77,17", "munnr" : "20", "munpt" : "72", "munf" : "0", "pmunnr" : "21,74", "pmunpt" : "78,26", "pmunf" : "00,00" }, 
{ "and" : "P", "tpabr" : "UF", "cdabr" : "RR", "dt" : "02/10/2022", "ht" : "19:11:53", "s" : "1268", "st" : "577", "snt" : "691", "si" : "577", "sni" : "0", "sa" : "577", "sna" : "0", "pst" : "45,50", "psnt" : "54,50", "psi" : "45,50", "psni" : "0,00", "psa" : "100,00", "psna" : "0,00", "e" : "366632", "ea" : "158477", "ena" : "0", "esi" : "158477", "esni" : "0", "c" : "132469", "a" : "26008", "pea" : "100,00", "pena" : "0,00", "pesi" : "43,23", "pesni" : "0,00", "pa" : "16,41", "pc" : "83,59", "munnr" : "0", "munpt" : "15", "munf" : "0", "pmunnr" : "00,00", "pmunpt" : "100,00", "pmunf" : "00,00" }, 
{ "and" : "P", "tpabr" : "UF", "cdabr" : "ZZ", "dt" : "02/10/2022", "ht" : "19:09:54", "s" : "1064", "st" : "493", "snt" : "571", "si" : "493", "sni" : "0", "sa" : "493", "sna" : "0", "pst" : "46,33", "psnt" : "53,67", "psi" : "46,33", "psni" : "0,00", "psa" : "100,00", "psna" : "0,00", "e" : "695355", "ea" : "342325", "ena" : "0", "esi" : "342325", "esni" : "0", "c" : "152795", "a" : "189530", "pea" : "100,00", "pena" : "0,00", "pesi" : "49,23", "pesni" : "0,00", "pa" : "55,37", "pc" : "44,63", "munnr" : "112", "munpt" : "14", "munf" : "55", "pmunnr" : "61,88", "pmunpt" : "7,73", "pmunf" : "30,39" }, 
{ "and" : "P", "tpabr" : "UF", "cdabr" : "SP", "dt" : "02/10/2022", "ht" : "19:11:43", "s" : "101073", "st" : "28179", "snt" : "72894", "si" : "28179", "sni" : "0", "sa" : "28179", "sna" : "0", "pst" : "27,88", "psnt" : "72,12", "psi" : "27,88", "psni" : "0,00", "psa" : "100,00", "psna" : "0,00", "e" : "34684927", "ea" : "9175314", "ena" : "0", "esi" : "9175314", "esni" : "0", "c" : "7158213", "a" : "2017101", "pea" : "100,00", "pena" : "0,00", "pesi" : "26,45", "pesni" : "0,00", "pa" : "21,98", "pc" : "78,02", "munnr" : "315", "munpt" : "227", "munf" : "103", "pmunnr" : "48,84", "pmunpt" : "35,19", "pmunf" : "15,97" }, 
{ "and" : "P", "tpabr" : "BR", "cdabr" : "BR", "dt" : "02/10/2022", "ht" : "19:12:21", "s" : "472075", "st" : "158487", "snt" : "313588", "si" : "158487", "sni" : "0", "sa" : "158487", "sna" : "0", "pst" : "33,57", "psnt" : "66,43", "psi" : "33,57", "psni" : "0,00", "psa" : "100,00", "psna" : "0,00", "e" : "156454011", "ea" : "49887890", "ena" : "0", "esi" : "49887890", "esni" : "0", "c" : "39565731", "a" : "10322159", "pea" : "100,00", "pena" : "0,00", "pesi" : "31,88", "pesni" : "0,00", "pa" : "20,70", "pc" : "79,30", "ufsnr" : "0", "ufspt" : "28", "ufsf" : "0", "pufsnr" : "00,00", "pufspt" : "100,00", "pufsf" : "00,00" } ] }