
{ "ele" : "544", "t" : "1", "f" : "O", "dg" : "02/10/2022", "hg" : "21:32:12", "abr" : [ 
{ "and" : "P", "tpabr" : "UF", "cdabr" : "AM", "dt" : "02/10/2022", "ht" : "21:31:28", "s" : "7454", "st" : "7251", "snt" : "203", "si" : "7250", "sni" : "1", "sa" : "7250", "sna" : "0", "pst" : "97,28", "psnt" : "2,72", "psi" : "97,26", "psni" : "2,74", "psa" : "100,00", "psna" : "0,00", "e" : "2646924", "ea" : "2569878", "ena" : "0", "esi" : "2569878", "esni" : "84", "c" : "2054861", "a" : "515017", "pea" : "100,00", "pena" : "0,00", "pesi" : "97,09", "pesni" : "100,00", "pa" : "20,04", "pc" : "79,96", "munnr" : "0", "munpt" : "33", "munf" : "29", "pmunnr" : "00,00", "pmunpt" : "53,23", "pmunf" : "46,77" }, 
{ "and" : "P", "tpabr" : "UF", "cdabr" : "PE", "dt" : "02/10/2022", "ht" : "21:31:36", "s" : "20572", "st" : "19863", "snt" : "709", "si" : "19863", "sni" : "0", "sa" : "19863", "sna" : "0", "pst" : "96,55", "psnt" : "3,45", "psi" : "96,55", "psni" : "0,00", "psa" : "100,00", "psna" : "0,00", "e" : "7015421", "ea" : "6769367", "ena" : "0", "esi" : "6769367", "esni" : "0", "c" : "5545560", "a" : "1223807", "pea" : "100,00", "pena" : "0,00", "pesi" : "96,49", "pesni" : "0,00", "pa" : "18,08", "pc" : "81,92", "munnr" : "3", "munpt" : "44", "munf" : "138", "pmunnr" : "1,62", "pmunpt" : "23,78", "pmunf" : "74,59" }, 
{ "and" : "P", "tpabr" : "UF", "cdabr" : "RN", "dt" : "02/10/2022", "ht" : "21:31:36", "s" : "7674", "st" : "7630", "snt" : "44", "si" : "7630", "sni" : "0", "sa" : "7630", "sna" : "0", "pst" : "99,43", "psnt" : "0,57", "psi" : "99,43", "psni" : "0,00", "psa" : "100,00", "psna" : "0,00", "e" : "2554716", "ea" : "2539351", "ena" : "0", "esi" : "2539351", "esni" : "0", "c" : "2078288", "a" : "461063", "pea" : "100,00", "pena" : "0,00", "pesi" : "99,40", "pesni" : "0,00", "pa" : "18,16", "pc" : "81,84", "munnr" : "0", "munpt" : "14", "munf" : "153", "pmunnr" : "00,00", "pmunpt" : "8,38", "pmunf" : "91,62" }, 
{ "and" : "P", "tpabr" : "UF", "cdabr" : "MG", "dt" : "02/10/2022", "ht" : "21:31:29", "s" : "49981", "st" : "48664", "snt" : "1317", "si" : "48664", "sni" : "0", "sa" : "48664", "sna" : "0", "pst" : "97,36", "psnt" : "2,64", "psi" : "97,36", "psni" : "0,00", "psa" : "100,00", "psna" : "0,00", "e" : "16283828", "ea" : "15865022", "ena" : "0", "esi" : "15865022", "esni" : "0", "c" : "12341425", "a" : "3523597", "pea" : "100,00", "pena" : "0,00", "pesi" : "97,43", "pesni" : "0,00", "pa" : "22,21", "pc" : "77,79", "munnr" : "31", "munpt" : "62", "munf" : "760", "pmunnr" : "3,63", "pmunpt" : "7,27", "pmunf" : "89,10" }, 
{ "and" : "P", "tpabr" : "UF", "cdabr" : "RO", "dt" : "02/10/2022", "ht" : "21:27:01", "s" : "4198", "st" : "4161", "snt" : "37", "si" : "4161", "sni" : "0", "sa" : "4161", "sna" : "0", "pst" : "99,12", "psnt" : "0,88", "psi" : "99,12", "psni" : "0,00", "psa" : "100,00", "psna" : "0,00", "e" : "1229998", "ea" : "1217399", "ena" : "0", "esi" : "1217399", "esni" : "0", "c" : "917654", "a" : "299745", "pea" : "100,00", "pena" : "0,00", "pesi" : "98,98", "pesni" : "0,00", "pa" : "24,62", "pc" : "75,38", "munnr" : "0", "munpt" : "6", "munf" : "46", "pmunnr" : "00,00", "pmunpt" : "11,54", "pmunf" : "88,46" }, 
{ "and" : "P", "tpabr" : "UF", "cdabr" : "CE", "dt" : "02/10/2022", "ht" : "21:31:35", "s" : "22796", "st" : "21709", "snt" : "1087", "si" : "21709", "sni" : "0", "sa" : "21709", "sna" : "0", "pst" : "95,23", "psnt" : "4,77", "psi" : "95,23", "psni" : "0,00", "psa" : "100,00", "psna" : "0,00", "e" : "6818732", "ea" : "6503366", "ena" : "0", "esi" : "6503366", "esni" : "0", "c" : "5369764", "a" : "1133602", "pea" : "100,00", "pena" : "0,00", "pesi" : "95,38", "pesni" : "0,00", "pa" : "17,43", "pc" : "82,57", "munnr" : "4", "munpt" : "65", "munf" : "115", "pmunnr" : "2,17", "pmunpt" : "35,33", "pmunf" : "62,50" }, 
{ "and" : "P", "tpabr" : "UF", "cdabr" : "GO", "dt" : "02/10/2022", "ht" : "21:29:13", "s" : "14620", "st" : "14588", "snt" : "32", "si" : "14588", "sni" : "0", "sa" : "14588", "sna" : "0", "pst" : "99,78", "psnt" : "0,22", "psi" : "99,78", "psni" : "0,00", "psa" : "100,00", "psna" : "0,00", "e" : "4870292", "ea" : "4860893", "ena" : "0", "esi" : "4860893", "esni" : "0", "c" : "3805296", "a" : "1055597", "pea" : "100,00", "pena" : "0,00", "pesi" : "99,81", "pesni" : "0,00", "pa" : "21,72", "pc" : "78,28", "munnr" : "1", "munpt" : "9", "munf" : "236", "pmunnr" : "0,41", "pmunpt" : "3,66", "pmunf" : "95,93" }, 
{ "and" : "P", "tpabr" : "UF", "cdabr" : "MS", "dt" : "02/10/2022", "ht" : "20:54:51", "s" : "6912", "st" : "6910", "snt" : "2", "si" : "6910", "sni" : "0", "sa" : "6910", "sna" : "0", "pst" : "99,97", "psnt" : "0,03", "psi" : "99,97", "psni" : "0,00", "psa" : "100,00", "psna" : "0,00", "e" : "1995932", "ea" : "1995509", "ena" : "0", "esi" : "1995509", "esni" : "0", "c" : "1554759", "a" : "440750", "pea" : "100,00", "pena" : "0,00", "pesi" : "99,98", "pesni" : "0,00", "pa" : "22,09", "pc" : "77,91", "munnr" : "0", "munpt" : "1", "munf" : "78", "pmunnr" : "00,00", "pmunpt" : "1,27", "pmunf" : "98,73" }, 
{ "and" : "P", "tpabr" : "UF", "cdabr" : "MT", "dt" : "02/10/2022", "ht" : "21:31:29", "s" : "7652", "st" : "7637", "snt" : "15", "si" : "7637", "sni" : "0", "sa" : "7637", "sna" : "0", "pst" : "99,80", "psnt" : "0,20", "psi" : "99,80", "psni" : "0,00", "psa" : "100,00", "psna" : "0,00", "e" : "2469604", "ea" : "2464460", "ena" : "0", "esi" : "2464460", "esni" : "0", "c" : "1888481", "a" : "575979", "pea" : "100,00", "pena" : "0,00", "pesi" : "99,79", "pesni" : "0,00", "pa" : "23,37", "pc" : "76,63", "munnr" : "0", "munpt" : "9", "munf" : "132", "pmunnr" : "00,00", "pmunpt" : "6,38", "pmunf" : "93,62" }, 
{ "and" : "P", "tpabr" : "UF", "cdabr" : "SE", "dt" : "02/10/2022", "ht" : "21:23:38", "s" : "5498", "st" : "5480", "snt" : "18", "si" : "5480", "sni" : "0", "sa" : "5480", "sna" : "0", "pst" : "99,67", "psnt" : "0,33", "psi" : "99,67", "psni" : "0,00", "psa" : "100,00", "psna" : "0,00", "e" : "1671376", "ea" : "1664995", "ena" : "0", "esi" : "1664995", "esni" : "0", "c" : "1359521", "a" : "305474", "pea" : "100,00", "pena" : "0,00", "pesi" : "99,62", "pesni" : "0,00", "pa" : "18,35", "pc" : "81,65", "munnr" : "0", "munpt" : "6", "munf" : "69", "pmunnr" : "00,00", "pmunpt" : "8,00", "pmunf" : "92,00" }, 
{ "and" : "F", "tpabr" : "UF", "cdabr" : "DF", "dt" : "02/10/2022", "ht" : "20:36:59", "s" : "6748", "st" : "6748", "snt" : "0", "si" : "6748", "sni" : "0", "sa" : "6748", "sna" : "0", "pst" : "100,00", "psnt" : "0,00", "psi" : "100,00", "psni" : "0,00", "psa" : "100,00", "psna" : "0,00", "e" : "2206996", "ea" : "2206996", "ena" : "0", "esi" : "2206996", "esni" : "0", "c" : "1819900", "a" : "387096", "pea" : "100,00", "pena" : "0,00", "pesi" : "100,00", "pesni" : "0,00", "pa" : "17,54", "pc" : "82,46", "munnr" : "0", "munpt" : "0", "munf" : "1", "pmunnr" : "00,00", "pmunpt" : "00,00", "pmunf" : "100,00" }, 
{ "and" : "F", "tpabr" : "UF", "cdabr" : "ES", "dt" : "02/10/2022", "ht" : "20:41:59", "s" : "9239", "st" : "9239", "snt" : "0", "si" : "9239", "sni" : "0", "sa" : "9239", "sna" : "0", "pst" : "100,00", "psnt" : "0,00", "psi" : "100,00", "psni" : "0,00", "psa" : "100,00", "psna" : "0,00", "e" : "2922379", "ea" : "2922379", "ena" : "0", "esi" : "2922379", "esni" : "0", "c" : "2315889", "a" : "606490", "pea" : "100,00", "pena" : "0,00", "pesi" : "100,00", "pesni" : "0,00", "pa" : "20,75", "pc" : "79,25", "munnr" : "0", "munpt" : "0", "munf" : "78", "pmunnr" : "00,00", "pmunpt" : "00,00", "pmunf" : "100,00" }, 
{ "and" : "P", "tpabr" : "UF", "cdabr" : "MA", "dt" : "02/10/2022", "ht" : "21:31:36", "s" : "16423", "st" : "13412", "snt" : "3011", "si" : "13412", "sni" : "0", "sa" : "13412", "sna" : "0", "pst" : "81,67", "psnt" : "18,33", "psi" : "81,67", "psni" : "0,00", "psa" : "100,00", "psna" : "0,00", "e" : "5039287", "ea" : "4122007", "ena" : "0", "esi" : "4122007", "esni" : "0", "c" : "3221457", "a" : "900550", "pea" : "100,00", "pena" : "0,00", "pesi" : "81,80", "pesni" : "0,00", "pa" : "21,85", "pc" : "78,15", "munnr" : "20", "munpt" : "128", "munf" : "69", "pmunnr" : "9,22", "pmunpt" : "58,99", "pmunf" : "31,80" }, 
{ "and" : "P", "tpabr" : "UF", "cdabr" : "PA", "dt" : "02/10/2022", "ht" : "21:31:30", "s" : "18235", "st" : "17609", "snt" : "626", "si" : "17609", "sni" : "0", "sa" : "17609", "sna" : "0", "pst" : "96,57", "psnt" : "3,43", "psi" : "96,57", "psni" : "0,00", "psa" : "100,00", "psna" : "0,00", "e" : "6079280", "ea" : "5867818", "ena" : "0", "esi" : "5867818", "esni" : "0", "c" : "4620271", "a" : "1247547", "pea" : "100,00", "pena" : "0,00", "pesi" : "96,52", "pesni" : "0,00", "pa" : "21,26", "pc" : "78,74", "munnr" : "0", "munpt" : "72", "munf" : "72", "pmunnr" : "00,00", "pmunpt" : "50,00", "pmunf" : "50,00" }, 
{ "and" : "P", "tpabr" : "UF", "cdabr" : "PI", "dt" : "02/10/2022", "ht" : "21:31:36", "s" : "8963", "st" : "8517", "snt" : "446", "si" : "8517", "sni" : "0", "sa" : "8517", "sna" : "0", "pst" : "95,02", "psnt" : "4,98", "psi" : "95,02", "psni" : "0,00", "psa" : "100,00", "psna" : "0,00", "e" : "2570433", "ea" : "2436097", "ena" : "0", "esi" : "2436097", "esni" : "0", "c" : "2004392", "a" : "431705", "pea" : "100,00", "pena" : "0,00", "pesi" : "94,77", "pesni" : "0,00", "pa" : "17,72", "pc" : "82,28", "munnr" : "5", "munpt" : "81", "munf" : "138", "pmunnr" : "2,23", "pmunpt" : "36,16", "pmunf" : "61,61" }, 
{ "and" : "P", "tpabr" : "UF", "cdabr" : "RS", "dt" : "02/10/2022", "ht" : "21:27:01", "s" : "27201", "st" : "26985", "snt" : "216", "si" : "26985", "sni" : "0", "sa" : "26985", "sna" : "0", "pst" : "99,21", "psnt" : "0,79", "psi" : "99,21", "psni" : "0,00", "psa" : "100,00", "psna" : "0,00", "e" : "8589432", "ea" : "8510912", "ena" : "0", "esi" : "8510912", "esni" : "0", "c" : "6828017", "a" : "1682895", "pea" : "100,00", "pena" : "0,00", "pesi" : "99,09", "pesni" : "0,00", "pa" : "19,77", "pc" : "80,23", "munnr" : "1", "munpt" : "10", "munf" : "486", "pmunnr" : "0,20", "pmunpt" : "2,01", "pmunf" : "97,79" }, 
{ "and" : "P", "tpabr" : "UF", "cdabr" : "AC", "dt" : "02/10/2022", "ht" : "21:24:43", "s" : "2124", "st" : "2093", "snt" : "31", "si" : "2093", "sni" : "0", "sa" : "2093", "sna" : "0", "pst" : "98,54", "psnt" : "1,46", "psi" : "98,54", "psni" : "0,00", "psa" : "100,00", "psna" : "0,00", "e" : "587738", "ea" : "579269", "ena" : "0", "esi" : "579269", "esni" : "0", "c" : "449800", "a" : "129469", "pea" : "100,00", "pena" : "0,00", "pesi" : "98,56", "pesni" : "0,00", "pa" : "22,35", "pc" : "77,65", "munnr" : "0", "munpt" : "3", "munf" : "19", "pmunnr" : "00,00", "pmunpt" : "13,64", "pmunf" : "86,36" }, 
{ "and" : "P", "tpabr" : "UF", "cdabr" : "PR", "dt" : "02/10/2022", "ht" : "21:29:14", "s" : "25721", "st" : "25671", "snt" : "50", "si" : "25671", "sni" : "0", "sa" : "25671", "sna" : "0", "pst" : "99,81", "psnt" : "0,19", "psi" : "99,81", "psni" : "0,00", "psa" : "100,00", "psna" : "0,00", "e" : "8480435", "ea" : "8463911", "ena" : "0", "esi" : "8463911", "esni" : "0", "c" : "6816124", "a" : "1647787", "pea" : "100,00", "pena" : "0,00", "pesi" : "99,81", "pesni" : "0,00", "pa" : "19,47", "pc" : "80,53", "munnr" : "1", "munpt" : "11", "munf" : "387", "pmunnr" : "0,25", "pmunpt" : "2,76", "pmunf" : "96,99" }, 
{ "and" : "P", "tpabr" : "UF", "cdabr" : "SC", "dt" : "02/10/2022", "ht" : "21:25:53", "s" : "16242", "st" : "16231", "snt" : "11", "si" : "16231", "sni" : "0", "sa" : "16231", "sna" : "0", "pst" : "99,93", "psnt" : "0,07", "psi" : "99,93", "psni" : "0,00", "psa" : "100,00", "psna" : "0,00", "e" : "5501478", "ea" : "5497600", "ena" : "0", "esi" : "5497600", "esni" : "0", "c" : "4484407", "a" : "1013193", "pea" : "100,00", "pena" : "0,00", "pesi" : "99,93", "pesni" : "0,00", "pa" : "18,43", "pc" : "81,57", "munnr" : "0", "munpt" : "7", "munf" : "288", "pmunnr" : "00,00", "pmunpt" : "2,37", "pmunf" : "97,63" }, 
{ "and" : "P", "tpabr" : "UF", "cdabr" : "TO", "dt" : "02/10/2022", "ht" : "21:15:53", "s" : "3957", "st" : "3953", "snt" : "4", "si" : "3953", "sni" : "0", "sa" : "3953", "sna" : "0", "pst" : "99,90", "psnt" : "0,10", "psi" : "99,90", "psni" : "0,00", "psa" : "100,00", "psna" : "0,00", "e" : "1094346", "ea" : "1093138", "ena" : "0", "esi" : "1093138", "esni" : "0", "c" : "890512", "a" : "202626", "pea" : "100,00", "pena" : "0,00", "pesi" : "99,89", "pesni" : "0,00", "pa" : "18,54", "pc" : "81,46", "munnr" : "0", "munpt" : "3", "munf" : "136", "pmunnr" : "00,00", "pmunpt" : "2,16", "pmunf" : "97,84" }, 
{ "and" : "P", "tpabr" : "UF", "cdabr" : "AL", "dt" : "02/10/2022", "ht" : "21:31:30", "s" : "6626", "st" : "5946", "snt" : "680", "si" : "5946", "sni" : "0", "sa" : "5946", "sna" : "0", "pst" : "89,74", "psnt" : "10,26", "psi" : "89,74", "psni" : "0,00", "psa" : "100,00", "psna" : "0,00", "e" : "2326491", "ea" : "2073759", "ena" : "0", "esi" : "2073759", "esni" : "0", "c" : "1613001", "a" : "460758", "pea" : "100,00", "pena" : "0,00", "pesi" : "89,14", "pesni" : "0,00", "pa" : "22,22", "pc" : "77,78", "munnr" : "7", "munpt" : "28", "munf" : "67", "pmunnr" : "6,86", "pmunpt" : "27,45", "pmunf" : "65,69" }, 
{ "and" : "P", "tpabr" : "UF", "cdabr" : "BA", "dt" : "02/10/2022", "ht" : "21:31:35", "s" : "34424", "st" : "32025", "snt" : "2399", "si" : "32025", "sni" : "0", "sa" : "32025", "sna" : "0", "pst" : "93,03", "psnt" : "6,97", "psi" : "93,03", "psni" : "0,00", "psa" : "100,00", "psna" : "0,00", "e" : "11283405", "ea" : "10488861", "ena" : "0", "esi" : "10488861", "esni" : "0", "c" : "8259466", "a" : "2229395", "pea" : "100,00", "pena" : "0,00", "pesi" : "92,96", "pesni" : "0,00", "pa" : "21,25", "pc" : "78,75", "munnr" : "14", "munpt" : "171", "munf" : "232", "pmunnr" : "3,36", "pmunpt" : "41,01", "pmunf" : "55,64" }, 
{ "and" : "P", "tpabr" : "UF", "cdabr" : "PB", "dt" : "02/10/2022", "ht" : "21:31:30", "s" : "9602", "st" : "9582", "snt" : "20", "si" : "9582", "sni" : "0", "sa" : "9582", "sna" : "0", "pst" : "99,79", "psnt" : "0,21", "psi" : "99,79", "psni" : "0,00", "psa" : "100,00", "psna" : "0,00", "e" : "3092053", "ea" : "3085398", "ena" : "0", "esi" : "3085398", "esni" : "0", "c" : "2551930", "a" : "533468", "pea" : "100,00", "pena" : "0,00", "pesi" : "99,78", "pesni" : "0,00", "pa" : "17,29", "pc" : "82,71", "munnr" : "0", "munpt" : "3", "munf" : "220", "pmunnr" : "00,00", "pmunpt" : "1,35", "pmunf" : "98,65" }, 
{ "and" : "P", "tpabr" : "UF", "cdabr" : "AP", "dt" : "02/10/2022", "ht" : "21:31:28", "s" : "1740", "st" : "1734", "snt" : "6", "si" : "1734", "sni" : "0", "sa" : "1734", "sna" : "0", "pst" : "99,66", "psnt" : "0,34", "psi" : "99,66", "psni" : "0,00", "psa" : "100,00", "psna" : "0,00", "e" : "550165", "ea" : "547727", "ena" : "0", "esi" : "547727", "esni" : "0", "c" : "440814", "a" : "106913", "pea" : "100,00", "pena" : "0,00", "pesi" : "99,56", "pesni" : "0,00", "pa" : "19,52", "pc" : "80,48", "munnr" : "0", "munpt" : "4", "munf" : "12", "pmunnr" : "00,00", "pmunpt" : "25,00", "pmunf" : "75,00" }, 
{ "and" : "P", "tpabr" : "UF", "cdabr" : "RJ", "dt" : "02/10/2022", "ht" : "21:31:30", "s" : "34068", "st" : "33479", "snt" : "589", "si" : "33479", "sni" : "0", "sa" : "33479", "sna" : "0", "pst" : "98,27", "psnt" : "1,73", "psi" : "98,27", "psni" : "0,00", "psa" : "100,00", "psna" : "0,00", "e" : "12826356", "ea" : "12597780", "ena" : "0", "esi" : "12597780", "esni" : "0", "c" : "9734092", "a" : "2863688", "pea" : "100,00", "pena" : "0,00", "pesi" : "98,22", "pesni" : "0,00", "pa" : "22,73", "pc" : "77,27", "munnr" : "1", "munpt" : "29", "munf" : "62", "pmunnr" : "1,09", "pmunpt" : "31,52", "pmunf" : "67,39" }, 
{ "and" : "F", "tpabr" : "UF", "cdabr" : "RR", "dt" : "02/10/2022", "ht" : "21:07:58", "s" : "1268", "st" : "1268", "snt" : "0", "si" : "1268", "sni" : "0", "sa" : "1268", "sna" : "0", "pst" : "100,00", "psnt" : "0,00", "psi" : "100,00", "psni" : "0,00", "psa" : "100,00", "psna" : "0,00", "e" : "366632", "ea" : "366632", "ena" : "0", "esi" : "366632", "esni" : "0", "c" : "305404", "a" : "61228", "pea" : "100,00", "pena" : "0,00", "pesi" : "100,00", "pesni" : "0,00", "pa" : "16,70", "pc" : "83,30", "munnr" : "0", "munpt" : "0", "munf" : "15", "pmunnr" : "00,00", "pmunpt" : "00,00", "pmunf" : "100,00" }, 
{ "and" : "P", "tpabr" : "UF", "cdabr" : "ZZ", "dt" : "02/10/2022", "ht" : "21:31:31", "s" : "1064", "st" : "937", "snt" : "127", "si" : "891", "sni" : "46", "sa" : "891", "sna" : "0", "pst" : "88,06", "psnt" : "11,94", "psi" : "83,74", "psni" : "16,26", "psa" : "100,00", "psna" : "0,00", "e" : "695355", "ea" : "614977", "ena" : "0", "esi" : "614977", "esni" : "573", "c" : "272535", "a" : "342442", "pea" : "100,00", "pena" : "0,00", "pesi" : "88,44", "pesni" : "99,92", "pa" : "55,68", "pc" : "44,32", "munnr" : "20", "munpt" : "26", "munf" : "135", "pmunnr" : "11,05", "pmunpt" : "14,36", "pmunf" : "74,59" }, 
{ "and" : "P", "tpabr" : "UF", "cdabr" : "SP", "dt" : "02/10/2022", "ht" : "21:31:32", "s" : "101073", "st" : "100426", "snt" : "647", "si" : "100426", "sni" : "0", "sa" : "100426", "sna" : "0", "pst" : "99,36", "psnt" : "0,64", "psi" : "99,36", "psni" : "0,00", "psa" : "100,00", "psna" : "0,00", "e" : "34684927", "ea" : "34455623", "ena" : "0", "esi" : "34455623", "esni" : "0", "c" : "27009825", "a" : "7445798", "pea" : "100,00", "pena" : "0,00", "pesi" : "99,34", "pesni" : "0,00", "pa" : "21,61", "pc" : "78,39", "munnr" : "5", "munpt" : "24", "munf" : "616", "pmunnr" : "0,78", "pmunpt" : "3,72", "pmunf" : "95,50" }, 
{ "and" : "P", "tpabr" : "BR", "cdabr" : "BR", "dt" : "02/10/2022", "ht" : "21:31:36", "s" : "472075", "st" : "459748", "snt" : "12327", "si" : "459701", "sni" : "47", "sa" : "459701", "sna" : "0", "pst" : "97,38", "psnt" : "2,62", "psi" : "97,37", "psni" : "2,63", "psa" : "100,00", "psna" : "0,00", "e" : "156454011", "ea" : "152381124", "ena" : "0", "esi" : "152381124", "esni" : "657", "c" : "120553445", "a" : "31827679", "pea" : "100,00", "pena" : "0,00", "pesi" : "97,39", "pesni" : "100,00", "pa" : "20,89", "pc" : "79,11", "ufsnr" : "0", "ufspt" : "25", "ufsf" : "3", "pufsnr" : "00,00", "pufspt" : "89,29", "pufsf" : "10,71" } ] }