
{ "ele" : "544", "t" : "1", "f" : "O", "dg" : "02/10/2022", "hg" : "20:29:33", "abr" : [ 
{ "and" : "P", "tpabr" : "UF", "cdabr" : "AM", "dt" : "02/10/2022", "ht" : "20:27:37", "s" : "7454", "st" : "6826", "snt" : "628", "si" : "6826", "sni" : "0", "sa" : "6826", "sna" : "0", "pst" : "91,57", "psnt" : "8,43", "psi" : "91,57", "psni" : "0,00", "psa" : "100,00", "psna" : "0,00", "e" : "2646924", "ea" : "2411131", "ena" : "0", "esi" : "2411131", "esni" : "0", "c" : "1934062", "a" : "477069", "pea" : "100,00", "pena" : "0,00", "pesi" : "91,09", "pesni" : "0,00", "pa" : "19,79", "pc" : "80,21", "munnr" : "0", "munpt" : "46", "munf" : "16", "pmunnr" : "00,00", "pmunpt" : "74,19", "pmunf" : "25,81" }, 
{ "and" : "P", "tpabr" : "UF", "cdabr" : "PE", "dt" : "02/10/2022", "ht" : "20:28:50", "s" : "20572", "st" : "17035", "snt" : "3537", "si" : "17035", "sni" : "0", "sa" : "17035", "sna" : "0", "pst" : "82,81", "psnt" : "17,19", "psi" : "82,81", "psni" : "0,00", "psa" : "100,00", "psna" : "0,00", "e" : "7015421", "ea" : "5774630", "ena" : "0", "esi" : "5774630", "esni" : "0", "c" : "4747879", "a" : "1026751", "pea" : "100,00", "pena" : "0,00", "pesi" : "82,31", "pesni" : "0,00", "pa" : "17,78", "pc" : "82,22", "munnr" : "22", "munpt" : "118", "munf" : "45", "pmunnr" : "11,89", "pmunpt" : "63,78", "pmunf" : "24,32" }, 
{ "and" : "P", "tpabr" : "UF", "cdabr" : "RN", "dt" : "02/10/2022", "ht" : "20:28:25", "s" : "7674", "st" : "7021", "snt" : "653", "si" : "7021", "sni" : "0", "sa" : "7021", "sna" : "0", "pst" : "91,49", "psnt" : "8,51", "psi" : "91,49", "psni" : "0,00", "psa" : "100,00", "psna" : "0,00", "e" : "2554716", "ea" : "2319249", "ena" : "0", "esi" : "2319249", "esni" : "0", "c" : "1899654", "a" : "419595", "pea" : "100,00", "pena" : "0,00", "pesi" : "90,78", "pesni" : "0,00", "pa" : "18,09", "pc" : "81,91", "munnr" : "1", "munpt" : "61", "munf" : "105", "pmunnr" : "0,60", "pmunpt" : "36,53", "pmunf" : "62,87" }, 
{ "and" : "P", "tpabr" : "UF", "cdabr" : "MG", "dt" : "02/10/2022", "ht" : "20:28:16", "s" : "49981", "st" : "43184", "snt" : "6797", "si" : "43184", "sni" : "0", "sa" : "43184", "sna" : "0", "pst" : "86,40", "psnt" : "13,60", "psi" : "86,40", "psni" : "0,00", "psa" : "100,00", "psna" : "0,00", "e" : "16283828", "ea" : "13951671", "ena" : "0", "esi" : "13951671", "esni" : "0", "c" : "10856489", "a" : "3095182", "pea" : "100,00", "pena" : "0,00", "pesi" : "85,68", "pesni" : "0,00", "pa" : "22,19", "pc" : "77,81", "munnr" : "122", "munpt" : "191", "munf" : "540", "pmunnr" : "14,30", "pmunpt" : "22,39", "pmunf" : "63,31" }, 
{ "and" : "P", "tpabr" : "UF", "cdabr" : "RO", "dt" : "02/10/2022", "ht" : "20:28:22", "s" : "4198", "st" : "4092", "snt" : "106", "si" : "4092", "sni" : "0", "sa" : "4092", "sna" : "0", "pst" : "97,47", "psnt" : "2,53", "psi" : "97,47", "psni" : "0,00", "psa" : "100,00", "psna" : "0,00", "e" : "1229998", "ea" : "1193053", "ena" : "0", "esi" : "1193053", "esni" : "0", "c" : "900130", "a" : "292923", "pea" : "100,00", "pena" : "0,00", "pesi" : "97,00", "pesni" : "0,00", "pa" : "24,55", "pc" : "75,45", "munnr" : "0", "munpt" : "20", "munf" : "32", "pmunnr" : "00,00", "pmunpt" : "38,46", "pmunf" : "61,54" }, 
{ "and" : "P", "tpabr" : "UF", "cdabr" : "CE", "dt" : "02/10/2022", "ht" : "20:28:29", "s" : "22796", "st" : "18781", "snt" : "4015", "si" : "18781", "sni" : "0", "sa" : "18781", "sna" : "0", "pst" : "82,39", "psnt" : "17,61", "psi" : "82,39", "psni" : "0,00", "psa" : "100,00", "psna" : "0,00", "e" : "6818732", "ea" : "5662718", "ena" : "0", "esi" : "5662718", "esni" : "0", "c" : "4673903", "a" : "988815", "pea" : "100,00", "pena" : "0,00", "pesi" : "83,05", "pesni" : "0,00", "pa" : "17,46", "pc" : "82,54", "munnr" : "16", "munpt" : "133", "munf" : "35", "pmunnr" : "8,70", "pmunpt" : "72,28", "pmunf" : "19,02" }, 
{ "and" : "P", "tpabr" : "UF", "cdabr" : "GO", "dt" : "02/10/2022", "ht" : "20:29:01", "s" : "14620", "st" : "14152", "snt" : "468", "si" : "14152", "sni" : "0", "sa" : "14152", "sna" : "0", "pst" : "96,80", "psnt" : "3,20", "psi" : "96,80", "psni" : "0,00", "psa" : "100,00", "psna" : "0,00", "e" : "4870292", "ea" : "4713046", "ena" : "0", "esi" : "4713046", "esni" : "0", "c" : "3691855", "a" : "1021191", "pea" : "100,00", "pena" : "0,00", "pesi" : "96,77", "pesni" : "0,00", "pa" : "21,67", "pc" : "78,33", "munnr" : "11", "munpt" : "44", "munf" : "191", "pmunnr" : "4,47", "pmunpt" : "17,89", "pmunf" : "77,64" }, 
{ "and" : "P", "tpabr" : "UF", "cdabr" : "MS", "dt" : "02/10/2022", "ht" : "20:29:01", "s" : "6912", "st" : "6895", "snt" : "17", "si" : "6895", "sni" : "0", "sa" : "6895", "sna" : "0", "pst" : "99,75", "psnt" : "0,25", "psi" : "99,75", "psni" : "0,00", "psa" : "100,00", "psna" : "0,00", "e" : "1995932", "ea" : "1990807", "ena" : "0", "esi" : "1990807", "esni" : "0", "c" : "1551331", "a" : "439476", "pea" : "100,00", "pena" : "0,00", "pesi" : "99,74", "pesni" : "0,00", "pa" : "22,08", "pc" : "77,92", "munnr" : "0", "munpt" : "7", "munf" : "72", "pmunnr" : "00,00", "pmunpt" : "8,86", "pmunf" : "91,14" }, 
{ "and" : "P", "tpabr" : "UF", "cdabr" : "MT", "dt" : "02/10/2022", "ht" : "20:27:39", "s" : "7652", "st" : "7380", "snt" : "272", "si" : "7380", "sni" : "0", "sa" : "7380", "sna" : "0", "pst" : "96,45", "psnt" : "3,55", "psi" : "96,45", "psni" : "0,00", "psa" : "100,00", "psna" : "0,00", "e" : "2469604", "ea" : "2377572", "ena" : "0", "esi" : "2377572", "esni" : "0", "c" : "1823930", "a" : "553642", "pea" : "100,00", "pena" : "0,00", "pesi" : "96,27", "pesni" : "0,00", "pa" : "23,29", "pc" : "76,71", "munnr" : "2", "munpt" : "30", "munf" : "109", "pmunnr" : "1,42", "pmunpt" : "21,28", "pmunf" : "77,30" }, 
{ "and" : "P", "tpabr" : "UF", "cdabr" : "SE", "dt" : "02/10/2022", "ht" : "20:28:30", "s" : "5498", "st" : "5331", "snt" : "167", "si" : "5331", "sni" : "0", "sa" : "5331", "sna" : "0", "pst" : "96,96", "psnt" : "3,04", "psi" : "96,96", "psni" : "0,00", "psa" : "100,00", "psna" : "0,00", "e" : "1671376", "ea" : "1613644", "ena" : "0", "esi" : "1613644", "esni" : "0", "c" : "1318075", "a" : "295569", "pea" : "100,00", "pena" : "0,00", "pesi" : "96,55", "pesni" : "0,00", "pa" : "18,32", "pc" : "81,68", "munnr" : "0", "munpt" : "24", "munf" : "51", "pmunnr" : "00,00", "pmunpt" : "32,00", "pmunf" : "68,00" }, 
{ "and" : "P", "tpabr" : "UF", "cdabr" : "DF", "dt" : "02/10/2022", "ht" : "20:29:00", "s" : "6748", "st" : "6746", "snt" : "2", "si" : "6746", "sni" : "0", "sa" : "6746", "sna" : "0", "pst" : "99,97", "psnt" : "0,03", "psi" : "99,97", "psni" : "0,00", "psa" : "100,00", "psna" : "0,00", "e" : "2206996", "ea" : "2206275", "ena" : "0", "esi" : "2206275", "esni" : "0", "c" : "1819335", "a" : "386940", "pea" : "100,00", "pena" : "0,00", "pesi" : "99,97", "pesni" : "0,00", "pa" : "17,54", "pc" : "82,46", "munnr" : "0", "munpt" : "1", "munf" : "0", "pmunnr" : "00,00", "pmunpt" : "100,00", "pmunf" : "00,00" }, 
{ "and" : "P", "tpabr" : "UF", "cdabr" : "ES", "dt" : "02/10/2022", "ht" : "20:29:00", "s" : "9239", "st" : "9221", "snt" : "18", "si" : "9221", "sni" : "0", "sa" : "9221", "sna" : "0", "pst" : "99,81", "psnt" : "0,19", "psi" : "99,81", "psni" : "0,00", "psa" : "100,00", "psna" : "0,00", "e" : "2922379", "ea" : "2916507", "ena" : "0", "esi" : "2916507", "esni" : "0", "c" : "2311490", "a" : "605017", "pea" : "100,00", "pena" : "0,00", "pesi" : "99,80", "pesni" : "0,00", "pa" : "20,74", "pc" : "79,26", "munnr" : "0", "munpt" : "3", "munf" : "75", "pmunnr" : "00,00", "pmunpt" : "3,85", "pmunf" : "96,15" }, 
{ "and" : "P", "tpabr" : "UF", "cdabr" : "MA", "dt" : "02/10/2022", "ht" : "20:28:43", "s" : "16423", "st" : "10193", "snt" : "6230", "si" : "10193", "sni" : "0", "sa" : "10193", "sna" : "0", "pst" : "62,07", "psnt" : "37,93", "psi" : "62,07", "psni" : "0,00", "psa" : "100,00", "psna" : "0,00", "e" : "5039287", "ea" : "3139699", "ena" : "0", "esi" : "3139699", "esni" : "0", "c" : "2472382", "a" : "667317", "pea" : "100,00", "pena" : "0,00", "pesi" : "62,30", "pesni" : "0,00", "pa" : "21,25", "pc" : "78,75", "munnr" : "45", "munpt" : "154", "munf" : "18", "pmunnr" : "20,74", "pmunpt" : "70,97", "pmunf" : "8,29" }, 
{ "and" : "P", "tpabr" : "UF", "cdabr" : "PA", "dt" : "02/10/2022", "ht" : "20:28:48", "s" : "18235", "st" : "15941", "snt" : "2294", "si" : "15941", "sni" : "0", "sa" : "15941", "sna" : "0", "pst" : "87,42", "psnt" : "12,58", "psi" : "87,42", "psni" : "0,00", "psa" : "100,00", "psna" : "0,00", "e" : "6079280", "ea" : "5306567", "ena" : "0", "esi" : "5306567", "esni" : "0", "c" : "4179363", "a" : "1127204", "pea" : "100,00", "pena" : "0,00", "pesi" : "87,29", "pesni" : "0,00", "pa" : "21,24", "pc" : "78,76", "munnr" : "0", "munpt" : "125", "munf" : "19", "pmunnr" : "00,00", "pmunpt" : "86,81", "pmunf" : "13,19" }, 
{ "and" : "P", "tpabr" : "UF", "cdabr" : "PI", "dt" : "02/10/2022", "ht" : "20:28:24", "s" : "8963", "st" : "7588", "snt" : "1375", "si" : "7588", "sni" : "0", "sa" : "7588", "sna" : "0", "pst" : "84,66", "psnt" : "15,34", "psi" : "84,66", "psni" : "0,00", "psa" : "100,00", "psna" : "0,00", "e" : "2570433", "ea" : "2158974", "ena" : "0", "esi" : "2158974", "esni" : "0", "c" : "1777260", "a" : "381714", "pea" : "100,00", "pena" : "0,00", "pesi" : "83,99", "pesni" : "0,00", "pa" : "17,68", "pc" : "82,32", "munnr" : "12", "munpt" : "153", "munf" : "59", "pmunnr" : "5,36", "pmunpt" : "68,30", "pmunf" : "26,34" }, 
{ "and" : "P", "tpabr" : "UF", "cdabr" : "RS", "dt" : "02/10/2022", "ht" : "20:29:06", "s" : "27201", "st" : "26592", "snt" : "609", "si" : "26592", "sni" : "0", "sa" : "26592", "sna" : "0", "pst" : "97,76", "psnt" : "2,24", "psi" : "97,76", "psni" : "0,00", "psa" : "100,00", "psna" : "0,00", "e" : "8589432", "ea" : "8390628", "ena" : "0", "esi" : "8390628", "esni" : "0", "c" : "6730896", "a" : "1659732", "pea" : "100,00", "pena" : "0,00", "pesi" : "97,69", "pesni" : "0,00", "pa" : "19,78", "pc" : "80,22", "munnr" : "10", "munpt" : "39", "munf" : "448", "pmunnr" : "2,01", "pmunpt" : "7,85", "pmunf" : "90,14" }, 
{ "and" : "P", "tpabr" : "UF", "cdabr" : "AC", "dt" : "02/10/2022", "ht" : "20:28:59", "s" : "2124", "st" : "2057", "snt" : "67", "si" : "2057", "sni" : "0", "sa" : "2057", "sna" : "0", "pst" : "96,85", "psnt" : "3,15", "psi" : "96,85", "psni" : "0,00", "psa" : "100,00", "psna" : "0,00", "e" : "587738", "ea" : "569164", "ena" : "0", "esi" : "569164", "esni" : "0", "c" : "441999", "a" : "127165", "pea" : "100,00", "pena" : "0,00", "pesi" : "96,84", "pesni" : "0,00", "pa" : "22,34", "pc" : "77,66", "munnr" : "0", "munpt" : "12", "munf" : "10", "pmunnr" : "00,00", "pmunpt" : "54,55", "pmunf" : "45,45" }, 
{ "and" : "P", "tpabr" : "UF", "cdabr" : "PR", "dt" : "02/10/2022", "ht" : "20:29:05", "s" : "25721", "st" : "25414", "snt" : "307", "si" : "25414", "sni" : "0", "sa" : "25414", "sna" : "0", "pst" : "98,81", "psnt" : "1,19", "psi" : "98,81", "psni" : "0,00", "psa" : "100,00", "psna" : "0,00", "e" : "8480435", "ea" : "8377112", "ena" : "0", "esi" : "8377112", "esni" : "0", "c" : "6747361", "a" : "1629751", "pea" : "100,00", "pena" : "0,00", "pesi" : "98,78", "pesni" : "0,00", "pa" : "19,45", "pc" : "80,55", "munnr" : "2", "munpt" : "55", "munf" : "342", "pmunnr" : "0,50", "pmunpt" : "13,78", "pmunf" : "85,71" }, 
{ "and" : "P", "tpabr" : "UF", "cdabr" : "SC", "dt" : "02/10/2022", "ht" : "20:28:33", "s" : "16242", "st" : "15576", "snt" : "666", "si" : "15576", "sni" : "0", "sa" : "15576", "sna" : "0", "pst" : "95,90", "psnt" : "4,10", "psi" : "95,90", "psni" : "0,00", "psa" : "100,00", "psna" : "0,00", "e" : "5501478", "ea" : "5268828", "ena" : "0", "esi" : "5268828", "esni" : "0", "c" : "4298578", "a" : "970250", "pea" : "100,00", "pena" : "0,00", "pesi" : "95,77", "pesni" : "0,00", "pa" : "18,41", "pc" : "81,59", "munnr" : "7", "munpt" : "56", "munf" : "232", "pmunnr" : "2,37", "pmunpt" : "18,98", "pmunf" : "78,64" }, 
{ "and" : "P", "tpabr" : "UF", "cdabr" : "TO", "dt" : "02/10/2022", "ht" : "20:29:09", "s" : "3957", "st" : "3912", "snt" : "45", "si" : "3912", "sni" : "0", "sa" : "3912", "sna" : "0", "pst" : "98,86", "psnt" : "1,14", "psi" : "98,86", "psni" : "0,00", "psa" : "100,00", "psna" : "0,00", "e" : "1094346", "ea" : "1081039", "ena" : "0", "esi" : "1081039", "esni" : "0", "c" : "880764", "a" : "200275", "pea" : "100,00", "pena" : "0,00", "pesi" : "98,78", "pesni" : "0,00", "pa" : "18,53", "pc" : "81,47", "munnr" : "0", "munpt" : "13", "munf" : "126", "pmunnr" : "00,00", "pmunpt" : "9,35", "pmunf" : "90,65" }, 
{ "and" : "P", "tpabr" : "UF", "cdabr" : "AL", "dt" : "02/10/2022", "ht" : "20:27:37", "s" : "6626", "st" : "3521", "snt" : "3105", "si" : "3521", "sni" : "0", "sa" : "3521", "sna" : "0", "pst" : "53,14", "psnt" : "46,86", "psi" : "53,14", "psni" : "0,00", "psa" : "100,00", "psna" : "0,00", "e" : "2326491", "ea" : "1173595", "ena" : "0", "esi" : "1173595", "esni" : "0", "c" : "916201", "a" : "257394", "pea" : "100,00", "pena" : "0,00", "pesi" : "50,44", "pesni" : "0,00", "pa" : "21,93", "pc" : "78,07", "munnr" : "36", "munpt" : "49", "munf" : "17", "pmunnr" : "35,29", "pmunpt" : "48,04", "pmunf" : "16,67" }, 
{ "and" : "P", "tpabr" : "UF", "cdabr" : "BA", "dt" : "02/10/2022", "ht" : "20:28:43", "s" : "34424", "st" : "26073", "snt" : "8351", "si" : "26073", "sni" : "0", "sa" : "26073", "sna" : "0", "pst" : "75,74", "psnt" : "24,26", "psi" : "75,74", "psni" : "0,00", "psa" : "100,00", "psna" : "0,00", "e" : "11283405", "ea" : "8444620", "ena" : "0", "esi" : "8444620", "esni" : "0", "c" : "6652657", "a" : "1791963", "pea" : "100,00", "pena" : "0,00", "pesi" : "74,84", "pesni" : "0,00", "pa" : "21,22", "pc" : "78,78", "munnr" : "28", "munpt" : "292", "munf" : "97", "pmunnr" : "6,71", "pmunpt" : "70,02", "pmunf" : "23,26" }, 
{ "and" : "P", "tpabr" : "UF", "cdabr" : "PB", "dt" : "02/10/2022", "ht" : "20:29:05", "s" : "9602", "st" : "9090", "snt" : "512", "si" : "9090", "sni" : "0", "sa" : "9090", "sna" : "0", "pst" : "94,67", "psnt" : "5,33", "psi" : "94,67", "psni" : "0,00", "psa" : "100,00", "psna" : "0,00", "e" : "3092053", "ea" : "2927226", "ena" : "0", "esi" : "2927226", "esni" : "0", "c" : "2424334", "a" : "502892", "pea" : "100,00", "pena" : "0,00", "pesi" : "94,67", "pesni" : "0,00", "pa" : "17,18", "pc" : "82,82", "munnr" : "12", "munpt" : "36", "munf" : "175", "pmunnr" : "5,38", "pmunpt" : "16,14", "pmunf" : "78,48" }, 
{ "and" : "P", "tpabr" : "UF", "cdabr" : "AP", "dt" : "02/10/2022", "ht" : "20:28:59", "s" : "1740", "st" : "1684", "snt" : "56", "si" : "1684", "sni" : "0", "sa" : "1684", "sna" : "0", "pst" : "96,78", "psnt" : "3,22", "psi" : "96,78", "psni" : "0,00", "psa" : "100,00", "psna" : "0,00", "e" : "550165", "ea" : "531672", "ena" : "0", "esi" : "531672", "esni" : "0", "c" : "427479", "a" : "104193", "pea" : "100,00", "pena" : "0,00", "pesi" : "96,64", "pesni" : "0,00", "pa" : "19,60", "pc" : "80,40", "munnr" : "1", "munpt" : "7", "munf" : "8", "pmunnr" : "6,25", "pmunpt" : "43,75", "pmunf" : "50,00" }, 
{ "and" : "P", "tpabr" : "UF", "cdabr" : "RJ", "dt" : "02/10/2022", "ht" : "20:28:05", "s" : "34068", "st" : "28699", "snt" : "5369", "si" : "28699", "sni" : "0", "sa" : "28699", "sna" : "0", "pst" : "84,24", "psnt" : "15,76", "psi" : "84,24", "psni" : "0,00", "psa" : "100,00", "psna" : "0,00", "e" : "12826356", "ea" : "10669509", "ena" : "0", "esi" : "10669509", "esni" : "0", "c" : "8243222", "a" : "2426287", "pea" : "100,00", "pena" : "0,00", "pesi" : "83,18", "pesni" : "0,00", "pa" : "22,74", "pc" : "77,26", "munnr" : "4", "munpt" : "59", "munf" : "29", "pmunnr" : "4,35", "pmunpt" : "64,13", "pmunf" : "31,52" }, 
{ "and" : "P", "tpabr" : "UF", "cdabr" : "RR", "dt" : "02/10/2022", "ht" : "20:27:41", "s" : "1268", "st" : "1261", "snt" : "7", "si" : "1261", "sni" : "0", "sa" : "1261", "sna" : "0", "pst" : "99,45", "psnt" : "0,55", "psi" : "99,45", "psni" : "0,00", "psa" : "100,00", "psna" : "0,00", "e" : "366632", "ea" : "364442", "ena" : "0", "esi" : "364442", "esni" : "0", "c" : "303545", "a" : "60897", "pea" : "100,00", "pena" : "0,00", "pesi" : "99,40", "pesni" : "0,00", "pa" : "16,71", "pc" : "83,29", "munnr" : "0", "munpt" : "5", "munf" : "10", "pmunnr" : "00,00", "pmunpt" : "33,33", "pmunf" : "66,67" }, 
{ "and" : "P", "tpabr" : "UF", "cdabr" : "ZZ", "dt" : "02/10/2022", "ht" : "20:29:04", "s" : "1064", "st" : "802", "snt" : "262", "si" : "765", "sni" : "37", "sa" : "765", "sna" : "0", "pst" : "75,38", "psnt" : "24,62", "psi" : "71,90", "psni" : "28,10", "psa" : "100,00", "psna" : "0,00", "e" : "695355", "ea" : "534644", "ena" : "0", "esi" : "534644", "esni" : "508", "c" : "236449", "a" : "298195", "pea" : "100,00", "pena" : "0,00", "pesi" : "76,89", "pesni" : "99,93", "pa" : "55,77", "pc" : "44,23", "munnr" : "52", "munpt" : "23", "munf" : "106", "pmunnr" : "28,73", "pmunpt" : "12,71", "pmunf" : "58,56" }, 
{ "and" : "P", "tpabr" : "UF", "cdabr" : "SP", "dt" : "02/10/2022", "ht" : "20:28:04", "s" : "101073", "st" : "94691", "snt" : "6382", "si" : "94691", "sni" : "0", "sa" : "94691", "sna" : "0", "pst" : "93,69", "psnt" : "6,31", "psi" : "93,69", "psni" : "0,00", "psa" : "100,00", "psna" : "0,00", "e" : "34684927", "ea" : "32402550", "ena" : "0", "esi" : "32402550", "esni" : "0", "c" : "25381585", "a" : "7020965", "pea" : "100,00", "pena" : "0,00", "pesi" : "93,42", "pesni" : "0,00", "pa" : "21,67", "pc" : "78,33", "munnr" : "19", "munpt" : "93", "munf" : "533", "pmunnr" : "2,95", "pmunpt" : "14,42", "pmunf" : "82,64" }, 
{ "and" : "P", "tpabr" : "BR", "cdabr" : "BR", "dt" : "02/10/2022", "ht" : "20:29:09", "s" : "472075", "st" : "419758", "snt" : "52317", "si" : "419721", "sni" : "37", "sa" : "419721", "sna" : "0", "pst" : "88,91", "psnt" : "11,09", "psi" : "88,90", "psni" : "11,10", "psa" : "100,00", "psna" : "0,00", "e" : "156454011", "ea" : "138470572", "ena" : "0", "esi" : "138470572", "esni" : "508", "c" : "109642208", "a" : "28828364", "pea" : "100,00", "pena" : "0,00", "pesi" : "88,50", "pesni" : "100,00", "pa" : "20,82", "pc" : "79,18", "ufsnr" : "0", "ufspt" : "28", "ufsf" : "0", "pufsnr" : "00,00", "pufspt" : "100,00", "pufsf" : "00,00" } ] }