
{ "ele" : "544", "t" : "1", "f" : "O", "dg" : "02/10/2022", "hg" : "18:50:36", "abr" : [ 
{ "and" : "P", "tpabr" : "UF", "cdabr" : "AM", "dt" : "02/10/2022", "ht" : "18:49:44", "s" : "7454", "st" : "2455", "snt" : "4999", "si" : "2455", "sni" : "0", "sa" : "2455", "sna" : "0", "pst" : "32,94", "psnt" : "67,06", "psi" : "32,94", "psni" : "0,00", "psa" : "100,00", "psna" : "0,00", "e" : "2646924", "ea" : "848973", "ena" : "0", "esi" : "848973", "esni" : "0", "c" : "697559", "a" : "151414", "pea" : "100,00", "pena" : "0,00", "pesi" : "32,07", "pesni" : "0,00", "pa" : "17,83", "pc" : "82,17", "munnr" : "7", "munpt" : "55", "munf" : "0", "pmunnr" : "11,29", "pmunpt" : "88,71", "pmunf" : "00,00" }, 
{ "and" : "P", "tpabr" : "UF", "cdabr" : "PE", "dt" : "02/10/2022", "ht" : "18:50:16", "s" : "20572", "st" : "1413", "snt" : "19159", "si" : "1413", "sni" : "0", "sa" : "1413", "sna" : "0", "pst" : "6,87", "psnt" : "93,13", "psi" : "6,87", "psni" : "0,00", "psa" : "100,00", "psna" : "0,00", "e" : "7015421", "ea" : "423653", "ena" : "0", "esi" : "423653", "esni" : "0", "c" : "344081", "a" : "79572", "pea" : "100,00", "pena" : "0,00", "pesi" : "6,04", "pesni" : "0,00", "pa" : "18,78", "pc" : "81,22", "munnr" : "108", "munpt" : "77", "munf" : "0", "pmunnr" : "58,38", "pmunpt" : "41,62", "pmunf" : "00,00" }, 
{ "and" : "P", "tpabr" : "UF", "cdabr" : "RN", "dt" : "02/10/2022", "ht" : "18:49:37", "s" : "7674", "st" : "1831", "snt" : "5843", "si" : "1831", "sni" : "0", "sa" : "1831", "sna" : "0", "pst" : "23,86", "psnt" : "76,14", "psi" : "23,86", "psni" : "0,00", "psa" : "100,00", "psna" : "0,00", "e" : "2554716", "ea" : "546458", "ena" : "0", "esi" : "546458", "esni" : "0", "c" : "449623", "a" : "96835", "pea" : "100,00", "pena" : "0,00", "pesi" : "21,39", "pesni" : "0,00", "pa" : "17,72", "pc" : "82,28", "munnr" : "49", "munpt" : "108", "munf" : "10", "pmunnr" : "29,34", "pmunpt" : "64,67", "pmunf" : "5,99" }, 
{ "and" : "P", "tpabr" : "UF", "cdabr" : "MG", "dt" : "02/10/2022", "ht" : "18:49:24", "s" : "49981", "st" : "5914", "snt" : "44067", "si" : "5914", "sni" : "0", "sa" : "5914", "sna" : "0", "pst" : "11,83", "psnt" : "88,17", "psi" : "11,83", "psni" : "0,00", "psa" : "100,00", "psna" : "0,00", "e" : "16283828", "ea" : "1800026", "ena" : "0", "esi" : "1800026", "esni" : "0", "c" : "1382977", "a" : "417049", "pea" : "100,00", "pena" : "0,00", "pesi" : "11,05", "pesni" : "0,00", "pa" : "23,17", "pc" : "76,83", "munnr" : "597", "munpt" : "246", "munf" : "10", "pmunnr" : "69,99", "pmunpt" : "28,84", "pmunf" : "1,17" }, 
{ "and" : "P", "tpabr" : "UF", "cdabr" : "RO", "dt" : "02/10/2022", "ht" : "18:50:04", "s" : "4198", "st" : "1708", "snt" : "2490", "si" : "1708", "sni" : "0", "sa" : "1708", "sna" : "0", "pst" : "40,69", "psnt" : "59,31", "psi" : "40,69", "psni" : "0,00", "psa" : "100,00", "psna" : "0,00", "e" : "1229998", "ea" : "498476", "ena" : "0", "esi" : "498476", "esni" : "0", "c" : "386189", "a" : "112287", "pea" : "100,00", "pena" : "0,00", "pesi" : "40,53", "pesni" : "0,00", "pa" : "22,53", "pc" : "77,47", "munnr" : "25", "munpt" : "24", "munf" : "3", "pmunnr" : "48,08", "pmunpt" : "46,15", "pmunf" : "5,77" }, 
{ "and" : "P", "tpabr" : "UF", "cdabr" : "CE", "dt" : "02/10/2022", "ht" : "18:50:17", "s" : "22796", "st" : "2632", "snt" : "20164", "si" : "2632", "sni" : "0", "sa" : "2632", "sna" : "0", "pst" : "11,55", "psnt" : "88,45", "psi" : "11,55", "psni" : "0,00", "psa" : "100,00", "psna" : "0,00", "e" : "6818732", "ea" : "758943", "ena" : "0", "esi" : "758943", "esni" : "0", "c" : "611787", "a" : "147156", "pea" : "100,00", "pena" : "0,00", "pesi" : "11,13", "pesni" : "0,00", "pa" : "19,39", "pc" : "80,61", "munnr" : "90", "munpt" : "94", "munf" : "0", "pmunnr" : "48,91", "pmunpt" : "51,09", "pmunf" : "00,00" }, 
{ "and" : "P", "tpabr" : "UF", "cdabr" : "GO", "dt" : "02/10/2022", "ht" : "18:49:37", "s" : "14620", "st" : "4754", "snt" : "9866", "si" : "4754", "sni" : "0", "sa" : "4754", "sna" : "0", "pst" : "32,52", "psnt" : "67,48", "psi" : "32,52", "psni" : "0,00", "psa" : "100,00", "psna" : "0,00", "e" : "4870292", "ea" : "1559367", "ena" : "0", "esi" : "1559367", "esni" : "0", "c" : "1226931", "a" : "332436", "pea" : "100,00", "pena" : "0,00", "pesi" : "32,02", "pesni" : "0,00", "pa" : "21,32", "pc" : "78,68", "munnr" : "154", "munpt" : "87", "munf" : "5", "pmunnr" : "62,60", "pmunpt" : "35,37", "pmunf" : "2,03" }, 
{ "and" : "P", "tpabr" : "UF", "cdabr" : "MS", "dt" : "02/10/2022", "ht" : "18:49:57", "s" : "6912", "st" : "4700", "snt" : "2212", "si" : "4700", "sni" : "0", "sa" : "4700", "sna" : "0", "pst" : "68,00", "psnt" : "32,00", "psi" : "68,00", "psni" : "0,00", "psa" : "100,00", "psna" : "0,00", "e" : "1995932", "ea" : "1335882", "ena" : "0", "esi" : "1335882", "esni" : "0", "c" : "1048272", "a" : "287610", "pea" : "100,00", "pena" : "0,00", "pesi" : "66,93", "pesni" : "0,00", "pa" : "21,53", "pc" : "78,47", "munnr" : "8", "munpt" : "57", "munf" : "14", "pmunnr" : "10,13", "pmunpt" : "72,15", "pmunf" : "17,72" }, 
{ "and" : "P", "tpabr" : "UF", "cdabr" : "MT", "dt" : "02/10/2022", "ht" : "18:49:52", "s" : "7652", "st" : "2751", "snt" : "4901", "si" : "2751", "sni" : "0", "sa" : "2751", "sna" : "0", "pst" : "35,95", "psnt" : "64,05", "psi" : "35,95", "psni" : "0,00", "psa" : "100,00", "psna" : "0,00", "e" : "2469604", "ea" : "852111", "ena" : "0", "esi" : "852111", "esni" : "0", "c" : "667517", "a" : "184594", "pea" : "100,00", "pena" : "0,00", "pesi" : "34,50", "pesni" : "0,00", "pa" : "21,66", "pc" : "78,34", "munnr" : "44", "munpt" : "88", "munf" : "9", "pmunnr" : "31,21", "pmunpt" : "62,41", "pmunf" : "6,38" }, 
{ "and" : "P", "tpabr" : "UF", "cdabr" : "SE", "dt" : "02/10/2022", "ht" : "18:49:34", "s" : "5498", "st" : "1225", "snt" : "4273", "si" : "1225", "sni" : "0", "sa" : "1225", "sna" : "0", "pst" : "22,28", "psnt" : "77,72", "psi" : "22,28", "psni" : "0,00", "psa" : "100,00", "psna" : "0,00", "e" : "1671376", "ea" : "353451", "ena" : "0", "esi" : "353451", "esni" : "0", "c" : "292707", "a" : "60744", "pea" : "100,00", "pena" : "0,00", "pesi" : "21,15", "pesni" : "0,00", "pa" : "17,19", "pc" : "82,81", "munnr" : "46", "munpt" : "29", "munf" : "0", "pmunnr" : "61,33", "pmunpt" : "38,67", "pmunf" : "00,00" }, 
{ "and" : "P", "tpabr" : "UF", "cdabr" : "DF", "dt" : "02/10/2022", "ht" : "18:49:33", "s" : "6748", "st" : "5666", "snt" : "1082", "si" : "5666", "sni" : "0", "sa" : "5666", "sna" : "0", "pst" : "83,97", "psnt" : "16,03", "psi" : "83,97", "psni" : "0,00", "psa" : "100,00", "psna" : "0,00", "e" : "2206996", "ea" : "1831773", "ena" : "0", "esi" : "1831773", "esni" : "0", "c" : "1514220", "a" : "317553", "pea" : "100,00", "pena" : "0,00", "pesi" : "83,00", "pesni" : "0,00", "pa" : "17,34", "pc" : "82,66", "munnr" : "0", "munpt" : "1", "munf" : "0", "pmunnr" : "00,00", "pmunpt" : "100,00", "pmunf" : "00,00" }, 
{ "and" : "P", "tpabr" : "UF", "cdabr" : "ES", "dt" : "02/10/2022", "ht" : "18:49:52", "s" : "9239", "st" : "6295", "snt" : "2944", "si" : "6295", "sni" : "0", "sa" : "6295", "sna" : "0", "pst" : "68,14", "psnt" : "31,86", "psi" : "68,14", "psni" : "0,00", "psa" : "100,00", "psna" : "0,00", "e" : "2922379", "ea" : "1967713", "ena" : "0", "esi" : "1967713", "esni" : "0", "c" : "1564095", "a" : "403618", "pea" : "100,00", "pena" : "0,00", "pesi" : "67,33", "pesni" : "0,00", "pa" : "20,51", "pc" : "79,49", "munnr" : "0", "munpt" : "64", "munf" : "14", "pmunnr" : "00,00", "pmunpt" : "82,05", "pmunf" : "17,95" }, 
{ "and" : "P", "tpabr" : "UF", "cdabr" : "MA", "dt" : "02/10/2022", "ht" : "18:50:16", "s" : "16423", "st" : "827", "snt" : "15596", "si" : "827", "sni" : "0", "sa" : "827", "sna" : "0", "pst" : "5,04", "psnt" : "94,96", "psi" : "5,04", "psni" : "0,00", "psa" : "100,00", "psna" : "0,00", "e" : "5039287", "ea" : "231843", "ena" : "0", "esi" : "231843", "esni" : "0", "c" : "180115", "a" : "51728", "pea" : "100,00", "pena" : "0,00", "pesi" : "4,60", "pesni" : "0,00", "pa" : "22,31", "pc" : "77,69", "munnr" : "152", "munpt" : "65", "munf" : "0", "pmunnr" : "70,05", "pmunpt" : "29,95", "pmunf" : "00,00" }, 
{ "and" : "P", "tpabr" : "UF", "cdabr" : "PA", "dt" : "02/10/2022", "ht" : "18:49:58", "s" : "18235", "st" : "4678", "snt" : "13557", "si" : "4678", "sni" : "0", "sa" : "4678", "sna" : "0", "pst" : "25,65", "psnt" : "74,35", "psi" : "25,65", "psni" : "0,00", "psa" : "100,00", "psna" : "0,00", "e" : "6079280", "ea" : "1481772", "ena" : "0", "esi" : "1481772", "esni" : "0", "c" : "1183574", "a" : "298198", "pea" : "100,00", "pena" : "0,00", "pesi" : "24,37", "pesni" : "0,00", "pa" : "20,12", "pc" : "79,88", "munnr" : "11", "munpt" : "133", "munf" : "0", "pmunnr" : "7,64", "pmunpt" : "92,36", "pmunf" : "00,00" }, 
{ "and" : "P", "tpabr" : "UF", "cdabr" : "PI", "dt" : "02/10/2022", "ht" : "18:49:44", "s" : "8963", "st" : "2233", "snt" : "6730", "si" : "2233", "sni" : "0", "sa" : "2233", "sna" : "0", "pst" : "24,91", "psnt" : "75,09", "psi" : "24,91", "psni" : "0,00", "psa" : "100,00", "psna" : "0,00", "e" : "2570433", "ea" : "619775", "ena" : "0", "esi" : "619775", "esni" : "0", "c" : "510721", "a" : "109054", "pea" : "100,00", "pena" : "0,00", "pesi" : "24,11", "pesni" : "0,00", "pa" : "17,60", "pc" : "82,40", "munnr" : "82", "munpt" : "142", "munf" : "0", "pmunnr" : "36,61", "pmunpt" : "63,39", "pmunf" : "00,00" }, 
{ "and" : "P", "tpabr" : "UF", "cdabr" : "RS", "dt" : "02/10/2022", "ht" : "18:49:45", "s" : "27201", "st" : "8969", "snt" : "18232", "si" : "8969", "sni" : "0", "sa" : "8969", "sna" : "0", "pst" : "32,97", "psnt" : "67,03", "psi" : "32,97", "psni" : "0,00", "psa" : "100,00", "psna" : "0,00", "e" : "8589432", "ea" : "2794284", "ena" : "0", "esi" : "2794284", "esni" : "0", "c" : "2247822", "a" : "546462", "pea" : "100,00", "pena" : "0,00", "pesi" : "32,53", "pesni" : "0,00", "pa" : "19,56", "pc" : "80,44", "munnr" : "273", "munpt" : "210", "munf" : "14", "pmunnr" : "54,93", "pmunpt" : "42,25", "pmunf" : "2,82" }, 
{ "and" : "P", "tpabr" : "UF", "cdabr" : "AC", "dt" : "02/10/2022", "ht" : "18:49:10", "s" : "2124", "st" : "981", "snt" : "1143", "si" : "981", "sni" : "0", "sa" : "981", "sna" : "0", "pst" : "46,19", "psnt" : "53,81", "psi" : "46,19", "psni" : "0,00", "psa" : "100,00", "psna" : "0,00", "e" : "587738", "ea" : "272474", "ena" : "0", "esi" : "272474", "esni" : "0", "c" : "210469", "a" : "62005", "pea" : "100,00", "pena" : "0,00", "pesi" : "46,36", "pesni" : "0,00", "pa" : "22,76", "pc" : "77,24", "munnr" : "1", "munpt" : "21", "munf" : "0", "pmunnr" : "4,55", "pmunpt" : "95,45", "pmunf" : "00,00" }, 
{ "and" : "P", "tpabr" : "UF", "cdabr" : "PR", "dt" : "02/10/2022", "ht" : "18:49:32", "s" : "25721", "st" : "6855", "snt" : "18866", "si" : "6855", "sni" : "0", "sa" : "6855", "sna" : "0", "pst" : "26,65", "psnt" : "73,35", "psi" : "26,65", "psni" : "0,00", "psa" : "100,00", "psna" : "0,00", "e" : "8480435", "ea" : "2195104", "ena" : "0", "esi" : "2195104", "esni" : "0", "c" : "1769303", "a" : "425801", "pea" : "100,00", "pena" : "0,00", "pesi" : "25,88", "pesni" : "0,00", "pa" : "19,40", "pc" : "80,60", "munnr" : "203", "munpt" : "185", "munf" : "11", "pmunnr" : "50,88", "pmunpt" : "46,37", "pmunf" : "2,76" }, 
{ "and" : "P", "tpabr" : "UF", "cdabr" : "SC", "dt" : "02/10/2022", "ht" : "18:50:02", "s" : "16242", "st" : "1273", "snt" : "14969", "si" : "1273", "sni" : "0", "sa" : "1273", "sna" : "0", "pst" : "7,84", "psnt" : "92,16", "psi" : "7,84", "psni" : "0,00", "psa" : "100,00", "psna" : "0,00", "e" : "5501478", "ea" : "394380", "ena" : "0", "esi" : "394380", "esni" : "0", "c" : "324278", "a" : "70102", "pea" : "100,00", "pena" : "0,00", "pesi" : "7,17", "pesni" : "0,00", "pa" : "17,78", "pc" : "82,22", "munnr" : "209", "munpt" : "82", "munf" : "4", "pmunnr" : "70,85", "pmunpt" : "27,80", "pmunf" : "1,36" }, 
{ "and" : "P", "tpabr" : "UF", "cdabr" : "TO", "dt" : "02/10/2022", "ht" : "18:49:53", "s" : "3957", "st" : "2388", "snt" : "1569", "si" : "2388", "sni" : "0", "sa" : "2388", "sna" : "0", "pst" : "60,35", "psnt" : "39,65", "psi" : "60,35", "psni" : "0,00", "psa" : "100,00", "psna" : "0,00", "e" : "1094346", "ea" : "643811", "ena" : "0", "esi" : "643811", "esni" : "0", "c" : "524630", "a" : "119181", "pea" : "100,00", "pena" : "0,00", "pesi" : "58,83", "pesni" : "0,00", "pa" : "18,51", "pc" : "81,49", "munnr" : "26", "munpt" : "97", "munf" : "16", "pmunnr" : "18,71", "pmunpt" : "69,78", "pmunf" : "11,51" }, 
{ "and" : "P", "tpabr" : "UF", "cdabr" : "AL", "dt" : "02/10/2022", "ht" : "18:48:04", "s" : "6626", "st" : "85", "snt" : "6541", "si" : "85", "sni" : "0", "sa" : "85", "sna" : "0", "pst" : "1,28", "psnt" : "98,72", "psi" : "1,28", "psni" : "0,00", "psa" : "100,00", "psna" : "0,00", "e" : "2326491", "ea" : "26250", "ena" : "0", "esi" : "26250", "esni" : "0", "c" : "20554", "a" : "5696", "pea" : "100,00", "pena" : "0,00", "pesi" : "1,13", "pesni" : "0,00", "pa" : "21,70", "pc" : "78,30", "munnr" : "95", "munpt" : "7", "munf" : "0", "pmunnr" : "93,14", "pmunpt" : "6,86", "pmunf" : "00,00" }, 
{ "and" : "P", "tpabr" : "UF", "cdabr" : "BA", "dt" : "02/10/2022", "ht" : "18:50:16", "s" : "34424", "st" : "3234", "snt" : "31190", "si" : "3234", "sni" : "0", "sa" : "3234", "sna" : "0", "pst" : "9,39", "psnt" : "90,61", "psi" : "9,39", "psni" : "0,00", "psa" : "100,00", "psna" : "0,00", "e" : "11283405", "ea" : "970803", "ena" : "0", "esi" : "970803", "esni" : "0", "c" : "761812", "a" : "208991", "pea" : "100,00", "pena" : "0,00", "pesi" : "8,60", "pesni" : "0,00", "pa" : "21,53", "pc" : "78,47", "munnr" : "215", "munpt" : "201", "munf" : "1", "pmunnr" : "51,56", "pmunpt" : "48,20", "pmunf" : "0,24" }, 
{ "and" : "P", "tpabr" : "UF", "cdabr" : "PB", "dt" : "02/10/2022", "ht" : "18:49:37", "s" : "9602", "st" : "2012", "snt" : "7590", "si" : "2012", "sni" : "0", "sa" : "2012", "sna" : "0", "pst" : "20,95", "psnt" : "79,05", "psi" : "20,95", "psni" : "0,00", "psa" : "100,00", "psna" : "0,00", "e" : "3092053", "ea" : "631387", "ena" : "0", "esi" : "631387", "esni" : "0", "c" : "527621", "a" : "103766", "pea" : "100,00", "pena" : "0,00", "pesi" : "20,42", "pesni" : "0,00", "pa" : "16,43", "pc" : "83,57", "munnr" : "120", "munpt" : "99", "munf" : "4", "pmunnr" : "53,81", "pmunpt" : "44,39", "pmunf" : "1,79" }, 
{ "and" : "P", "tpabr" : "UF", "cdabr" : "AP", "dt" : "02/10/2022", "ht" : "18:49:33", "s" : "1740", "st" : "448", "snt" : "1292", "si" : "448", "sni" : "0", "sa" : "448", "sna" : "0", "pst" : "25,75", "psnt" : "74,25", "psi" : "25,75", "psni" : "0,00", "psa" : "100,00", "psna" : "0,00", "e" : "550165", "ea" : "127250", "ena" : "0", "esi" : "127250", "esni" : "0", "c" : "101023", "a" : "26227", "pea" : "100,00", "pena" : "0,00", "pesi" : "23,13", "pesni" : "0,00", "pa" : "20,61", "pc" : "79,39", "munnr" : "1", "munpt" : "15", "munf" : "0", "pmunnr" : "6,25", "pmunpt" : "93,75", "pmunf" : "00,00" }, 
{ "and" : "P", "tpabr" : "UF", "cdabr" : "RJ", "dt" : "02/10/2022", "ht" : "18:50:17", "s" : "34068", "st" : "1847", "snt" : "32221", "si" : "1847", "sni" : "0", "sa" : "1847", "sna" : "0", "pst" : "5,42", "psnt" : "94,58", "psi" : "5,42", "psni" : "0,00", "psa" : "100,00", "psna" : "0,00", "e" : "12826356", "ea" : "605580", "ena" : "0", "esi" : "605580", "esni" : "0", "c" : "465920", "a" : "139660", "pea" : "100,00", "pena" : "0,00", "pesi" : "4,72", "pesni" : "0,00", "pa" : "23,06", "pc" : "76,94", "munnr" : "35", "munpt" : "57", "munf" : "0", "pmunnr" : "38,04", "pmunpt" : "61,96", "pmunf" : "00,00" }, 
{ "and" : "P", "tpabr" : "UF", "cdabr" : "RR", "dt" : "02/10/2022", "ht" : "18:49:27", "s" : "1268", "st" : "333", "snt" : "935", "si" : "333", "sni" : "0", "sa" : "333", "sna" : "0", "pst" : "26,26", "psnt" : "73,74", "psi" : "26,26", "psni" : "0,00", "psa" : "100,00", "psna" : "0,00", "e" : "366632", "ea" : "88735", "ena" : "0", "esi" : "88735", "esni" : "0", "c" : "73899", "a" : "14836", "pea" : "100,00", "pena" : "0,00", "pesi" : "24,20", "pesni" : "0,00", "pa" : "16,72", "pc" : "83,28", "munnr" : "1", "munpt" : "14", "munf" : "0", "pmunnr" : "6,67", "pmunpt" : "93,33", "pmunf" : "00,00" }, 
{ "and" : "P", "tpabr" : "UF", "cdabr" : "ZZ", "dt" : "02/10/2022", "ht" : "18:40:25", "s" : "1064", "st" : "465", "snt" : "599", "si" : "465", "sni" : "0", "sa" : "465", "sna" : "0", "pst" : "43,70", "psnt" : "56,30", "psi" : "43,70", "psni" : "0,00", "psa" : "100,00", "psna" : "0,00", "e" : "695355", "ea" : "324395", "ena" : "0", "esi" : "324395", "esni" : "0", "c" : "146575", "a" : "177820", "pea" : "100,00", "pena" : "0,00", "pesi" : "46,65", "pesni" : "0,00", "pa" : "54,82", "pc" : "45,18", "munnr" : "115", "munpt" : "13", "munf" : "53", "pmunnr" : "63,54", "pmunpt" : "7,18", "pmunf" : "29,28" }, 
{ "and" : "P", "tpabr" : "UF", "cdabr" : "SP", "dt" : "02/10/2022", "ht" : "18:49:17", "s" : "101073", "st" : "11645", "snt" : "89428", "si" : "11645", "sni" : "0", "sa" : "11645", "sna" : "0", "pst" : "11,52", "psnt" : "88,48", "psi" : "11,52", "psni" : "0,00", "psa" : "100,00", "psna" : "0,00", "e" : "34684927", "ea" : "3723109", "ena" : "0", "esi" : "3723109", "esni" : "0", "c" : "2898939", "a" : "824170", "pea" : "100,00", "pena" : "0,00", "pesi" : "10,73", "pesni" : "0,00", "pa" : "22,14", "pc" : "77,86", "munnr" : "402", "munpt" : "203", "munf" : "40", "pmunnr" : "62,33", "pmunpt" : "31,47", "pmunf" : "6,20" }, 
{ "and" : "P", "tpabr" : "BR", "cdabr" : "BR", "dt" : "02/10/2022", "ht" : "18:50:17", "s" : "472075", "st" : "89617", "snt" : "382458", "si" : "89617", "sni" : "0", "sa" : "89617", "sna" : "0", "pst" : "18,98", "psnt" : "81,02", "psi" : "18,98", "psni" : "0,00", "psa" : "100,00", "psna" : "0,00", "e" : "156454011", "ea" : "27907778", "ena" : "0", "esi" : "27907778", "esni" : "0", "c" : "22133213", "a" : "5774565", "pea" : "100,00", "pena" : "0,00", "pesi" : "17,83", "pesni" : "0,00", "pa" : "20,70", "pc" : "79,30", "ufsnr" : "0", "ufspt" : "28", "ufsf" : "0", "pufsnr" : "00,00", "pufspt" : "100,00", "pufsf" : "00,00" } ] }