
{ "ele" : "544", "t" : "1", "f" : "O", "dg" : "02/10/2022", "hg" : "19:50:54", "abr" : [ 
{ "and" : "P", "tpabr" : "UF", "cdabr" : "AM", "dt" : "02/10/2022", "ht" : "19:50:26", "s" : "7454", "st" : "5288", "snt" : "2166", "si" : "5288", "sni" : "0", "sa" : "5288", "sna" : "0", "pst" : "70,94", "psnt" : "29,06", "psi" : "70,94", "psni" : "0,00", "psa" : "100,00", "psna" : "0,00", "e" : "2646924", "ea" : "1855363", "ena" : "0", "esi" : "1855363", "esni" : "0", "c" : "1511910", "a" : "343453", "pea" : "100,00", "pena" : "0,00", "pesi" : "70,10", "pesni" : "0,00", "pa" : "18,51", "pc" : "81,49", "munnr" : "2", "munpt" : "57", "munf" : "3", "pmunnr" : "3,23", "pmunpt" : "91,94", "pmunf" : "4,84" }, 
{ "and" : "P", "tpabr" : "UF", "cdabr" : "PE", "dt" : "02/10/2022", "ht" : "19:48:57", "s" : "20572", "st" : "8327", "snt" : "12245", "si" : "8327", "sni" : "0", "sa" : "8327", "sna" : "0", "pst" : "40,48", "psnt" : "59,52", "psi" : "40,48", "psni" : "0,00", "psa" : "100,00", "psna" : "0,00", "e" : "7015421", "ea" : "2701745", "ena" : "0", "esi" : "2701745", "esni" : "0", "c" : "2223410", "a" : "478335", "pea" : "100,00", "pena" : "0,00", "pesi" : "38,51", "pesni" : "0,00", "pa" : "17,70", "pc" : "82,30", "munnr" : "57", "munpt" : "127", "munf" : "1", "pmunnr" : "30,81", "pmunpt" : "68,65", "pmunf" : "0,54" }, 
{ "and" : "P", "tpabr" : "UF", "cdabr" : "RN", "dt" : "02/10/2022", "ht" : "19:50:39", "s" : "7674", "st" : "4837", "snt" : "2837", "si" : "4837", "sni" : "0", "sa" : "4837", "sna" : "0", "pst" : "63,03", "psnt" : "36,97", "psi" : "63,03", "psni" : "0,00", "psa" : "100,00", "psna" : "0,00", "e" : "2554716", "ea" : "1539301", "ena" : "0", "esi" : "1539301", "esni" : "0", "c" : "1264119", "a" : "275182", "pea" : "100,00", "pena" : "0,00", "pesi" : "60,25", "pesni" : "0,00", "pa" : "17,88", "pc" : "82,12", "munnr" : "11", "munpt" : "108", "munf" : "48", "pmunnr" : "6,59", "pmunpt" : "64,67", "pmunf" : "28,74" }, 
{ "and" : "P", "tpabr" : "UF", "cdabr" : "MG", "dt" : "02/10/2022", "ht" : "19:48:55", "s" : "49981", "st" : "26019", "snt" : "23962", "si" : "26019", "sni" : "0", "sa" : "26019", "sna" : "0", "pst" : "52,06", "psnt" : "47,94", "psi" : "52,06", "psni" : "0,00", "psa" : "100,00", "psna" : "0,00", "e" : "16283828", "ea" : "8175469", "ena" : "0", "esi" : "8175469", "esni" : "0", "c" : "6361246", "a" : "1814223", "pea" : "100,00", "pena" : "0,00", "pesi" : "50,21", "pesni" : "0,00", "pa" : "22,19", "pc" : "77,81", "munnr" : "337", "munpt" : "338", "munf" : "178", "pmunnr" : "39,51", "pmunpt" : "39,62", "pmunf" : "20,87" }, 
{ "and" : "P", "tpabr" : "UF", "cdabr" : "RO", "dt" : "02/10/2022", "ht" : "19:50:28", "s" : "4198", "st" : "3331", "snt" : "867", "si" : "3331", "sni" : "0", "sa" : "3331", "sna" : "0", "pst" : "79,35", "psnt" : "20,65", "psi" : "79,35", "psni" : "0,00", "psa" : "100,00", "psna" : "0,00", "e" : "1229998", "ea" : "956825", "ena" : "0", "esi" : "956825", "esni" : "0", "c" : "727092", "a" : "229733", "pea" : "100,00", "pena" : "0,00", "pesi" : "77,79", "pesni" : "0,00", "pa" : "24,01", "pc" : "75,99", "munnr" : "2", "munpt" : "39", "munf" : "11", "pmunnr" : "3,85", "pmunpt" : "75,00", "pmunf" : "21,15" }, 
{ "and" : "P", "tpabr" : "UF", "cdabr" : "CE", "dt" : "02/10/2022", "ht" : "19:50:38", "s" : "22796", "st" : "10836", "snt" : "11960", "si" : "10836", "sni" : "0", "sa" : "10836", "sna" : "0", "pst" : "47,53", "psnt" : "52,47", "psi" : "47,53", "psni" : "0,00", "psa" : "100,00", "psna" : "0,00", "e" : "6818732", "ea" : "3232447", "ena" : "0", "esi" : "3232447", "esni" : "0", "c" : "2659005", "a" : "573442", "pea" : "100,00", "pena" : "0,00", "pesi" : "47,41", "pesni" : "0,00", "pa" : "17,74", "pc" : "82,26", "munnr" : "34", "munpt" : "144", "munf" : "6", "pmunnr" : "18,48", "pmunpt" : "78,26", "pmunf" : "3,26" }, 
{ "and" : "P", "tpabr" : "UF", "cdabr" : "GO", "dt" : "02/10/2022", "ht" : "19:48:31", "s" : "14620", "st" : "11397", "snt" : "3223", "si" : "11397", "sni" : "0", "sa" : "11397", "sna" : "0", "pst" : "77,95", "psnt" : "22,05", "psi" : "77,95", "psni" : "0,00", "psa" : "100,00", "psna" : "0,00", "e" : "4870292", "ea" : "3765937", "ena" : "0", "esi" : "3765937", "esni" : "0", "c" : "2952841", "a" : "813096", "pea" : "100,00", "pena" : "0,00", "pesi" : "77,32", "pesni" : "0,00", "pa" : "21,59", "pc" : "78,41", "munnr" : "73", "munpt" : "113", "munf" : "60", "pmunnr" : "29,67", "pmunpt" : "45,93", "pmunf" : "24,39" }, 
{ "and" : "P", "tpabr" : "UF", "cdabr" : "MS", "dt" : "02/10/2022", "ht" : "19:49:05", "s" : "6912", "st" : "6670", "snt" : "242", "si" : "6670", "sni" : "0", "sa" : "6670", "sna" : "0", "pst" : "96,50", "psnt" : "3,50", "psi" : "96,50", "psni" : "0,00", "psa" : "100,00", "psna" : "0,00", "e" : "1995932", "ea" : "1923401", "ena" : "0", "esi" : "1923401", "esni" : "0", "c" : "1499855", "a" : "423546", "pea" : "100,00", "pena" : "0,00", "pesi" : "96,37", "pesni" : "0,00", "pa" : "22,02", "pc" : "77,98", "munnr" : "1", "munpt" : "29", "munf" : "49", "pmunnr" : "1,27", "pmunpt" : "36,71", "pmunf" : "62,03" }, 
{ "and" : "P", "tpabr" : "UF", "cdabr" : "MT", "dt" : "02/10/2022", "ht" : "19:49:15", "s" : "7652", "st" : "6048", "snt" : "1604", "si" : "6048", "sni" : "0", "sa" : "6048", "sna" : "0", "pst" : "79,04", "psnt" : "20,96", "psi" : "79,04", "psni" : "0,00", "psa" : "100,00", "psna" : "0,00", "e" : "2469604", "ea" : "1922916", "ena" : "0", "esi" : "1922916", "esni" : "0", "c" : "1482305", "a" : "440611", "pea" : "100,00", "pena" : "0,00", "pesi" : "77,86", "pesni" : "0,00", "pa" : "22,91", "pc" : "77,09", "munnr" : "11", "munpt" : "69", "munf" : "61", "pmunnr" : "7,80", "pmunpt" : "48,94", "pmunf" : "43,26" }, 
{ "and" : "P", "tpabr" : "UF", "cdabr" : "SE", "dt" : "02/10/2022", "ht" : "19:49:23", "s" : "5498", "st" : "4239", "snt" : "1259", "si" : "4239", "sni" : "0", "sa" : "4239", "sna" : "0", "pst" : "77,10", "psnt" : "22,90", "psi" : "77,10", "psni" : "0,00", "psa" : "100,00", "psna" : "0,00", "e" : "1671376", "ea" : "1263106", "ena" : "0", "esi" : "1263106", "esni" : "0", "c" : "1035928", "a" : "227178", "pea" : "100,00", "pena" : "0,00", "pesi" : "75,57", "pesni" : "0,00", "pa" : "17,99", "pc" : "82,01", "munnr" : "4", "munpt" : "59", "munf" : "12", "pmunnr" : "5,33", "pmunpt" : "78,67", "pmunf" : "16,00" }, 
{ "and" : "P", "tpabr" : "UF", "cdabr" : "DF", "dt" : "02/10/2022", "ht" : "19:50:07", "s" : "6748", "st" : "6637", "snt" : "111", "si" : "6637", "sni" : "0", "sa" : "6637", "sna" : "0", "pst" : "98,36", "psnt" : "1,64", "psi" : "98,36", "psni" : "0,00", "psa" : "100,00", "psna" : "0,00", "e" : "2206996", "ea" : "2167732", "ena" : "0", "esi" : "2167732", "esni" : "0", "c" : "1788363", "a" : "379369", "pea" : "100,00", "pena" : "0,00", "pesi" : "98,22", "pesni" : "0,00", "pa" : "17,50", "pc" : "82,50", "munnr" : "0", "munpt" : "1", "munf" : "0", "pmunnr" : "00,00", "pmunpt" : "100,00", "pmunf" : "00,00" }, 
{ "and" : "P", "tpabr" : "UF", "cdabr" : "ES", "dt" : "02/10/2022", "ht" : "19:50:07", "s" : "9239", "st" : "9041", "snt" : "198", "si" : "9041", "sni" : "0", "sa" : "9041", "sna" : "0", "pst" : "97,86", "psnt" : "2,14", "psi" : "97,86", "psni" : "0,00", "psa" : "100,00", "psna" : "0,00", "e" : "2922379", "ea" : "2856349", "ena" : "0", "esi" : "2856349", "esni" : "0", "c" : "2264797", "a" : "591552", "pea" : "100,00", "pena" : "0,00", "pesi" : "97,74", "pesni" : "0,00", "pa" : "20,71", "pc" : "79,29", "munnr" : "0", "munpt" : "16", "munf" : "62", "pmunnr" : "00,00", "pmunpt" : "20,51", "pmunf" : "79,49" }, 
{ "and" : "P", "tpabr" : "UF", "cdabr" : "MA", "dt" : "02/10/2022", "ht" : "19:49:03", "s" : "16423", "st" : "5234", "snt" : "11189", "si" : "5234", "sni" : "0", "sa" : "5234", "sna" : "0", "pst" : "31,87", "psnt" : "68,13", "psi" : "31,87", "psni" : "0,00", "psa" : "100,00", "psna" : "0,00", "e" : "5039287", "ea" : "1566730", "ena" : "0", "esi" : "1566730", "esni" : "0", "c" : "1239434", "a" : "327296", "pea" : "100,00", "pena" : "0,00", "pesi" : "31,09", "pesni" : "0,00", "pa" : "20,89", "pc" : "79,11", "munnr" : "74", "munpt" : "142", "munf" : "1", "pmunnr" : "34,10", "pmunpt" : "65,44", "pmunf" : "0,46" }, 
{ "and" : "P", "tpabr" : "UF", "cdabr" : "PA", "dt" : "02/10/2022", "ht" : "19:49:57", "s" : "18235", "st" : "11082", "snt" : "7153", "si" : "11082", "sni" : "0", "sa" : "11082", "sna" : "0", "pst" : "60,77", "psnt" : "39,23", "psi" : "60,77", "psni" : "0,00", "psa" : "100,00", "psna" : "0,00", "e" : "6079280", "ea" : "3624532", "ena" : "0", "esi" : "3624532", "esni" : "0", "c" : "2867980", "a" : "756552", "pea" : "100,00", "pena" : "0,00", "pesi" : "59,62", "pesni" : "0,00", "pa" : "20,87", "pc" : "79,13", "munnr" : "0", "munpt" : "140", "munf" : "4", "pmunnr" : "00,00", "pmunpt" : "97,22", "pmunf" : "2,78" }, 
{ "and" : "P", "tpabr" : "UF", "cdabr" : "PI", "dt" : "02/10/2022", "ht" : "19:48:50", "s" : "8963", "st" : "5474", "snt" : "3489", "si" : "5474", "sni" : "0", "sa" : "5474", "sna" : "0", "pst" : "61,07", "psnt" : "38,93", "psi" : "61,07", "psni" : "0,00", "psa" : "100,00", "psna" : "0,00", "e" : "2570433", "ea" : "1532543", "ena" : "0", "esi" : "1532543", "esni" : "0", "c" : "1260468", "a" : "272075", "pea" : "100,00", "pena" : "0,00", "pesi" : "59,62", "pesni" : "0,00", "pa" : "17,75", "pc" : "82,25", "munnr" : "29", "munpt" : "185", "munf" : "10", "pmunnr" : "12,95", "pmunpt" : "82,59", "pmunf" : "4,46" }, 
{ "and" : "P", "tpabr" : "UF", "cdabr" : "RS", "dt" : "02/10/2022", "ht" : "19:50:18", "s" : "27201", "st" : "22267", "snt" : "4934", "si" : "22267", "sni" : "0", "sa" : "22267", "sna" : "0", "pst" : "81,86", "psnt" : "18,14", "psi" : "81,86", "psni" : "0,00", "psa" : "100,00", "psna" : "0,00", "e" : "8589432", "ea" : "7060855", "ena" : "0", "esi" : "7060855", "esni" : "0", "c" : "5653861", "a" : "1406994", "pea" : "100,00", "pena" : "0,00", "pesi" : "82,20", "pesni" : "0,00", "pa" : "19,93", "pc" : "80,07", "munnr" : "113", "munpt" : "167", "munf" : "217", "pmunnr" : "22,74", "pmunpt" : "33,60", "pmunf" : "43,66" }, 
{ "and" : "P", "tpabr" : "UF", "cdabr" : "AC", "dt" : "02/10/2022", "ht" : "19:50:07", "s" : "2124", "st" : "1880", "snt" : "244", "si" : "1880", "sni" : "0", "sa" : "1880", "sna" : "0", "pst" : "88,51", "psnt" : "11,49", "psi" : "88,51", "psni" : "0,00", "psa" : "100,00", "psna" : "0,00", "e" : "587738", "ea" : "520324", "ena" : "0", "esi" : "520324", "esni" : "0", "c" : "403704", "a" : "116620", "pea" : "100,00", "pena" : "0,00", "pesi" : "88,53", "pesni" : "0,00", "pa" : "22,41", "pc" : "77,59", "munnr" : "0", "munpt" : "19", "munf" : "3", "pmunnr" : "00,00", "pmunpt" : "86,36", "pmunf" : "13,64" }, 
{ "and" : "P", "tpabr" : "UF", "cdabr" : "PR", "dt" : "02/10/2022", "ht" : "19:50:18", "s" : "25721", "st" : "23297", "snt" : "2424", "si" : "23297", "sni" : "0", "sa" : "23297", "sna" : "0", "pst" : "90,58", "psnt" : "9,42", "psi" : "90,58", "psni" : "0,00", "psa" : "100,00", "psna" : "0,00", "e" : "8480435", "ea" : "7652958", "ena" : "0", "esi" : "7652958", "esni" : "0", "c" : "6165605", "a" : "1487353", "pea" : "100,00", "pena" : "0,00", "pesi" : "90,24", "pesni" : "0,00", "pa" : "19,44", "pc" : "80,56", "munnr" : "26", "munpt" : "175", "munf" : "198", "pmunnr" : "6,52", "pmunpt" : "43,86", "pmunf" : "49,62" }, 
{ "and" : "P", "tpabr" : "UF", "cdabr" : "SC", "dt" : "02/10/2022", "ht" : "19:50:00", "s" : "16242", "st" : "9545", "snt" : "6697", "si" : "9545", "sni" : "0", "sa" : "9545", "sna" : "0", "pst" : "58,77", "psnt" : "41,23", "psi" : "58,77", "psni" : "0,00", "psa" : "100,00", "psna" : "0,00", "e" : "5501478", "ea" : "3165635", "ena" : "0", "esi" : "3165635", "esni" : "0", "c" : "2597302", "a" : "568333", "pea" : "100,00", "pena" : "0,00", "pesi" : "57,54", "pesni" : "0,00", "pa" : "17,95", "pc" : "82,05", "munnr" : "56", "munpt" : "163", "munf" : "76", "pmunnr" : "18,98", "pmunpt" : "55,25", "pmunf" : "25,76" }, 
{ "and" : "P", "tpabr" : "UF", "cdabr" : "TO", "dt" : "02/10/2022", "ht" : "19:49:45", "s" : "3957", "st" : "3585", "snt" : "372", "si" : "3585", "sni" : "0", "sa" : "3585", "sna" : "0", "pst" : "90,60", "psnt" : "9,40", "psi" : "90,60", "psni" : "0,00", "psa" : "100,00", "psna" : "0,00", "e" : "1094346", "ea" : "982859", "ena" : "0", "esi" : "982859", "esni" : "0", "c" : "800843", "a" : "182016", "pea" : "100,00", "pena" : "0,00", "pesi" : "89,81", "pesni" : "0,00", "pa" : "18,52", "pc" : "81,48", "munnr" : "5", "munpt" : "54", "munf" : "80", "pmunnr" : "3,60", "pmunpt" : "38,85", "pmunf" : "57,55" }, 
{ "and" : "P", "tpabr" : "UF", "cdabr" : "AL", "dt" : "02/10/2022", "ht" : "19:50:05", "s" : "6626", "st" : "1287", "snt" : "5339", "si" : "1287", "sni" : "0", "sa" : "1287", "sna" : "0", "pst" : "19,42", "psnt" : "80,58", "psi" : "19,42", "psni" : "0,00", "psa" : "100,00", "psna" : "0,00", "e" : "2326491", "ea" : "402742", "ena" : "0", "esi" : "402742", "esni" : "0", "c" : "316253", "a" : "86489", "pea" : "100,00", "pena" : "0,00", "pesi" : "17,31", "pesni" : "0,00", "pa" : "21,48", "pc" : "78,52", "munnr" : "61", "munpt" : "39", "munf" : "2", "pmunnr" : "59,80", "pmunpt" : "38,24", "pmunf" : "1,96" }, 
{ "and" : "P", "tpabr" : "UF", "cdabr" : "BA", "dt" : "02/10/2022", "ht" : "19:50:39", "s" : "34424", "st" : "14532", "snt" : "19892", "si" : "14532", "sni" : "0", "sa" : "14532", "sna" : "0", "pst" : "42,21", "psnt" : "57,79", "psi" : "42,21", "psni" : "0,00", "psa" : "100,00", "psna" : "0,00", "e" : "11283405", "ea" : "4504121", "ena" : "0", "esi" : "4504121", "esni" : "0", "c" : "3545040", "a" : "959081", "pea" : "100,00", "pena" : "0,00", "pesi" : "39,92", "pesni" : "0,00", "pa" : "21,29", "pc" : "78,71", "munnr" : "62", "munpt" : "340", "munf" : "15", "pmunnr" : "14,87", "pmunpt" : "81,53", "pmunf" : "3,60" }, 
{ "and" : "P", "tpabr" : "UF", "cdabr" : "PB", "dt" : "02/10/2022", "ht" : "19:50:29", "s" : "9602", "st" : "6573", "snt" : "3029", "si" : "6573", "sni" : "0", "sa" : "6573", "sna" : "0", "pst" : "68,45", "psnt" : "31,55", "psi" : "68,45", "psni" : "0,00", "psa" : "100,00", "psna" : "0,00", "e" : "3092053", "ea" : "2090912", "ena" : "0", "esi" : "2090912", "esni" : "0", "c" : "1737775", "a" : "353137", "pea" : "100,00", "pena" : "0,00", "pesi" : "67,62", "pesni" : "0,00", "pa" : "16,89", "pc" : "83,11", "munnr" : "50", "munpt" : "114", "munf" : "59", "pmunnr" : "22,42", "pmunpt" : "51,12", "pmunf" : "26,46" }, 
{ "and" : "P", "tpabr" : "UF", "cdabr" : "AP", "dt" : "02/10/2022", "ht" : "19:50:16", "s" : "1740", "st" : "1329", "snt" : "411", "si" : "1329", "sni" : "0", "sa" : "1329", "sna" : "0", "pst" : "76,38", "psnt" : "23,62", "psi" : "76,38", "psni" : "0,00", "psa" : "100,00", "psna" : "0,00", "e" : "550165", "ea" : "403496", "ena" : "0", "esi" : "403496", "esni" : "0", "c" : "323587", "a" : "79909", "pea" : "100,00", "pena" : "0,00", "pesi" : "73,34", "pesni" : "0,00", "pa" : "19,80", "pc" : "80,20", "munnr" : "1", "munpt" : "12", "munf" : "3", "pmunnr" : "6,25", "pmunpt" : "75,00", "pmunf" : "18,75" }, 
{ "and" : "P", "tpabr" : "UF", "cdabr" : "RJ", "dt" : "02/10/2022", "ht" : "19:50:12", "s" : "34068", "st" : "13691", "snt" : "20377", "si" : "13691", "sni" : "0", "sa" : "13691", "sna" : "0", "pst" : "40,19", "psnt" : "59,81", "psi" : "40,19", "psni" : "0,00", "psa" : "100,00", "psna" : "0,00", "e" : "12826356", "ea" : "4807340", "ena" : "0", "esi" : "4807340", "esni" : "0", "c" : "3706675", "a" : "1100665", "pea" : "100,00", "pena" : "0,00", "pesi" : "37,48", "pesni" : "0,00", "pa" : "22,90", "pc" : "77,10", "munnr" : "7", "munpt" : "83", "munf" : "2", "pmunnr" : "7,61", "pmunpt" : "90,22", "pmunf" : "2,17" }, 
{ "and" : "P", "tpabr" : "UF", "cdabr" : "RR", "dt" : "02/10/2022", "ht" : "19:50:15", "s" : "1268", "st" : "1090", "snt" : "178", "si" : "1090", "sni" : "0", "sa" : "1090", "sna" : "0", "pst" : "85,96", "psnt" : "14,04", "psi" : "85,96", "psni" : "0,00", "psa" : "100,00", "psna" : "0,00", "e" : "366632", "ea" : "312792", "ena" : "0", "esi" : "312792", "esni" : "0", "c" : "260984", "a" : "51808", "pea" : "100,00", "pena" : "0,00", "pesi" : "85,31", "pesni" : "0,00", "pa" : "16,56", "pc" : "83,44", "munnr" : "0", "munpt" : "14", "munf" : "1", "pmunnr" : "00,00", "pmunpt" : "93,33", "pmunf" : "6,67" }, 
{ "and" : "P", "tpabr" : "UF", "cdabr" : "ZZ", "dt" : "02/10/2022", "ht" : "19:43:34", "s" : "1064", "st" : "587", "snt" : "477", "si" : "587", "sni" : "0", "sa" : "587", "sna" : "0", "pst" : "55,17", "psnt" : "44,83", "psi" : "55,17", "psni" : "0,00", "psa" : "100,00", "psna" : "0,00", "e" : "695355", "ea" : "410780", "ena" : "0", "esi" : "410780", "esni" : "0", "c" : "186177", "a" : "224603", "pea" : "100,00", "pena" : "0,00", "pesi" : "59,07", "pesni" : "0,00", "pa" : "54,68", "pc" : "45,32", "munnr" : "100", "munpt" : "17", "munf" : "64", "pmunnr" : "55,25", "pmunpt" : "9,39", "pmunf" : "35,36" }, 
{ "and" : "P", "tpabr" : "UF", "cdabr" : "SP", "dt" : "02/10/2022", "ht" : "19:50:25", "s" : "101073", "st" : "64522", "snt" : "36551", "si" : "64522", "sni" : "0", "sa" : "64522", "sna" : "0", "pst" : "63,84", "psnt" : "36,16", "psi" : "63,84", "psni" : "0,00", "psa" : "100,00", "psna" : "0,00", "e" : "34684927", "ea" : "21694797", "ena" : "0", "esi" : "21694797", "esni" : "0", "c" : "16966777", "a" : "4728020", "pea" : "100,00", "pena" : "0,00", "pesi" : "62,55", "pesni" : "0,00", "pa" : "21,79", "pc" : "78,21", "munnr" : "143", "munpt" : "195", "munf" : "307", "pmunnr" : "22,17", "pmunpt" : "30,23", "pmunf" : "47,60" }, 
{ "and" : "P", "tpabr" : "BR", "cdabr" : "BR", "dt" : "02/10/2022", "ht" : "19:50:39", "s" : "472075", "st" : "288645", "snt" : "183430", "si" : "288645", "sni" : "0", "sa" : "288645", "sna" : "0", "pst" : "61,14", "psnt" : "38,86", "psi" : "61,14", "psni" : "0,00", "psa" : "100,00", "psna" : "0,00", "e" : "156454011", "ea" : "93094007", "ena" : "0", "esi" : "93094007", "esni" : "0", "c" : "73803336", "a" : "19290671", "pea" : "100,00", "pena" : "0,00", "pesi" : "59,50", "pesni" : "0,00", "pa" : "20,73", "pc" : "79,27", "ufsnr" : "0", "ufspt" : "28", "ufsf" : "0", "pufsnr" : "00,00", "pufspt" : "100,00", "pufsf" : "00,00" } ] }