
{ "ele" : "544", "t" : "1", "f" : "O", "dg" : "02/10/2022", "hg" : "20:58:51", "abr" : [ 
{ "and" : "P", "tpabr" : "UF", "cdabr" : "AM", "dt" : "02/10/2022", "ht" : "20:58:12", "s" : "7454", "st" : "7090", "snt" : "364", "si" : "7089", "sni" : "1", "sa" : "7089", "sna" : "0", "pst" : "95,12", "psnt" : "4,88", "psi" : "95,10", "psni" : "4,90", "psa" : "100,00", "psna" : "0,00", "e" : "2646924", "ea" : "2509572", "ena" : "0", "esi" : "2509572", "esni" : "84", "c" : "2008818", "a" : "500754", "pea" : "100,00", "pena" : "0,00", "pesi" : "94,81", "pesni" : "100,00", "pa" : "19,95", "pc" : "80,05", "munnr" : "0", "munpt" : "38", "munf" : "24", "pmunnr" : "00,00", "pmunpt" : "61,29", "pmunf" : "38,71" }, 
{ "and" : "P", "tpabr" : "UF", "cdabr" : "PE", "dt" : "02/10/2022", "ht" : "20:58:33", "s" : "20572", "st" : "18997", "snt" : "1575", "si" : "18997", "sni" : "0", "sa" : "18997", "sna" : "0", "pst" : "92,34", "psnt" : "7,66", "psi" : "92,34", "psni" : "0,00", "psa" : "100,00", "psna" : "0,00", "e" : "7015421", "ea" : "6470651", "ena" : "0", "esi" : "6470651", "esni" : "0", "c" : "5305668", "a" : "1164983", "pea" : "100,00", "pena" : "0,00", "pesi" : "92,23", "pesni" : "0,00", "pa" : "18,00", "pc" : "82,00", "munnr" : "9", "munpt" : "81", "munf" : "95", "pmunnr" : "4,86", "pmunpt" : "43,78", "pmunf" : "51,35" }, 
{ "and" : "P", "tpabr" : "UF", "cdabr" : "RN", "dt" : "02/10/2022", "ht" : "20:58:27", "s" : "7674", "st" : "7468", "snt" : "206", "si" : "7468", "sni" : "0", "sa" : "7468", "sna" : "0", "pst" : "97,32", "psnt" : "2,68", "psi" : "97,32", "psni" : "0,00", "psa" : "100,00", "psna" : "0,00", "e" : "2554716", "ea" : "2484395", "ena" : "0", "esi" : "2484395", "esni" : "0", "c" : "2033352", "a" : "451043", "pea" : "100,00", "pena" : "0,00", "pesi" : "97,25", "pesni" : "0,00", "pa" : "18,16", "pc" : "81,84", "munnr" : "0", "munpt" : "36", "munf" : "131", "pmunnr" : "00,00", "pmunpt" : "21,56", "pmunf" : "78,44" }, 
{ "and" : "P", "tpabr" : "UF", "cdabr" : "MG", "dt" : "02/10/2022", "ht" : "20:58:16", "s" : "49981", "st" : "47087", "snt" : "2894", "si" : "47087", "sni" : "0", "sa" : "47087", "sna" : "0", "pst" : "94,21", "psnt" : "5,79", "psi" : "94,21", "psni" : "0,00", "psa" : "100,00", "psna" : "0,00", "e" : "16283828", "ea" : "15301060", "ena" : "0", "esi" : "15301060", "esni" : "0", "c" : "11903399", "a" : "3397661", "pea" : "100,00", "pena" : "0,00", "pesi" : "93,96", "pesni" : "0,00", "pa" : "22,21", "pc" : "77,79", "munnr" : "54", "munpt" : "110", "munf" : "689", "pmunnr" : "6,33", "pmunpt" : "12,90", "pmunf" : "80,77" }, 
{ "and" : "P", "tpabr" : "UF", "cdabr" : "RO", "dt" : "02/10/2022", "ht" : "20:58:16", "s" : "4198", "st" : "4150", "snt" : "48", "si" : "4150", "sni" : "0", "sa" : "4150", "sna" : "0", "pst" : "98,86", "psnt" : "1,14", "psi" : "98,86", "psni" : "0,00", "psa" : "100,00", "psna" : "0,00", "e" : "1229998", "ea" : "1213325", "ena" : "0", "esi" : "1213325", "esni" : "0", "c" : "914704", "a" : "298621", "pea" : "100,00", "pena" : "0,00", "pesi" : "98,64", "pesni" : "0,00", "pa" : "24,61", "pc" : "75,39", "munnr" : "0", "munpt" : "9", "munf" : "43", "pmunnr" : "00,00", "pmunpt" : "17,31", "pmunf" : "82,69" }, 
{ "and" : "P", "tpabr" : "UF", "cdabr" : "CE", "dt" : "02/10/2022", "ht" : "20:58:12", "s" : "22796", "st" : "20673", "snt" : "2123", "si" : "20673", "sni" : "0", "sa" : "20673", "sna" : "0", "pst" : "90,69", "psnt" : "9,31", "psi" : "90,69", "psni" : "0,00", "psa" : "100,00", "psna" : "0,00", "e" : "6818732", "ea" : "6207640", "ena" : "0", "esi" : "6207640", "esni" : "0", "c" : "5123240", "a" : "1084400", "pea" : "100,00", "pena" : "0,00", "pesi" : "91,04", "pesni" : "0,00", "pa" : "17,47", "pc" : "82,53", "munnr" : "9", "munpt" : "91", "munf" : "84", "pmunnr" : "4,89", "pmunpt" : "49,46", "pmunf" : "45,65" }, 
{ "and" : "P", "tpabr" : "UF", "cdabr" : "GO", "dt" : "02/10/2022", "ht" : "20:58:12", "s" : "14620", "st" : "14469", "snt" : "151", "si" : "14469", "sni" : "0", "sa" : "14469", "sna" : "0", "pst" : "98,97", "psnt" : "1,03", "psi" : "98,97", "psni" : "0,00", "psa" : "100,00", "psna" : "0,00", "e" : "4870292", "ea" : "4821375", "ena" : "0", "esi" : "4821375", "esni" : "0", "c" : "3775381", "a" : "1045994", "pea" : "100,00", "pena" : "0,00", "pesi" : "99,00", "pesni" : "0,00", "pa" : "21,69", "pc" : "78,31", "munnr" : "3", "munpt" : "21", "munf" : "222", "pmunnr" : "1,22", "pmunpt" : "8,54", "pmunf" : "90,24" }, 
{ "and" : "P", "tpabr" : "UF", "cdabr" : "MS", "dt" : "02/10/2022", "ht" : "20:54:51", "s" : "6912", "st" : "6910", "snt" : "2", "si" : "6910", "sni" : "0", "sa" : "6910", "sna" : "0", "pst" : "99,97", "psnt" : "0,03", "psi" : "99,97", "psni" : "0,00", "psa" : "100,00", "psna" : "0,00", "e" : "1995932", "ea" : "1995509", "ena" : "0", "esi" : "1995509", "esni" : "0", "c" : "1554759", "a" : "440750", "pea" : "100,00", "pena" : "0,00", "pesi" : "99,98", "pesni" : "0,00", "pa" : "22,09", "pc" : "77,91", "munnr" : "0", "munpt" : "1", "munf" : "78", "pmunnr" : "00,00", "pmunpt" : "1,27", "pmunf" : "98,73" }, 
{ "and" : "P", "tpabr" : "UF", "cdabr" : "MT", "dt" : "02/10/2022", "ht" : "20:55:59", "s" : "7652", "st" : "7554", "snt" : "98", "si" : "7554", "sni" : "0", "sa" : "7554", "sna" : "0", "pst" : "98,72", "psnt" : "1,28", "psi" : "98,72", "psni" : "0,00", "psa" : "100,00", "psna" : "0,00", "e" : "2469604", "ea" : "2437693", "ena" : "0", "esi" : "2437693", "esni" : "0", "c" : "1868417", "a" : "569276", "pea" : "100,00", "pena" : "0,00", "pesi" : "98,71", "pesni" : "0,00", "pa" : "23,35", "pc" : "76,65", "munnr" : "1", "munpt" : "14", "munf" : "126", "pmunnr" : "0,71", "pmunpt" : "9,93", "pmunf" : "89,36" }, 
{ "and" : "P", "tpabr" : "UF", "cdabr" : "SE", "dt" : "02/10/2022", "ht" : "20:56:03", "s" : "5498", "st" : "5413", "snt" : "85", "si" : "5413", "sni" : "0", "sa" : "5413", "sna" : "0", "pst" : "98,45", "psnt" : "1,55", "psi" : "98,45", "psni" : "0,00", "psa" : "100,00", "psna" : "0,00", "e" : "1671376", "ea" : "1641437", "ena" : "0", "esi" : "1641437", "esni" : "0", "c" : "1340151", "a" : "301286", "pea" : "100,00", "pena" : "0,00", "pesi" : "98,21", "pesni" : "0,00", "pa" : "18,36", "pc" : "81,64", "munnr" : "0", "munpt" : "12", "munf" : "63", "pmunnr" : "00,00", "pmunpt" : "16,00", "pmunf" : "84,00" }, 
{ "and" : "F", "tpabr" : "UF", "cdabr" : "DF", "dt" : "02/10/2022", "ht" : "20:36:59", "s" : "6748", "st" : "6748", "snt" : "0", "si" : "6748", "sni" : "0", "sa" : "6748", "sna" : "0", "pst" : "100,00", "psnt" : "0,00", "psi" : "100,00", "psni" : "0,00", "psa" : "100,00", "psna" : "0,00", "e" : "2206996", "ea" : "2206996", "ena" : "0", "esi" : "2206996", "esni" : "0", "c" : "1819900", "a" : "387096", "pea" : "100,00", "pena" : "0,00", "pesi" : "100,00", "pesni" : "0,00", "pa" : "17,54", "pc" : "82,46", "munnr" : "0", "munpt" : "0", "munf" : "1", "pmunnr" : "00,00", "pmunpt" : "00,00", "pmunf" : "100,00" }, 
{ "and" : "F", "tpabr" : "UF", "cdabr" : "ES", "dt" : "02/10/2022", "ht" : "20:41:59", "s" : "9239", "st" : "9239", "snt" : "0", "si" : "9239", "sni" : "0", "sa" : "9239", "sna" : "0", "pst" : "100,00", "psnt" : "0,00", "psi" : "100,00", "psni" : "0,00", "psa" : "100,00", "psna" : "0,00", "e" : "2922379", "ea" : "2922379", "ena" : "0", "esi" : "2922379", "esni" : "0", "c" : "2315889", "a" : "606490", "pea" : "100,00", "pena" : "0,00", "pesi" : "100,00", "pesni" : "0,00", "pa" : "20,75", "pc" : "79,25", "munnr" : "0", "munpt" : "0", "munf" : "78", "pmunnr" : "00,00", "pmunpt" : "00,00", "pmunf" : "100,00" }, 
{ "and" : "P", "tpabr" : "UF", "cdabr" : "MA", "dt" : "02/10/2022", "ht" : "20:57:34", "s" : "16423", "st" : "12077", "snt" : "4346", "si" : "12077", "sni" : "0", "sa" : "12077", "sna" : "0", "pst" : "73,54", "psnt" : "26,46", "psi" : "73,54", "psni" : "0,00", "psa" : "100,00", "psna" : "0,00", "e" : "5039287", "ea" : "3716544", "ena" : "0", "esi" : "3716544", "esni" : "0", "c" : "2912287", "a" : "804257", "pea" : "100,00", "pena" : "0,00", "pesi" : "73,75", "pesni" : "0,00", "pa" : "21,64", "pc" : "78,36", "munnr" : "33", "munpt" : "142", "munf" : "42", "pmunnr" : "15,21", "pmunpt" : "65,44", "pmunf" : "19,35" }, 
{ "and" : "P", "tpabr" : "UF", "cdabr" : "PA", "dt" : "02/10/2022", "ht" : "20:57:35", "s" : "18235", "st" : "17084", "snt" : "1151", "si" : "17084", "sni" : "0", "sa" : "17084", "sna" : "0", "pst" : "93,69", "psnt" : "6,31", "psi" : "93,69", "psni" : "0,00", "psa" : "100,00", "psna" : "0,00", "e" : "6079280", "ea" : "5687530", "ena" : "0", "esi" : "5687530", "esni" : "0", "c" : "4478683", "a" : "1208847", "pea" : "100,00", "pena" : "0,00", "pesi" : "93,56", "pesni" : "0,00", "pa" : "21,25", "pc" : "78,75", "munnr" : "0", "munpt" : "104", "munf" : "40", "pmunnr" : "00,00", "pmunpt" : "72,22", "pmunf" : "27,78" }, 
{ "and" : "P", "tpabr" : "UF", "cdabr" : "PI", "dt" : "02/10/2022", "ht" : "20:58:14", "s" : "8963", "st" : "8219", "snt" : "744", "si" : "8219", "sni" : "0", "sa" : "8219", "sna" : "0", "pst" : "91,70", "psnt" : "8,30", "psi" : "91,70", "psni" : "0,00", "psa" : "100,00", "psna" : "0,00", "e" : "2570433", "ea" : "2347476", "ena" : "0", "esi" : "2347476", "esni" : "0", "c" : "1931624", "a" : "415852", "pea" : "100,00", "pena" : "0,00", "pesi" : "91,33", "pesni" : "0,00", "pa" : "17,71", "pc" : "82,29", "munnr" : "8", "munpt" : "115", "munf" : "101", "pmunnr" : "3,57", "pmunpt" : "51,34", "pmunf" : "45,09" }, 
{ "and" : "P", "tpabr" : "UF", "cdabr" : "RS", "dt" : "02/10/2022", "ht" : "20:58:14", "s" : "27201", "st" : "26833", "snt" : "368", "si" : "26833", "sni" : "0", "sa" : "26833", "sna" : "0", "pst" : "98,65", "psnt" : "1,35", "psi" : "98,65", "psni" : "0,00", "psa" : "100,00", "psna" : "0,00", "e" : "8589432", "ea" : "8462111", "ena" : "0", "esi" : "8462111", "esni" : "0", "c" : "6788838", "a" : "1673273", "pea" : "100,00", "pena" : "0,00", "pesi" : "98,52", "pesni" : "0,00", "pa" : "19,77", "pc" : "80,23", "munnr" : "4", "munpt" : "23", "munf" : "470", "pmunnr" : "0,80", "pmunpt" : "4,63", "pmunf" : "94,57" }, 
{ "and" : "P", "tpabr" : "UF", "cdabr" : "AC", "dt" : "02/10/2022", "ht" : "20:57:06", "s" : "2124", "st" : "2089", "snt" : "35", "si" : "2089", "sni" : "0", "sa" : "2089", "sna" : "0", "pst" : "98,35", "psnt" : "1,65", "psi" : "98,35", "psni" : "0,00", "psa" : "100,00", "psna" : "0,00", "e" : "587738", "ea" : "578124", "ena" : "0", "esi" : "578124", "esni" : "0", "c" : "448898", "a" : "129226", "pea" : "100,00", "pena" : "0,00", "pesi" : "98,36", "pesni" : "0,00", "pa" : "22,35", "pc" : "77,65", "munnr" : "0", "munpt" : "5", "munf" : "17", "pmunnr" : "00,00", "pmunpt" : "22,73", "pmunf" : "77,27" }, 
{ "and" : "P", "tpabr" : "UF", "cdabr" : "PR", "dt" : "02/10/2022", "ht" : "20:58:22", "s" : "25721", "st" : "25585", "snt" : "136", "si" : "25585", "sni" : "0", "sa" : "25585", "sna" : "0", "pst" : "99,47", "psnt" : "0,53", "psi" : "99,47", "psni" : "0,00", "psa" : "100,00", "psna" : "0,00", "e" : "8480435", "ea" : "8434315", "ena" : "0", "esi" : "8434315", "esni" : "0", "c" : "6793328", "a" : "1640987", "pea" : "100,00", "pena" : "0,00", "pesi" : "99,46", "pesni" : "0,00", "pa" : "19,46", "pc" : "80,54", "munnr" : "2", "munpt" : "30", "munf" : "367", "pmunnr" : "0,50", "pmunpt" : "7,52", "pmunf" : "91,98" }, 
{ "and" : "P", "tpabr" : "UF", "cdabr" : "SC", "dt" : "02/10/2022", "ht" : "20:58:27", "s" : "16242", "st" : "16054", "snt" : "188", "si" : "16054", "sni" : "0", "sa" : "16054", "sna" : "0", "pst" : "98,84", "psnt" : "1,16", "psi" : "98,84", "psni" : "0,00", "psa" : "100,00", "psna" : "0,00", "e" : "5501478", "ea" : "5433618", "ena" : "0", "esi" : "5433618", "esni" : "0", "c" : "4432482", "a" : "1001136", "pea" : "100,00", "pena" : "0,00", "pesi" : "98,77", "pesni" : "0,00", "pa" : "18,42", "pc" : "81,58", "munnr" : "1", "munpt" : "18", "munf" : "276", "pmunnr" : "0,34", "pmunpt" : "6,10", "pmunf" : "93,56" }, 
{ "and" : "P", "tpabr" : "UF", "cdabr" : "TO", "dt" : "02/10/2022", "ht" : "20:58:15", "s" : "3957", "st" : "3935", "snt" : "22", "si" : "3935", "sni" : "0", "sa" : "3935", "sna" : "0", "pst" : "99,44", "psnt" : "0,56", "psi" : "99,44", "psni" : "0,00", "psa" : "100,00", "psna" : "0,00", "e" : "1094346", "ea" : "1087777", "ena" : "0", "esi" : "1087777", "esni" : "0", "c" : "886187", "a" : "201590", "pea" : "100,00", "pena" : "0,00", "pesi" : "99,40", "pesni" : "0,00", "pa" : "18,53", "pc" : "81,47", "munnr" : "0", "munpt" : "6", "munf" : "133", "pmunnr" : "00,00", "pmunpt" : "4,32", "pmunf" : "95,68" }, 
{ "and" : "P", "tpabr" : "UF", "cdabr" : "AL", "dt" : "02/10/2022", "ht" : "20:58:37", "s" : "6626", "st" : "4879", "snt" : "1747", "si" : "4879", "sni" : "0", "sa" : "4879", "sna" : "0", "pst" : "73,63", "psnt" : "26,37", "psi" : "73,63", "psni" : "0,00", "psa" : "100,00", "psna" : "0,00", "e" : "2326491", "ea" : "1672082", "ena" : "0", "esi" : "1672082", "esni" : "0", "c" : "1302426", "a" : "369656", "pea" : "100,00", "pena" : "0,00", "pesi" : "71,87", "pesni" : "0,00", "pa" : "22,11", "pc" : "77,89", "munnr" : "19", "munpt" : "36", "munf" : "47", "pmunnr" : "18,63", "pmunpt" : "35,29", "pmunf" : "46,08" }, 
{ "and" : "P", "tpabr" : "UF", "cdabr" : "BA", "dt" : "02/10/2022", "ht" : "20:58:16", "s" : "34424", "st" : "30201", "snt" : "4223", "si" : "30201", "sni" : "0", "sa" : "30201", "sna" : "0", "pst" : "87,73", "psnt" : "12,27", "psi" : "87,73", "psni" : "0,00", "psa" : "100,00", "psna" : "0,00", "e" : "11283405", "ea" : "9871646", "ena" : "0", "esi" : "9871646", "esni" : "0", "c" : "7778794", "a" : "2092852", "pea" : "100,00", "pena" : "0,00", "pesi" : "87,49", "pesni" : "0,00", "pa" : "21,20", "pc" : "78,80", "munnr" : "18", "munpt" : "231", "munf" : "168", "pmunnr" : "4,32", "pmunpt" : "55,40", "pmunf" : "40,29" }, 
{ "and" : "P", "tpabr" : "UF", "cdabr" : "PB", "dt" : "02/10/2022", "ht" : "20:58:13", "s" : "9602", "st" : "9496", "snt" : "106", "si" : "9496", "sni" : "0", "sa" : "9496", "sna" : "0", "pst" : "98,90", "psnt" : "1,10", "psi" : "98,90", "psni" : "0,00", "psa" : "100,00", "psna" : "0,00", "e" : "3092053", "ea" : "3058039", "ena" : "0", "esi" : "3058039", "esni" : "0", "c" : "2530000", "a" : "528039", "pea" : "100,00", "pena" : "0,00", "pesi" : "98,90", "pesni" : "0,00", "pa" : "17,27", "pc" : "82,73", "munnr" : "1", "munpt" : "15", "munf" : "207", "pmunnr" : "0,45", "pmunpt" : "6,73", "pmunf" : "92,83" }, 
{ "and" : "P", "tpabr" : "UF", "cdabr" : "AP", "dt" : "02/10/2022", "ht" : "20:58:12", "s" : "1740", "st" : "1723", "snt" : "17", "si" : "1723", "sni" : "0", "sa" : "1723", "sna" : "0", "pst" : "99,02", "psnt" : "0,98", "psi" : "99,02", "psni" : "0,00", "psa" : "100,00", "psna" : "0,00", "e" : "550165", "ea" : "544107", "ena" : "0", "esi" : "544107", "esni" : "0", "c" : "437847", "a" : "106260", "pea" : "100,00", "pena" : "0,00", "pesi" : "98,90", "pesni" : "0,00", "pa" : "19,53", "pc" : "80,47", "munnr" : "0", "munpt" : "7", "munf" : "9", "pmunnr" : "00,00", "pmunpt" : "43,75", "pmunf" : "56,25" }, 
{ "and" : "P", "tpabr" : "UF", "cdabr" : "RJ", "dt" : "02/10/2022", "ht" : "20:58:14", "s" : "34068", "st" : "32303", "snt" : "1765", "si" : "32303", "sni" : "0", "sa" : "32303", "sna" : "0", "pst" : "94,82", "psnt" : "5,18", "psi" : "94,82", "psni" : "0,00", "psa" : "100,00", "psna" : "0,00", "e" : "12826356", "ea" : "12126412", "ena" : "0", "esi" : "12126412", "esni" : "0", "c" : "9371880", "a" : "2754532", "pea" : "100,00", "pena" : "0,00", "pesi" : "94,54", "pesni" : "0,00", "pa" : "22,72", "pc" : "77,28", "munnr" : "2", "munpt" : "43", "munf" : "47", "pmunnr" : "2,17", "pmunpt" : "46,74", "pmunf" : "51,09" }, 
{ "and" : "P", "tpabr" : "UF", "cdabr" : "RR", "dt" : "02/10/2022", "ht" : "20:53:26", "s" : "1268", "st" : "1264", "snt" : "4", "si" : "1264", "sni" : "0", "sa" : "1264", "sna" : "0", "pst" : "99,68", "psnt" : "0,32", "psi" : "99,68", "psni" : "0,00", "psa" : "100,00", "psna" : "0,00", "e" : "366632", "ea" : "365474", "ena" : "0", "esi" : "365474", "esni" : "0", "c" : "304422", "a" : "61052", "pea" : "100,00", "pena" : "0,00", "pesi" : "99,68", "pesni" : "0,00", "pa" : "16,70", "pc" : "83,30", "munnr" : "0", "munpt" : "3", "munf" : "12", "pmunnr" : "00,00", "pmunpt" : "20,00", "pmunf" : "80,00" }, 
{ "and" : "P", "tpabr" : "UF", "cdabr" : "ZZ", "dt" : "02/10/2022", "ht" : "20:58:15", "s" : "1064", "st" : "840", "snt" : "224", "si" : "794", "sni" : "46", "sa" : "794", "sna" : "0", "pst" : "78,95", "psnt" : "21,05", "psi" : "74,62", "psni" : "25,38", "psa" : "100,00", "psna" : "0,00", "e" : "695355", "ea" : "551203", "ena" : "0", "esi" : "551203", "esni" : "573", "c" : "245904", "a" : "305299", "pea" : "100,00", "pena" : "0,00", "pesi" : "79,27", "pesni" : "99,92", "pa" : "55,39", "pc" : "44,61", "munnr" : "33", "munpt" : "24", "munf" : "124", "pmunnr" : "18,23", "pmunpt" : "13,26", "pmunf" : "68,51" }, 
{ "and" : "P", "tpabr" : "UF", "cdabr" : "SP", "dt" : "02/10/2022", "ht" : "20:58:16", "s" : "101073", "st" : "98947", "snt" : "2126", "si" : "98947", "sni" : "0", "sa" : "98947", "sna" : "0", "pst" : "97,90", "psnt" : "2,10", "psi" : "97,90", "psni" : "0,00", "psa" : "100,00", "psna" : "0,00", "e" : "34684927", "ea" : "33929013", "ena" : "0", "esi" : "33929013", "esni" : "0", "c" : "26595332", "a" : "7333681", "pea" : "100,00", "pena" : "0,00", "pesi" : "97,82", "pesni" : "0,00", "pa" : "21,61", "pc" : "78,39", "munnr" : "9", "munpt" : "52", "munf" : "584", "pmunnr" : "1,40", "pmunpt" : "8,06", "pmunf" : "90,54" }, 
{ "and" : "P", "tpabr" : "BR", "cdabr" : "BR", "dt" : "02/10/2022", "ht" : "20:58:37", "s" : "472075", "st" : "447327", "snt" : "24748", "si" : "447280", "sni" : "47", "sa" : "447280", "sna" : "0", "pst" : "94,75", "psnt" : "5,25", "psi" : "94,74", "psni" : "5,26", "psa" : "100,00", "psna" : "0,00", "e" : "156454011", "ea" : "148077503", "ena" : "0", "esi" : "148077503", "esni" : "657", "c" : "117202610", "a" : "30874893", "pea" : "100,00", "pena" : "0,00", "pesi" : "94,64", "pesni" : "100,00", "pa" : "20,86", "pc" : "79,14", "ufsnr" : "0", "ufspt" : "26", "ufsf" : "2", "pufsnr" : "00,00", "pufspt" : "92,86", "pufsf" : "7,14" } ] }