
{ "ele" : "544", "t" : "1", "f" : "O", "dg" : "02/10/2022", "hg" : "20:48:01", "abr" : [ 
{ "and" : "P", "tpabr" : "UF", "cdabr" : "AM", "dt" : "02/10/2022", "ht" : "20:46:56", "s" : "7454", "st" : "7038", "snt" : "416", "si" : "7038", "sni" : "0", "sa" : "7038", "sna" : "0", "pst" : "94,42", "psnt" : "5,58", "psi" : "94,42", "psni" : "0,00", "psa" : "100,00", "psna" : "0,00", "e" : "2646924", "ea" : "2489933", "ena" : "0", "esi" : "2489933", "esni" : "0", "c" : "1993653", "a" : "496280", "pea" : "100,00", "pena" : "0,00", "pesi" : "94,07", "pesni" : "0,00", "pa" : "19,93", "pc" : "80,07", "munnr" : "0", "munpt" : "40", "munf" : "22", "pmunnr" : "00,00", "pmunpt" : "64,52", "pmunf" : "35,48" }, 
{ "and" : "P", "tpabr" : "UF", "cdabr" : "PE", "dt" : "02/10/2022", "ht" : "20:47:18", "s" : "20572", "st" : "18336", "snt" : "2236", "si" : "18336", "sni" : "0", "sa" : "18336", "sna" : "0", "pst" : "89,13", "psnt" : "10,87", "psi" : "89,13", "psni" : "0,00", "psa" : "100,00", "psna" : "0,00", "e" : "7015421", "ea" : "6237224", "ena" : "0", "esi" : "6237224", "esni" : "0", "c" : "5120605", "a" : "1116619", "pea" : "100,00", "pena" : "0,00", "pesi" : "88,91", "pesni" : "0,00", "pa" : "17,90", "pc" : "82,10", "munnr" : "15", "munpt" : "92", "munf" : "78", "pmunnr" : "8,11", "pmunpt" : "49,73", "pmunf" : "42,16" }, 
{ "and" : "P", "tpabr" : "UF", "cdabr" : "RN", "dt" : "02/10/2022", "ht" : "20:47:20", "s" : "7674", "st" : "7371", "snt" : "303", "si" : "7371", "sni" : "0", "sa" : "7371", "sna" : "0", "pst" : "96,05", "psnt" : "3,95", "psi" : "96,05", "psni" : "0,00", "psa" : "100,00", "psna" : "0,00", "e" : "2554716", "ea" : "2450659", "ena" : "0", "esi" : "2450659", "esni" : "0", "c" : "2005907", "a" : "444752", "pea" : "100,00", "pena" : "0,00", "pesi" : "95,93", "pesni" : "0,00", "pa" : "18,15", "pc" : "81,85", "munnr" : "1", "munpt" : "40", "munf" : "126", "pmunnr" : "0,60", "pmunpt" : "23,95", "pmunf" : "75,45" }, 
{ "and" : "P", "tpabr" : "UF", "cdabr" : "MG", "dt" : "02/10/2022", "ht" : "20:47:00", "s" : "49981", "st" : "46193", "snt" : "3788", "si" : "46193", "sni" : "0", "sa" : "46193", "sna" : "0", "pst" : "92,42", "psnt" : "7,58", "psi" : "92,42", "psni" : "0,00", "psa" : "100,00", "psna" : "0,00", "e" : "16283828", "ea" : "14997351", "ena" : "0", "esi" : "14997351", "esni" : "0", "c" : "11666359", "a" : "3330992", "pea" : "100,00", "pena" : "0,00", "pesi" : "92,10", "pesni" : "0,00", "pa" : "22,21", "pc" : "77,79", "munnr" : "72", "munpt" : "127", "munf" : "654", "pmunnr" : "8,44", "pmunpt" : "14,89", "pmunf" : "76,67" }, 
{ "and" : "P", "tpabr" : "UF", "cdabr" : "RO", "dt" : "02/10/2022", "ht" : "20:47:06", "s" : "4198", "st" : "4145", "snt" : "53", "si" : "4145", "sni" : "0", "sa" : "4145", "sna" : "0", "pst" : "98,74", "psnt" : "1,26", "psi" : "98,74", "psni" : "0,00", "psa" : "100,00", "psna" : "0,00", "e" : "1229998", "ea" : "1211311", "ena" : "0", "esi" : "1211311", "esni" : "0", "c" : "913291", "a" : "298020", "pea" : "100,00", "pena" : "0,00", "pesi" : "98,48", "pesni" : "0,00", "pa" : "24,60", "pc" : "75,40", "munnr" : "0", "munpt" : "11", "munf" : "41", "pmunnr" : "00,00", "pmunpt" : "21,15", "pmunf" : "78,85" }, 
{ "and" : "P", "tpabr" : "UF", "cdabr" : "CE", "dt" : "02/10/2022", "ht" : "20:46:55", "s" : "22796", "st" : "20221", "snt" : "2575", "si" : "20221", "sni" : "0", "sa" : "20221", "sna" : "0", "pst" : "88,70", "psnt" : "11,30", "psi" : "88,70", "psni" : "0,00", "psa" : "100,00", "psna" : "0,00", "e" : "6818732", "ea" : "6077441", "ena" : "0", "esi" : "6077441", "esni" : "0", "c" : "5015344", "a" : "1062097", "pea" : "100,00", "pena" : "0,00", "pesi" : "89,13", "pesni" : "0,00", "pa" : "17,48", "pc" : "82,52", "munnr" : "10", "munpt" : "105", "munf" : "69", "pmunnr" : "5,43", "pmunpt" : "57,07", "pmunf" : "37,50" }, 
{ "and" : "P", "tpabr" : "UF", "cdabr" : "GO", "dt" : "02/10/2022", "ht" : "20:46:55", "s" : "14620", "st" : "14387", "snt" : "233", "si" : "14387", "sni" : "0", "sa" : "14387", "sna" : "0", "pst" : "98,41", "psnt" : "1,59", "psi" : "98,41", "psni" : "0,00", "psa" : "100,00", "psna" : "0,00", "e" : "4870292", "ea" : "4791154", "ena" : "0", "esi" : "4791154", "esni" : "0", "c" : "3752234", "a" : "1038920", "pea" : "100,00", "pena" : "0,00", "pesi" : "98,38", "pesni" : "0,00", "pa" : "21,68", "pc" : "78,32", "munnr" : "6", "munpt" : "26", "munf" : "214", "pmunnr" : "2,44", "pmunpt" : "10,57", "pmunf" : "86,99" }, 
{ "and" : "P", "tpabr" : "UF", "cdabr" : "MS", "dt" : "02/10/2022", "ht" : "20:46:56", "s" : "6912", "st" : "6908", "snt" : "4", "si" : "6908", "sni" : "0", "sa" : "6908", "sna" : "0", "pst" : "99,94", "psnt" : "0,06", "psi" : "99,94", "psni" : "0,00", "psa" : "100,00", "psna" : "0,00", "e" : "1995932", "ea" : "1994960", "ena" : "0", "esi" : "1994960", "esni" : "0", "c" : "1554323", "a" : "440637", "pea" : "100,00", "pena" : "0,00", "pesi" : "99,95", "pesni" : "0,00", "pa" : "22,09", "pc" : "77,91", "munnr" : "0", "munpt" : "3", "munf" : "76", "pmunnr" : "00,00", "pmunpt" : "3,80", "pmunf" : "96,20" }, 
{ "and" : "P", "tpabr" : "UF", "cdabr" : "MT", "dt" : "02/10/2022", "ht" : "20:46:56", "s" : "7652", "st" : "7528", "snt" : "124", "si" : "7528", "sni" : "0", "sa" : "7528", "sna" : "0", "pst" : "98,38", "psnt" : "1,62", "psi" : "98,38", "psni" : "0,00", "psa" : "100,00", "psna" : "0,00", "e" : "2469604", "ea" : "2429020", "ena" : "0", "esi" : "2429020", "esni" : "0", "c" : "1862016", "a" : "567004", "pea" : "100,00", "pena" : "0,00", "pesi" : "98,36", "pesni" : "0,00", "pa" : "23,34", "pc" : "76,66", "munnr" : "1", "munpt" : "20", "munf" : "120", "pmunnr" : "0,71", "pmunpt" : "14,18", "pmunf" : "85,11" }, 
{ "and" : "P", "tpabr" : "UF", "cdabr" : "SE", "dt" : "02/10/2022", "ht" : "20:43:12", "s" : "5498", "st" : "5403", "snt" : "95", "si" : "5403", "sni" : "0", "sa" : "5403", "sna" : "0", "pst" : "98,27", "psnt" : "1,73", "psi" : "98,27", "psni" : "0,00", "psa" : "100,00", "psna" : "0,00", "e" : "1671376", "ea" : "1638247", "ena" : "0", "esi" : "1638247", "esni" : "0", "c" : "1337721", "a" : "300526", "pea" : "100,00", "pena" : "0,00", "pesi" : "98,02", "pesni" : "0,00", "pa" : "18,34", "pc" : "81,66", "munnr" : "0", "munpt" : "14", "munf" : "61", "pmunnr" : "00,00", "pmunpt" : "18,67", "pmunf" : "81,33" }, 
{ "and" : "F", "tpabr" : "UF", "cdabr" : "DF", "dt" : "02/10/2022", "ht" : "20:36:59", "s" : "6748", "st" : "6748", "snt" : "0", "si" : "6748", "sni" : "0", "sa" : "6748", "sna" : "0", "pst" : "100,00", "psnt" : "0,00", "psi" : "100,00", "psni" : "0,00", "psa" : "100,00", "psna" : "0,00", "e" : "2206996", "ea" : "2206996", "ena" : "0", "esi" : "2206996", "esni" : "0", "c" : "1819900", "a" : "387096", "pea" : "100,00", "pena" : "0,00", "pesi" : "100,00", "pesni" : "0,00", "pa" : "17,54", "pc" : "82,46", "munnr" : "0", "munpt" : "0", "munf" : "1", "pmunnr" : "00,00", "pmunpt" : "00,00", "pmunf" : "100,00" }, 
{ "and" : "F", "tpabr" : "UF", "cdabr" : "ES", "dt" : "02/10/2022", "ht" : "20:41:59", "s" : "9239", "st" : "9239", "snt" : "0", "si" : "9239", "sni" : "0", "sa" : "9239", "sna" : "0", "pst" : "100,00", "psnt" : "0,00", "psi" : "100,00", "psni" : "0,00", "psa" : "100,00", "psna" : "0,00", "e" : "2922379", "ea" : "2922379", "ena" : "0", "esi" : "2922379", "esni" : "0", "c" : "2315889", "a" : "606490", "pea" : "100,00", "pena" : "0,00", "pesi" : "100,00", "pesni" : "0,00", "pa" : "20,75", "pc" : "79,25", "munnr" : "0", "munpt" : "0", "munf" : "78", "pmunnr" : "00,00", "pmunpt" : "00,00", "pmunf" : "100,00" }, 
{ "and" : "P", "tpabr" : "UF", "cdabr" : "MA", "dt" : "02/10/2022", "ht" : "20:47:26", "s" : "16423", "st" : "11644", "snt" : "4779", "si" : "11644", "sni" : "0", "sa" : "11644", "sna" : "0", "pst" : "70,90", "psnt" : "29,10", "psi" : "70,90", "psni" : "0,00", "psa" : "100,00", "psna" : "0,00", "e" : "5039287", "ea" : "3587419", "ena" : "0", "esi" : "3587419", "esni" : "0", "c" : "2813277", "a" : "774142", "pea" : "100,00", "pena" : "0,00", "pesi" : "71,19", "pesni" : "0,00", "pa" : "21,58", "pc" : "78,42", "munnr" : "36", "munpt" : "144", "munf" : "37", "pmunnr" : "16,59", "pmunpt" : "66,36", "pmunf" : "17,05" }, 
{ "and" : "P", "tpabr" : "UF", "cdabr" : "PA", "dt" : "02/10/2022", "ht" : "20:47:26", "s" : "18235", "st" : "16841", "snt" : "1394", "si" : "16841", "sni" : "0", "sa" : "16841", "sna" : "0", "pst" : "92,36", "psnt" : "7,64", "psi" : "92,36", "psni" : "0,00", "psa" : "100,00", "psna" : "0,00", "e" : "6079280", "ea" : "5605840", "ena" : "0", "esi" : "5605840", "esni" : "0", "c" : "4414241", "a" : "1191599", "pea" : "100,00", "pena" : "0,00", "pesi" : "92,21", "pesni" : "0,00", "pa" : "21,26", "pc" : "78,74", "munnr" : "0", "munpt" : "110", "munf" : "34", "pmunnr" : "00,00", "pmunpt" : "76,39", "pmunf" : "23,61" }, 
{ "and" : "P", "tpabr" : "UF", "cdabr" : "PI", "dt" : "02/10/2022", "ht" : "20:47:00", "s" : "8963", "st" : "8078", "snt" : "885", "si" : "8078", "sni" : "0", "sa" : "8078", "sna" : "0", "pst" : "90,13", "psnt" : "9,87", "psi" : "90,13", "psni" : "0,00", "psa" : "100,00", "psna" : "0,00", "e" : "2570433", "ea" : "2308121", "ena" : "0", "esi" : "2308121", "esni" : "0", "c" : "1899232", "a" : "408889", "pea" : "100,00", "pena" : "0,00", "pesi" : "89,80", "pesni" : "0,00", "pa" : "17,72", "pc" : "82,28", "munnr" : "8", "munpt" : "126", "munf" : "90", "pmunnr" : "3,57", "pmunpt" : "56,25", "pmunf" : "40,18" }, 
{ "and" : "P", "tpabr" : "UF", "cdabr" : "RS", "dt" : "02/10/2022", "ht" : "20:46:59", "s" : "27201", "st" : "26746", "snt" : "455", "si" : "26746", "sni" : "0", "sa" : "26746", "sna" : "0", "pst" : "98,33", "psnt" : "1,67", "psi" : "98,33", "psni" : "0,00", "psa" : "100,00", "psna" : "0,00", "e" : "8589432", "ea" : "8436430", "ena" : "0", "esi" : "8436430", "esni" : "0", "c" : "6767990", "a" : "1668440", "pea" : "100,00", "pena" : "0,00", "pesi" : "98,22", "pesni" : "0,00", "pa" : "19,78", "pc" : "80,22", "munnr" : "6", "munpt" : "28", "munf" : "463", "pmunnr" : "1,21", "pmunpt" : "5,63", "pmunf" : "93,16" }, 
{ "and" : "P", "tpabr" : "UF", "cdabr" : "AC", "dt" : "02/10/2022", "ht" : "20:41:59", "s" : "2124", "st" : "2070", "snt" : "54", "si" : "2070", "sni" : "0", "sa" : "2070", "sna" : "0", "pst" : "97,46", "psnt" : "2,54", "psi" : "97,46", "psni" : "0,00", "psa" : "100,00", "psna" : "0,00", "e" : "587738", "ea" : "572513", "ena" : "0", "esi" : "572513", "esni" : "0", "c" : "444446", "a" : "128067", "pea" : "100,00", "pena" : "0,00", "pesi" : "97,41", "pesni" : "0,00", "pa" : "22,37", "pc" : "77,63", "munnr" : "0", "munpt" : "8", "munf" : "14", "pmunnr" : "00,00", "pmunpt" : "36,36", "pmunf" : "63,64" }, 
{ "and" : "P", "tpabr" : "UF", "cdabr" : "PR", "dt" : "02/10/2022", "ht" : "20:45:24", "s" : "25721", "st" : "25525", "snt" : "196", "si" : "25525", "sni" : "0", "sa" : "25525", "sna" : "0", "pst" : "99,24", "psnt" : "0,76", "psi" : "99,24", "psni" : "0,00", "psa" : "100,00", "psna" : "0,00", "e" : "8480435", "ea" : "8415191", "ena" : "0", "esi" : "8415191", "esni" : "0", "c" : "6777919", "a" : "1637272", "pea" : "100,00", "pena" : "0,00", "pesi" : "99,23", "pesni" : "0,00", "pa" : "19,46", "pc" : "80,54", "munnr" : "2", "munpt" : "36", "munf" : "361", "pmunnr" : "0,50", "pmunpt" : "9,02", "pmunf" : "90,48" }, 
{ "and" : "P", "tpabr" : "UF", "cdabr" : "SC", "dt" : "02/10/2022", "ht" : "20:47:20", "s" : "16242", "st" : "15954", "snt" : "288", "si" : "15954", "sni" : "0", "sa" : "15954", "sna" : "0", "pst" : "98,23", "psnt" : "1,77", "psi" : "98,23", "psni" : "0,00", "psa" : "100,00", "psna" : "0,00", "e" : "5501478", "ea" : "5398955", "ena" : "0", "esi" : "5398955", "esni" : "0", "c" : "4403956", "a" : "994999", "pea" : "100,00", "pena" : "0,00", "pesi" : "98,14", "pesni" : "0,00", "pa" : "18,43", "pc" : "81,57", "munnr" : "2", "munpt" : "24", "munf" : "269", "pmunnr" : "0,68", "pmunpt" : "8,14", "pmunf" : "91,19" }, 
{ "and" : "P", "tpabr" : "UF", "cdabr" : "TO", "dt" : "02/10/2022", "ht" : "20:43:12", "s" : "3957", "st" : "3932", "snt" : "25", "si" : "3932", "sni" : "0", "sa" : "3932", "sna" : "0", "pst" : "99,37", "psnt" : "0,63", "psi" : "99,37", "psni" : "0,00", "psa" : "100,00", "psna" : "0,00", "e" : "1094346", "ea" : "1086828", "ena" : "0", "esi" : "1086828", "esni" : "0", "c" : "885406", "a" : "201422", "pea" : "100,00", "pena" : "0,00", "pesi" : "99,31", "pesni" : "0,00", "pa" : "18,53", "pc" : "81,47", "munnr" : "0", "munpt" : "8", "munf" : "131", "pmunnr" : "00,00", "pmunpt" : "5,76", "pmunf" : "94,24" }, 
{ "and" : "P", "tpabr" : "UF", "cdabr" : "AL", "dt" : "02/10/2022", "ht" : "20:47:28", "s" : "6626", "st" : "4377", "snt" : "2249", "si" : "4377", "sni" : "0", "sa" : "4377", "sna" : "0", "pst" : "66,06", "psnt" : "33,94", "psi" : "66,06", "psni" : "0,00", "psa" : "100,00", "psna" : "0,00", "e" : "2326491", "ea" : "1483751", "ena" : "0", "esi" : "1483751", "esni" : "0", "c" : "1158097", "a" : "325654", "pea" : "100,00", "pena" : "0,00", "pesi" : "63,78", "pesni" : "0,00", "pa" : "21,95", "pc" : "78,05", "munnr" : "26", "munpt" : "43", "munf" : "33", "pmunnr" : "25,49", "pmunpt" : "42,16", "pmunf" : "32,35" }, 
{ "and" : "P", "tpabr" : "UF", "cdabr" : "BA", "dt" : "02/10/2022", "ht" : "20:47:05", "s" : "34424", "st" : "29399", "snt" : "5025", "si" : "29399", "sni" : "0", "sa" : "29399", "sna" : "0", "pst" : "85,40", "psnt" : "14,60", "psi" : "85,40", "psni" : "0,00", "psa" : "100,00", "psna" : "0,00", "e" : "11283405", "ea" : "9607193", "ena" : "0", "esi" : "9607193", "esni" : "0", "c" : "7573582", "a" : "2033611", "pea" : "100,00", "pena" : "0,00", "pesi" : "85,14", "pesni" : "0,00", "pa" : "21,17", "pc" : "78,83", "munnr" : "19", "munpt" : "249", "munf" : "149", "pmunnr" : "4,56", "pmunpt" : "59,71", "pmunf" : "35,73" }, 
{ "and" : "P", "tpabr" : "UF", "cdabr" : "PB", "dt" : "02/10/2022", "ht" : "20:46:56", "s" : "9602", "st" : "9444", "snt" : "158", "si" : "9444", "sni" : "0", "sa" : "9444", "sna" : "0", "pst" : "98,35", "psnt" : "1,65", "psi" : "98,35", "psni" : "0,00", "psa" : "100,00", "psna" : "0,00", "e" : "3092053", "ea" : "3039536", "ena" : "0", "esi" : "3039536", "esni" : "0", "c" : "2514925", "a" : "524611", "pea" : "100,00", "pena" : "0,00", "pesi" : "98,30", "pesni" : "0,00", "pa" : "17,26", "pc" : "82,74", "munnr" : "1", "munpt" : "26", "munf" : "196", "pmunnr" : "0,45", "pmunpt" : "11,66", "pmunf" : "87,89" }, 
{ "and" : "P", "tpabr" : "UF", "cdabr" : "AP", "dt" : "02/10/2022", "ht" : "20:46:55", "s" : "1740", "st" : "1709", "snt" : "31", "si" : "1709", "sni" : "0", "sa" : "1709", "sna" : "0", "pst" : "98,22", "psnt" : "1,78", "psi" : "98,22", "psni" : "0,00", "psa" : "100,00", "psna" : "0,00", "e" : "550165", "ea" : "539554", "ena" : "0", "esi" : "539554", "esni" : "0", "c" : "434032", "a" : "105522", "pea" : "100,00", "pena" : "0,00", "pesi" : "98,07", "pesni" : "0,00", "pa" : "19,56", "pc" : "80,44", "munnr" : "0", "munpt" : "7", "munf" : "9", "pmunnr" : "00,00", "pmunpt" : "43,75", "pmunf" : "56,25" }, 
{ "and" : "P", "tpabr" : "UF", "cdabr" : "RJ", "dt" : "02/10/2022", "ht" : "20:47:00", "s" : "34068", "st" : "31482", "snt" : "2586", "si" : "31482", "sni" : "0", "sa" : "31482", "sna" : "0", "pst" : "92,41", "psnt" : "7,59", "psi" : "92,41", "psni" : "0,00", "psa" : "100,00", "psna" : "0,00", "e" : "12826356", "ea" : "11798098", "ena" : "0", "esi" : "11798098", "esni" : "0", "c" : "9118317", "a" : "2679781", "pea" : "100,00", "pena" : "0,00", "pesi" : "91,98", "pesni" : "0,00", "pa" : "22,71", "pc" : "77,29", "munnr" : "3", "munpt" : "46", "munf" : "43", "pmunnr" : "3,26", "pmunpt" : "50,00", "pmunf" : "46,74" }, 
{ "and" : "P", "tpabr" : "UF", "cdabr" : "RR", "dt" : "02/10/2022", "ht" : "20:46:57", "s" : "1268", "st" : "1263", "snt" : "5", "si" : "1263", "sni" : "0", "sa" : "1263", "sna" : "0", "pst" : "99,61", "psnt" : "0,39", "psi" : "99,61", "psni" : "0,00", "psa" : "100,00", "psna" : "0,00", "e" : "366632", "ea" : "365146", "ena" : "0", "esi" : "365146", "esni" : "0", "c" : "304149", "a" : "60997", "pea" : "100,00", "pena" : "0,00", "pesi" : "99,59", "pesni" : "0,00", "pa" : "16,70", "pc" : "83,30", "munnr" : "0", "munpt" : "3", "munf" : "12", "pmunnr" : "00,00", "pmunpt" : "20,00", "pmunf" : "80,00" }, 
{ "and" : "P", "tpabr" : "UF", "cdabr" : "ZZ", "dt" : "02/10/2022", "ht" : "20:45:26", "s" : "1064", "st" : "819", "snt" : "245", "si" : "773", "sni" : "46", "sa" : "773", "sna" : "0", "pst" : "76,97", "psnt" : "23,03", "psi" : "72,65", "psni" : "27,35", "psa" : "100,00", "psna" : "0,00", "e" : "695355", "ea" : "539271", "ena" : "0", "esi" : "539271", "esni" : "573", "c" : "238738", "a" : "300533", "pea" : "100,00", "pena" : "0,00", "pesi" : "77,55", "pesni" : "99,92", "pa" : "55,73", "pc" : "44,27", "munnr" : "40", "munpt" : "24", "munf" : "117", "pmunnr" : "22,10", "pmunpt" : "13,26", "pmunf" : "64,64" }, 
{ "and" : "P", "tpabr" : "UF", "cdabr" : "SP", "dt" : "02/10/2022", "ht" : "20:47:00", "s" : "101073", "st" : "97668", "snt" : "3405", "si" : "97668", "sni" : "0", "sa" : "97668", "sna" : "0", "pst" : "96,63", "psnt" : "3,37", "psi" : "96,63", "psni" : "0,00", "psa" : "100,00", "psna" : "0,00", "e" : "34684927", "ea" : "33468589", "ena" : "0", "esi" : "33468589", "esni" : "0", "c" : "26223700", "a" : "7244889", "pea" : "100,00", "pena" : "0,00", "pesi" : "96,49", "pesni" : "0,00", "pa" : "21,65", "pc" : "78,35", "munnr" : "15", "munpt" : "57", "munf" : "573", "pmunnr" : "2,33", "pmunpt" : "8,84", "pmunf" : "88,84" }, 
{ "and" : "P", "tpabr" : "BR", "cdabr" : "BR", "dt" : "02/10/2022", "ht" : "20:47:28", "s" : "472075", "st" : "440468", "snt" : "31607", "si" : "440422", "sni" : "46", "sa" : "440422", "sna" : "0", "pst" : "93,30", "psnt" : "6,70", "psi" : "93,29", "psni" : "6,71", "psa" : "100,00", "psna" : "0,00", "e" : "156454011", "ea" : "145699110", "ena" : "0", "esi" : "145699110", "esni" : "573", "c" : "115329249", "a" : "30369861", "pea" : "100,00", "pena" : "0,00", "pesi" : "93,12", "pesni" : "100,00", "pa" : "20,85", "pc" : "79,15", "ufsnr" : "0", "ufspt" : "26", "ufsf" : "2", "pufsnr" : "00,00", "pufspt" : "92,86", "pufsf" : "7,14" } ] }