
{ "ele" : "544", "t" : "1", "f" : "O", "dg" : "02/10/2022", "hg" : "20:03:32", "abr" : [ 
{ "and" : "P", "tpabr" : "UF", "cdabr" : "AM", "dt" : "02/10/2022", "ht" : "20:02:25", "s" : "7454", "st" : "5741", "snt" : "1713", "si" : "5741", "sni" : "0", "sa" : "5741", "sna" : "0", "pst" : "77,02", "psnt" : "22,98", "psi" : "77,02", "psni" : "0,00", "psa" : "100,00", "psna" : "0,00", "e" : "2646924", "ea" : "2019445", "ena" : "0", "esi" : "2019445", "esni" : "0", "c" : "1637156", "a" : "382289", "pea" : "100,00", "pena" : "0,00", "pesi" : "76,29", "pesni" : "0,00", "pa" : "18,93", "pc" : "81,07", "munnr" : "2", "munpt" : "57", "munf" : "3", "pmunnr" : "3,23", "pmunpt" : "91,94", "pmunf" : "4,84" }, 
{ "and" : "P", "tpabr" : "UF", "cdabr" : "PE", "dt" : "02/10/2022", "ht" : "20:02:18", "s" : "20572", "st" : "11086", "snt" : "9486", "si" : "11086", "sni" : "0", "sa" : "11086", "sna" : "0", "pst" : "53,89", "psnt" : "46,11", "psi" : "53,89", "psni" : "0,00", "psa" : "100,00", "psna" : "0,00", "e" : "7015421", "ea" : "3663774", "ena" : "0", "esi" : "3663774", "esni" : "0", "c" : "3019180", "a" : "644594", "pea" : "100,00", "pena" : "0,00", "pesi" : "52,22", "pesni" : "0,00", "pa" : "17,59", "pc" : "82,41", "munnr" : "49", "munpt" : "128", "munf" : "8", "pmunnr" : "26,49", "pmunpt" : "69,19", "pmunf" : "4,32" }, 
{ "and" : "P", "tpabr" : "UF", "cdabr" : "RN", "dt" : "02/10/2022", "ht" : "20:03:08", "s" : "7674", "st" : "5545", "snt" : "2129", "si" : "5545", "sni" : "0", "sa" : "5545", "sna" : "0", "pst" : "72,26", "psnt" : "27,74", "psi" : "72,26", "psni" : "0,00", "psa" : "100,00", "psna" : "0,00", "e" : "2554716", "ea" : "1789266", "ena" : "0", "esi" : "1789266", "esni" : "0", "c" : "1467956", "a" : "321310", "pea" : "100,00", "pena" : "0,00", "pesi" : "70,04", "pesni" : "0,00", "pa" : "17,96", "pc" : "82,04", "munnr" : "10", "munpt" : "93", "munf" : "64", "pmunnr" : "5,99", "pmunpt" : "55,69", "pmunf" : "38,32" }, 
{ "and" : "P", "tpabr" : "UF", "cdabr" : "MG", "dt" : "02/10/2022", "ht" : "20:02:49", "s" : "49981", "st" : "31435", "snt" : "18546", "si" : "31435", "sni" : "0", "sa" : "31435", "sna" : "0", "pst" : "62,89", "psnt" : "37,11", "psi" : "62,89", "psni" : "0,00", "psa" : "100,00", "psna" : "0,00", "e" : "16283828", "ea" : "9960728", "ena" : "0", "esi" : "9960728", "esni" : "0", "c" : "7748441", "a" : "2212287", "pea" : "100,00", "pena" : "0,00", "pesi" : "61,17", "pesni" : "0,00", "pa" : "22,21", "pc" : "77,79", "munnr" : "272", "munpt" : "306", "munf" : "275", "pmunnr" : "31,89", "pmunpt" : "35,87", "pmunf" : "32,24" }, 
{ "and" : "P", "tpabr" : "UF", "cdabr" : "RO", "dt" : "02/10/2022", "ht" : "20:02:11", "s" : "4198", "st" : "3639", "snt" : "559", "si" : "3639", "sni" : "0", "sa" : "3639", "sna" : "0", "pst" : "86,68", "psnt" : "13,32", "psi" : "86,68", "psni" : "0,00", "psa" : "100,00", "psna" : "0,00", "e" : "1229998", "ea" : "1048686", "ena" : "0", "esi" : "1048686", "esni" : "0", "c" : "794005", "a" : "254681", "pea" : "100,00", "pena" : "0,00", "pesi" : "85,26", "pesni" : "0,00", "pa" : "24,29", "pc" : "75,71", "munnr" : "1", "munpt" : "37", "munf" : "14", "pmunnr" : "1,92", "pmunpt" : "71,15", "pmunf" : "26,92" }, 
{ "and" : "P", "tpabr" : "UF", "cdabr" : "CE", "dt" : "02/10/2022", "ht" : "20:02:58", "s" : "22796", "st" : "13057", "snt" : "9739", "si" : "13057", "sni" : "0", "sa" : "13057", "sna" : "0", "pst" : "57,28", "psnt" : "42,72", "psi" : "57,28", "psni" : "0,00", "psa" : "100,00", "psna" : "0,00", "e" : "6818732", "ea" : "3908241", "ena" : "0", "esi" : "3908241", "esni" : "0", "c" : "3222247", "a" : "685994", "pea" : "100,00", "pena" : "0,00", "pesi" : "57,32", "pesni" : "0,00", "pa" : "17,55", "pc" : "82,45", "munnr" : "28", "munpt" : "143", "munf" : "13", "pmunnr" : "15,22", "pmunpt" : "77,72", "pmunf" : "7,07" }, 
{ "and" : "P", "tpabr" : "UF", "cdabr" : "GO", "dt" : "02/10/2022", "ht" : "20:02:45", "s" : "14620", "st" : "12512", "snt" : "2108", "si" : "12512", "sni" : "0", "sa" : "12512", "sna" : "0", "pst" : "85,58", "psnt" : "14,42", "psi" : "85,58", "psni" : "0,00", "psa" : "100,00", "psna" : "0,00", "e" : "4870292", "ea" : "4153005", "ena" : "0", "esi" : "4153005", "esni" : "0", "c" : "3254311", "a" : "898694", "pea" : "100,00", "pena" : "0,00", "pesi" : "85,27", "pesni" : "0,00", "pa" : "21,64", "pc" : "78,36", "munnr" : "56", "munpt" : "97", "munf" : "93", "pmunnr" : "22,76", "pmunpt" : "39,43", "pmunf" : "37,80" }, 
{ "and" : "P", "tpabr" : "UF", "cdabr" : "MS", "dt" : "02/10/2022", "ht" : "20:02:27", "s" : "6912", "st" : "6836", "snt" : "76", "si" : "6836", "sni" : "0", "sa" : "6836", "sna" : "0", "pst" : "98,90", "psnt" : "1,10", "psi" : "98,90", "psni" : "0,00", "psa" : "100,00", "psna" : "0,00", "e" : "1995932", "ea" : "1973706", "ena" : "0", "esi" : "1973706", "esni" : "0", "c" : "1538336", "a" : "435370", "pea" : "100,00", "pena" : "0,00", "pesi" : "98,89", "pesni" : "0,00", "pa" : "22,06", "pc" : "77,94", "munnr" : "0", "munpt" : "21", "munf" : "58", "pmunnr" : "00,00", "pmunpt" : "26,58", "pmunf" : "73,42" }, 
{ "and" : "P", "tpabr" : "UF", "cdabr" : "MT", "dt" : "02/10/2022", "ht" : "20:02:58", "s" : "7652", "st" : "6693", "snt" : "959", "si" : "6693", "sni" : "0", "sa" : "6693", "sna" : "0", "pst" : "87,47", "psnt" : "12,53", "psi" : "87,47", "psni" : "0,00", "psa" : "100,00", "psna" : "0,00", "e" : "2469604", "ea" : "2144569", "ena" : "0", "esi" : "2144569", "esni" : "0", "c" : "1648713", "a" : "495856", "pea" : "100,00", "pena" : "0,00", "pesi" : "86,84", "pesni" : "0,00", "pa" : "23,12", "pc" : "76,88", "munnr" : "6", "munpt" : "60", "munf" : "75", "pmunnr" : "4,26", "pmunpt" : "42,55", "pmunf" : "53,19" }, 
{ "and" : "P", "tpabr" : "UF", "cdabr" : "SE", "dt" : "02/10/2022", "ht" : "20:03:12", "s" : "5498", "st" : "4689", "snt" : "809", "si" : "4689", "sni" : "0", "sa" : "4689", "sna" : "0", "pst" : "85,29", "psnt" : "14,71", "psi" : "85,29", "psni" : "0,00", "psa" : "100,00", "psna" : "0,00", "e" : "1671376", "ea" : "1403611", "ena" : "0", "esi" : "1403611", "esni" : "0", "c" : "1149234", "a" : "254377", "pea" : "100,00", "pena" : "0,00", "pesi" : "83,98", "pesni" : "0,00", "pa" : "18,12", "pc" : "81,88", "munnr" : "2", "munpt" : "51", "munf" : "22", "pmunnr" : "2,67", "pmunpt" : "68,00", "pmunf" : "29,33" }, 
{ "and" : "P", "tpabr" : "UF", "cdabr" : "DF", "dt" : "02/10/2022", "ht" : "20:01:16", "s" : "6748", "st" : "6682", "snt" : "66", "si" : "6682", "sni" : "0", "sa" : "6682", "sna" : "0", "pst" : "99,02", "psnt" : "0,98", "psi" : "99,02", "psni" : "0,00", "psa" : "100,00", "psna" : "0,00", "e" : "2206996", "ea" : "2185021", "ena" : "0", "esi" : "2185021", "esni" : "0", "c" : "1802534", "a" : "382487", "pea" : "100,00", "pena" : "0,00", "pesi" : "99,00", "pesni" : "0,00", "pa" : "17,50", "pc" : "82,50", "munnr" : "0", "munpt" : "1", "munf" : "0", "pmunnr" : "00,00", "pmunpt" : "100,00", "pmunf" : "00,00" }, 
{ "and" : "P", "tpabr" : "UF", "cdabr" : "ES", "dt" : "02/10/2022", "ht" : "20:02:26", "s" : "9239", "st" : "9162", "snt" : "77", "si" : "9162", "sni" : "0", "sa" : "9162", "sna" : "0", "pst" : "99,17", "psnt" : "0,83", "psi" : "99,17", "psni" : "0,00", "psa" : "100,00", "psna" : "0,00", "e" : "2922379", "ea" : "2897631", "ena" : "0", "esi" : "2897631", "esni" : "0", "c" : "2296668", "a" : "600963", "pea" : "100,00", "pena" : "0,00", "pesi" : "99,15", "pesni" : "0,00", "pa" : "20,74", "pc" : "79,26", "munnr" : "0", "munpt" : "8", "munf" : "70", "pmunnr" : "00,00", "pmunpt" : "10,26", "pmunf" : "89,74" }, 
{ "and" : "P", "tpabr" : "UF", "cdabr" : "MA", "dt" : "02/10/2022", "ht" : "20:03:05", "s" : "16423", "st" : "6829", "snt" : "9594", "si" : "6829", "sni" : "0", "sa" : "6829", "sna" : "0", "pst" : "41,58", "psnt" : "58,42", "psi" : "41,58", "psni" : "0,00", "psa" : "100,00", "psna" : "0,00", "e" : "5039287", "ea" : "2076755", "ena" : "0", "esi" : "2076755", "esni" : "0", "c" : "1644324", "a" : "432431", "pea" : "100,00", "pena" : "0,00", "pesi" : "41,21", "pesni" : "0,00", "pa" : "20,82", "pc" : "79,18", "munnr" : "64", "munpt" : "150", "munf" : "3", "pmunnr" : "29,49", "pmunpt" : "69,12", "pmunf" : "1,38" }, 
{ "and" : "P", "tpabr" : "UF", "cdabr" : "PA", "dt" : "02/10/2022", "ht" : "20:01:09", "s" : "18235", "st" : "12519", "snt" : "5716", "si" : "12519", "sni" : "0", "sa" : "12519", "sna" : "0", "pst" : "68,65", "psnt" : "31,35", "psi" : "68,65", "psni" : "0,00", "psa" : "100,00", "psna" : "0,00", "e" : "6079280", "ea" : "4124347", "ena" : "0", "esi" : "4124347", "esni" : "0", "c" : "3257395", "a" : "866952", "pea" : "100,00", "pena" : "0,00", "pesi" : "67,84", "pesni" : "0,00", "pa" : "21,02", "pc" : "78,98", "munnr" : "0", "munpt" : "139", "munf" : "5", "pmunnr" : "00,00", "pmunpt" : "96,53", "pmunf" : "3,47" }, 
{ "and" : "P", "tpabr" : "UF", "cdabr" : "PI", "dt" : "02/10/2022", "ht" : "20:02:56", "s" : "8963", "st" : "6138", "snt" : "2825", "si" : "6138", "sni" : "0", "sa" : "6138", "sna" : "0", "pst" : "68,48", "psnt" : "31,52", "psi" : "68,48", "psni" : "0,00", "psa" : "100,00", "psna" : "0,00", "e" : "2570433", "ea" : "1726136", "ena" : "0", "esi" : "1726136", "esni" : "0", "c" : "1420191", "a" : "305945", "pea" : "100,00", "pena" : "0,00", "pesi" : "67,15", "pesni" : "0,00", "pa" : "17,72", "pc" : "82,28", "munnr" : "22", "munpt" : "181", "munf" : "21", "pmunnr" : "9,82", "pmunpt" : "80,80", "pmunf" : "9,38" }, 
{ "and" : "P", "tpabr" : "UF", "cdabr" : "RS", "dt" : "02/10/2022", "ht" : "20:02:36", "s" : "27201", "st" : "24131", "snt" : "3070", "si" : "24131", "sni" : "0", "sa" : "24131", "sna" : "0", "pst" : "88,71", "psnt" : "11,29", "psi" : "88,71", "psni" : "0,00", "psa" : "100,00", "psna" : "0,00", "e" : "8589432", "ea" : "7652398", "ena" : "0", "esi" : "7652398", "esni" : "0", "c" : "6129507", "a" : "1522891", "pea" : "100,00", "pena" : "0,00", "pesi" : "89,09", "pesni" : "0,00", "pa" : "19,90", "pc" : "80,10", "munnr" : "68", "munpt" : "137", "munf" : "292", "pmunnr" : "13,68", "pmunpt" : "27,57", "pmunf" : "58,75" }, 
{ "and" : "P", "tpabr" : "UF", "cdabr" : "AC", "dt" : "02/10/2022", "ht" : "20:02:25", "s" : "2124", "st" : "1954", "snt" : "170", "si" : "1954", "sni" : "0", "sa" : "1954", "sna" : "0", "pst" : "92,00", "psnt" : "8,00", "psi" : "92,00", "psni" : "0,00", "psa" : "100,00", "psna" : "0,00", "e" : "587738", "ea" : "541264", "ena" : "0", "esi" : "541264", "esni" : "0", "c" : "419973", "a" : "121291", "pea" : "100,00", "pena" : "0,00", "pesi" : "92,09", "pesni" : "0,00", "pa" : "22,41", "pc" : "77,59", "munnr" : "0", "munpt" : "17", "munf" : "5", "pmunnr" : "00,00", "pmunpt" : "77,27", "pmunf" : "22,73" }, 
{ "and" : "P", "tpabr" : "UF", "cdabr" : "PR", "dt" : "02/10/2022", "ht" : "20:02:31", "s" : "25721", "st" : "24249", "snt" : "1472", "si" : "24249", "sni" : "0", "sa" : "24249", "sna" : "0", "pst" : "94,28", "psnt" : "5,72", "psi" : "94,28", "psni" : "0,00", "psa" : "100,00", "psna" : "0,00", "e" : "8480435", "ea" : "7980251", "ena" : "0", "esi" : "7980251", "esni" : "0", "c" : "6428178", "a" : "1552073", "pea" : "100,00", "pena" : "0,00", "pesi" : "94,10", "pesni" : "0,00", "pa" : "19,45", "pc" : "80,55", "munnr" : "20", "munpt" : "138", "munf" : "241", "pmunnr" : "5,01", "pmunpt" : "34,59", "pmunf" : "60,40" }, 
{ "and" : "P", "tpabr" : "UF", "cdabr" : "SC", "dt" : "02/10/2022", "ht" : "20:01:16", "s" : "16242", "st" : "11800", "snt" : "4442", "si" : "11800", "sni" : "0", "sa" : "11800", "sna" : "0", "pst" : "72,65", "psnt" : "27,35", "psi" : "72,65", "psni" : "0,00", "psa" : "100,00", "psna" : "0,00", "e" : "5501478", "ea" : "3944515", "ena" : "0", "esi" : "3944515", "esni" : "0", "c" : "3233061", "a" : "711454", "pea" : "100,00", "pena" : "0,00", "pesi" : "71,70", "pesni" : "0,00", "pa" : "18,04", "pc" : "81,96", "munnr" : "32", "munpt" : "150", "munf" : "113", "pmunnr" : "10,85", "pmunpt" : "50,85", "pmunf" : "38,31" }, 
{ "and" : "P", "tpabr" : "UF", "cdabr" : "TO", "dt" : "02/10/2022", "ht" : "20:02:40", "s" : "3957", "st" : "3737", "snt" : "220", "si" : "3737", "sni" : "0", "sa" : "3737", "sna" : "0", "pst" : "94,44", "psnt" : "5,56", "psi" : "94,44", "psni" : "0,00", "psa" : "100,00", "psna" : "0,00", "e" : "1094346", "ea" : "1029952", "ena" : "0", "esi" : "1029952", "esni" : "0", "c" : "839401", "a" : "190551", "pea" : "100,00", "pena" : "0,00", "pesi" : "94,12", "pesni" : "0,00", "pa" : "18,50", "pc" : "81,50", "munnr" : "4", "munpt" : "38", "munf" : "97", "pmunnr" : "2,88", "pmunpt" : "27,34", "pmunf" : "69,78" }, 
{ "and" : "P", "tpabr" : "UF", "cdabr" : "AL", "dt" : "02/10/2022", "ht" : "20:02:25", "s" : "6626", "st" : "1817", "snt" : "4809", "si" : "1817", "sni" : "0", "sa" : "1817", "sna" : "0", "pst" : "27,42", "psnt" : "72,58", "psi" : "27,42", "psni" : "0,00", "psa" : "100,00", "psna" : "0,00", "e" : "2326491", "ea" : "583336", "ena" : "0", "esi" : "583336", "esni" : "0", "c" : "454935", "a" : "128401", "pea" : "100,00", "pena" : "0,00", "pesi" : "25,07", "pesni" : "0,00", "pa" : "22,01", "pc" : "77,99", "munnr" : "52", "munpt" : "45", "munf" : "5", "pmunnr" : "50,98", "pmunpt" : "44,12", "pmunf" : "4,90" }, 
{ "and" : "P", "tpabr" : "UF", "cdabr" : "BA", "dt" : "02/10/2022", "ht" : "20:03:05", "s" : "34424", "st" : "17661", "snt" : "16763", "si" : "17661", "sni" : "0", "sa" : "17661", "sna" : "0", "pst" : "51,30", "psnt" : "48,70", "psi" : "51,30", "psni" : "0,00", "psa" : "100,00", "psna" : "0,00", "e" : "11283405", "ea" : "5552311", "ena" : "0", "esi" : "5552311", "esni" : "0", "c" : "4369407", "a" : "1182904", "pea" : "100,00", "pena" : "0,00", "pesi" : "49,21", "pesni" : "0,00", "pa" : "21,30", "pc" : "78,70", "munnr" : "51", "munpt" : "337", "munf" : "29", "pmunnr" : "12,23", "pmunpt" : "80,82", "pmunf" : "6,95" }, 
{ "and" : "P", "tpabr" : "UF", "cdabr" : "PB", "dt" : "02/10/2022", "ht" : "20:02:55", "s" : "9602", "st" : "7508", "snt" : "2094", "si" : "7508", "sni" : "0", "sa" : "7508", "sna" : "0", "pst" : "78,19", "psnt" : "21,81", "psi" : "78,19", "psni" : "0,00", "psa" : "100,00", "psna" : "0,00", "e" : "3092053", "ea" : "2395278", "ena" : "0", "esi" : "2395278", "esni" : "0", "c" : "1989033", "a" : "406245", "pea" : "100,00", "pena" : "0,00", "pesi" : "77,47", "pesni" : "0,00", "pa" : "16,96", "pc" : "83,04", "munnr" : "36", "munpt" : "108", "munf" : "79", "pmunnr" : "16,14", "pmunpt" : "48,43", "pmunf" : "35,43" }, 
{ "and" : "P", "tpabr" : "UF", "cdabr" : "AP", "dt" : "02/10/2022", "ht" : "20:02:25", "s" : "1740", "st" : "1413", "snt" : "327", "si" : "1413", "sni" : "0", "sa" : "1413", "sna" : "0", "pst" : "81,21", "psnt" : "18,79", "psi" : "81,21", "psni" : "0,00", "psa" : "100,00", "psna" : "0,00", "e" : "550165", "ea" : "433447", "ena" : "0", "esi" : "433447", "esni" : "0", "c" : "347638", "a" : "85809", "pea" : "100,00", "pena" : "0,00", "pesi" : "78,78", "pesni" : "0,00", "pa" : "19,80", "pc" : "80,20", "munnr" : "1", "munpt" : "11", "munf" : "4", "pmunnr" : "6,25", "pmunpt" : "68,75", "pmunf" : "25,00" }, 
{ "and" : "P", "tpabr" : "UF", "cdabr" : "RJ", "dt" : "02/10/2022", "ht" : "20:02:39", "s" : "34068", "st" : "17967", "snt" : "16101", "si" : "17967", "sni" : "0", "sa" : "17967", "sna" : "0", "pst" : "52,74", "psnt" : "47,26", "psi" : "52,74", "psni" : "0,00", "psa" : "100,00", "psna" : "0,00", "e" : "12826356", "ea" : "6440984", "ena" : "0", "esi" : "6440984", "esni" : "0", "c" : "4969737", "a" : "1471247", "pea" : "100,00", "pena" : "0,00", "pesi" : "50,22", "pesni" : "0,00", "pa" : "22,84", "pc" : "77,16", "munnr" : "5", "munpt" : "79", "munf" : "8", "pmunnr" : "5,43", "pmunpt" : "85,87", "pmunf" : "8,70" }, 
{ "and" : "P", "tpabr" : "UF", "cdabr" : "RR", "dt" : "02/10/2022", "ht" : "20:02:28", "s" : "1268", "st" : "1167", "snt" : "101", "si" : "1167", "sni" : "0", "sa" : "1167", "sna" : "0", "pst" : "92,03", "psnt" : "7,97", "psi" : "92,03", "psni" : "0,00", "psa" : "100,00", "psna" : "0,00", "e" : "366632", "ea" : "334525", "ena" : "0", "esi" : "334525", "esni" : "0", "c" : "279002", "a" : "55523", "pea" : "100,00", "pena" : "0,00", "pesi" : "91,24", "pesni" : "0,00", "pa" : "16,60", "pc" : "83,40", "munnr" : "0", "munpt" : "11", "munf" : "4", "pmunnr" : "00,00", "pmunpt" : "73,33", "pmunf" : "26,67" }, 
{ "and" : "P", "tpabr" : "UF", "cdabr" : "ZZ", "dt" : "02/10/2022", "ht" : "19:56:57", "s" : "1064", "st" : "588", "snt" : "476", "si" : "588", "sni" : "0", "sa" : "588", "sna" : "0", "pst" : "55,26", "psnt" : "44,74", "psi" : "55,26", "psni" : "0,00", "psa" : "100,00", "psna" : "0,00", "e" : "695355", "ea" : "411560", "ena" : "0", "esi" : "411560", "esni" : "0", "c" : "186439", "a" : "225121", "pea" : "100,00", "pena" : "0,00", "pesi" : "59,19", "pesni" : "0,00", "pa" : "54,70", "pc" : "45,30", "munnr" : "99", "munpt" : "18", "munf" : "64", "pmunnr" : "54,70", "pmunpt" : "9,94", "pmunf" : "35,36" }, 
{ "and" : "P", "tpabr" : "UF", "cdabr" : "SP", "dt" : "02/10/2022", "ht" : "20:02:36", "s" : "101073", "st" : "75212", "snt" : "25861", "si" : "75212", "sni" : "0", "sa" : "75212", "sna" : "0", "pst" : "74,41", "psnt" : "25,59", "psi" : "74,41", "psni" : "0,00", "psa" : "100,00", "psna" : "0,00", "e" : "34684927", "ea" : "25475261", "ena" : "0", "esi" : "25475261", "esni" : "0", "c" : "19932059", "a" : "5543202", "pea" : "100,00", "pena" : "0,00", "pesi" : "73,45", "pesni" : "0,00", "pa" : "21,76", "pc" : "78,24", "munnr" : "89", "munpt" : "165", "munf" : "391", "pmunnr" : "13,80", "pmunpt" : "25,58", "pmunf" : "60,62" }, 
{ "and" : "P", "tpabr" : "BR", "cdabr" : "BR", "dt" : "02/10/2022", "ht" : "20:03:12", "s" : "472075", "st" : "331767", "snt" : "140308", "si" : "331767", "sni" : "0", "sa" : "331767", "sna" : "0", "pst" : "70,27", "psnt" : "29,73", "psi" : "70,27", "psni" : "0,00", "psa" : "100,00", "psna" : "0,00", "e" : "156454011", "ea" : "107850003", "ena" : "0", "esi" : "107850003", "esni" : "0", "c" : "85479061", "a" : "22370942", "pea" : "100,00", "pena" : "0,00", "pesi" : "68,93", "pesni" : "0,00", "pa" : "20,75", "pc" : "79,25", "ufsnr" : "0", "ufspt" : "28", "ufsf" : "0", "pufsnr" : "00,00", "pufspt" : "100,00", "pufsf" : "00,00" } ] }