
{ "ele" : "544", "t" : "1", "f" : "O", "dg" : "02/10/2022", "hg" : "20:21:07", "abr" : [ 
{ "and" : "P", "tpabr" : "UF", "cdabr" : "AM", "dt" : "02/10/2022", "ht" : "20:20:32", "s" : "7454", "st" : "6430", "snt" : "1024", "si" : "6430", "sni" : "0", "sa" : "6430", "sna" : "0", "pst" : "86,26", "psnt" : "13,74", "psi" : "86,26", "psni" : "0,00", "psa" : "100,00", "psna" : "0,00", "e" : "2646924", "ea" : "2266715", "ena" : "0", "esi" : "2266715", "esni" : "0", "c" : "1824746", "a" : "441969", "pea" : "100,00", "pena" : "0,00", "pesi" : "85,64", "pesni" : "0,00", "pa" : "19,50", "pc" : "80,50", "munnr" : "1", "munpt" : "49", "munf" : "12", "pmunnr" : "1,61", "pmunpt" : "79,03", "pmunf" : "19,35" }, 
{ "and" : "P", "tpabr" : "UF", "cdabr" : "PE", "dt" : "02/10/2022", "ht" : "20:19:54", "s" : "20572", "st" : "14722", "snt" : "5850", "si" : "14722", "sni" : "0", "sa" : "14722", "sna" : "0", "pst" : "71,56", "psnt" : "28,44", "psi" : "71,56", "psni" : "0,00", "psa" : "100,00", "psna" : "0,00", "e" : "7015421", "ea" : "4956726", "ena" : "0", "esi" : "4956726", "esni" : "0", "c" : "4081323", "a" : "875403", "pea" : "100,00", "pena" : "0,00", "pesi" : "70,65", "pesni" : "0,00", "pa" : "17,66", "pc" : "82,34", "munnr" : "34", "munpt" : "128", "munf" : "23", "pmunnr" : "18,38", "pmunpt" : "69,19", "pmunf" : "12,43" }, 
{ "and" : "P", "tpabr" : "UF", "cdabr" : "RN", "dt" : "02/10/2022", "ht" : "20:19:30", "s" : "7674", "st" : "6456", "snt" : "1218", "si" : "6456", "sni" : "0", "sa" : "6456", "sna" : "0", "pst" : "84,13", "psnt" : "15,87", "psi" : "84,13", "psni" : "0,00", "psa" : "100,00", "psna" : "0,00", "e" : "2554716", "ea" : "2117735", "ena" : "0", "esi" : "2117735", "esni" : "0", "c" : "1735403", "a" : "382332", "pea" : "100,00", "pena" : "0,00", "pesi" : "82,90", "pesni" : "0,00", "pa" : "18,05", "pc" : "81,95", "munnr" : "4", "munpt" : "70", "munf" : "93", "pmunnr" : "2,40", "pmunpt" : "41,92", "pmunf" : "55,69" }, 
{ "and" : "P", "tpabr" : "UF", "cdabr" : "MG", "dt" : "02/10/2022", "ht" : "20:19:16", "s" : "49981", "st" : "39293", "snt" : "10688", "si" : "39293", "sni" : "0", "sa" : "39293", "sna" : "0", "pst" : "78,62", "psnt" : "21,38", "psi" : "78,62", "psni" : "0,00", "psa" : "100,00", "psna" : "0,00", "e" : "16283828", "ea" : "12604276", "ena" : "0", "esi" : "12604276", "esni" : "0", "c" : "9813382", "a" : "2790894", "pea" : "100,00", "pena" : "0,00", "pesi" : "77,40", "pesni" : "0,00", "pa" : "22,14", "pc" : "77,86", "munnr" : "176", "munpt" : "244", "munf" : "433", "pmunnr" : "20,63", "pmunpt" : "28,60", "pmunf" : "50,76" }, 
{ "and" : "P", "tpabr" : "UF", "cdabr" : "RO", "dt" : "02/10/2022", "ht" : "20:19:25", "s" : "4198", "st" : "3975", "snt" : "223", "si" : "3975", "sni" : "0", "sa" : "3975", "sna" : "0", "pst" : "94,69", "psnt" : "5,31", "psi" : "94,69", "psni" : "0,00", "psa" : "100,00", "psna" : "0,00", "e" : "1229998", "ea" : "1154567", "ena" : "0", "esi" : "1154567", "esni" : "0", "c" : "871978", "a" : "282589", "pea" : "100,00", "pena" : "0,00", "pesi" : "93,87", "pesni" : "0,00", "pa" : "24,48", "pc" : "75,52", "munnr" : "0", "munpt" : "29", "munf" : "23", "pmunnr" : "00,00", "pmunpt" : "55,77", "pmunf" : "44,23" }, 
{ "and" : "P", "tpabr" : "UF", "cdabr" : "CE", "dt" : "02/10/2022", "ht" : "20:19:33", "s" : "22796", "st" : "17150", "snt" : "5646", "si" : "17150", "sni" : "0", "sa" : "17150", "sna" : "0", "pst" : "75,23", "psnt" : "24,77", "psi" : "75,23", "psni" : "0,00", "psa" : "100,00", "psna" : "0,00", "e" : "6818732", "ea" : "5176667", "ena" : "0", "esi" : "5176667", "esni" : "0", "c" : "4274069", "a" : "902598", "pea" : "100,00", "pena" : "0,00", "pesi" : "75,92", "pesni" : "0,00", "pa" : "17,44", "pc" : "82,56", "munnr" : "21", "munpt" : "139", "munf" : "24", "pmunnr" : "11,41", "pmunpt" : "75,54", "pmunf" : "13,04" }, 
{ "and" : "P", "tpabr" : "UF", "cdabr" : "GO", "dt" : "02/10/2022", "ht" : "20:20:32", "s" : "14620", "st" : "13698", "snt" : "922", "si" : "13698", "sni" : "0", "sa" : "13698", "sna" : "0", "pst" : "93,69", "psnt" : "6,31", "psi" : "93,69", "psni" : "0,00", "psa" : "100,00", "psna" : "0,00", "e" : "4870292", "ea" : "4557603", "ena" : "0", "esi" : "4557603", "esni" : "0", "c" : "3571189", "a" : "986414", "pea" : "100,00", "pena" : "0,00", "pesi" : "93,58", "pesni" : "0,00", "pa" : "21,64", "pc" : "78,36", "munnr" : "25", "munpt" : "66", "munf" : "155", "pmunnr" : "10,16", "pmunpt" : "26,83", "pmunf" : "63,01" }, 
{ "and" : "P", "tpabr" : "UF", "cdabr" : "MS", "dt" : "02/10/2022", "ht" : "20:20:33", "s" : "6912", "st" : "6881", "snt" : "31", "si" : "6881", "sni" : "0", "sa" : "6881", "sna" : "0", "pst" : "99,55", "psnt" : "0,45", "psi" : "99,55", "psni" : "0,00", "psa" : "100,00", "psna" : "0,00", "e" : "1995932", "ea" : "1986542", "ena" : "0", "esi" : "1986542", "esni" : "0", "c" : "1548271", "a" : "438271", "pea" : "100,00", "pena" : "0,00", "pesi" : "99,53", "pesni" : "0,00", "pa" : "22,06", "pc" : "77,94", "munnr" : "0", "munpt" : "10", "munf" : "69", "pmunnr" : "00,00", "pmunpt" : "12,66", "pmunf" : "87,34" }, 
{ "and" : "P", "tpabr" : "UF", "cdabr" : "MT", "dt" : "02/10/2022", "ht" : "20:20:37", "s" : "7652", "st" : "7216", "snt" : "436", "si" : "7216", "sni" : "0", "sa" : "7216", "sna" : "0", "pst" : "94,30", "psnt" : "5,70", "psi" : "94,30", "psni" : "0,00", "psa" : "100,00", "psna" : "0,00", "e" : "2469604", "ea" : "2324066", "ena" : "0", "esi" : "2324066", "esni" : "0", "c" : "1784248", "a" : "539818", "pea" : "100,00", "pena" : "0,00", "pesi" : "94,11", "pesni" : "0,00", "pa" : "23,23", "pc" : "76,77", "munnr" : "4", "munpt" : "47", "munf" : "90", "pmunnr" : "2,84", "pmunpt" : "33,33", "pmunf" : "63,83" }, 
{ "and" : "P", "tpabr" : "UF", "cdabr" : "SE", "dt" : "02/10/2022", "ht" : "20:19:43", "s" : "5498", "st" : "5144", "snt" : "354", "si" : "5144", "sni" : "0", "sa" : "5144", "sna" : "0", "pst" : "93,56", "psnt" : "6,44", "psi" : "93,56", "psni" : "0,00", "psa" : "100,00", "psna" : "0,00", "e" : "1671376", "ea" : "1554935", "ena" : "0", "esi" : "1554935", "esni" : "0", "c" : "1271147", "a" : "283788", "pea" : "100,00", "pena" : "0,00", "pesi" : "93,03", "pesni" : "0,00", "pa" : "18,25", "pc" : "81,75", "munnr" : "2", "munpt" : "33", "munf" : "40", "pmunnr" : "2,67", "pmunpt" : "44,00", "pmunf" : "53,33" }, 
{ "and" : "P", "tpabr" : "UF", "cdabr" : "DF", "dt" : "02/10/2022", "ht" : "20:16:24", "s" : "6748", "st" : "6736", "snt" : "12", "si" : "6736", "sni" : "0", "sa" : "6736", "sna" : "0", "pst" : "99,82", "psnt" : "0,18", "psi" : "99,82", "psni" : "0,00", "psa" : "100,00", "psna" : "0,00", "e" : "2206996", "ea" : "2202593", "ena" : "0", "esi" : "2202593", "esni" : "0", "c" : "1816349", "a" : "386244", "pea" : "100,00", "pena" : "0,00", "pesi" : "99,80", "pesni" : "0,00", "pa" : "17,54", "pc" : "82,46", "munnr" : "0", "munpt" : "1", "munf" : "0", "pmunnr" : "00,00", "pmunpt" : "100,00", "pmunf" : "00,00" }, 
{ "and" : "P", "tpabr" : "UF", "cdabr" : "ES", "dt" : "02/10/2022", "ht" : "20:17:34", "s" : "9239", "st" : "9200", "snt" : "39", "si" : "9200", "sni" : "0", "sa" : "9200", "sna" : "0", "pst" : "99,58", "psnt" : "0,42", "psi" : "99,58", "psni" : "0,00", "psa" : "100,00", "psna" : "0,00", "e" : "2922379", "ea" : "2909140", "ena" : "0", "esi" : "2909140", "esni" : "0", "c" : "2305622", "a" : "603518", "pea" : "100,00", "pena" : "0,00", "pesi" : "99,55", "pesni" : "0,00", "pa" : "20,75", "pc" : "79,25", "munnr" : "0", "munpt" : "4", "munf" : "74", "pmunnr" : "00,00", "pmunpt" : "5,13", "pmunf" : "94,87" }, 
{ "and" : "P", "tpabr" : "UF", "cdabr" : "MA", "dt" : "02/10/2022", "ht" : "20:19:48", "s" : "16423", "st" : "8772", "snt" : "7651", "si" : "8772", "sni" : "0", "sa" : "8772", "sna" : "0", "pst" : "53,41", "psnt" : "46,59", "psi" : "53,41", "psni" : "0,00", "psa" : "100,00", "psna" : "0,00", "e" : "5039287", "ea" : "2689072", "ena" : "0", "esi" : "2689072", "esni" : "0", "c" : "2121624", "a" : "567448", "pea" : "100,00", "pena" : "0,00", "pesi" : "53,36", "pesni" : "0,00", "pa" : "21,10", "pc" : "78,90", "munnr" : "56", "munpt" : "153", "munf" : "8", "pmunnr" : "25,81", "pmunpt" : "70,51", "pmunf" : "3,69" }, 
{ "and" : "P", "tpabr" : "UF", "cdabr" : "PA", "dt" : "02/10/2022", "ht" : "20:19:56", "s" : "18235", "st" : "14933", "snt" : "3302", "si" : "14933", "sni" : "0", "sa" : "14933", "sna" : "0", "pst" : "81,89", "psnt" : "18,11", "psi" : "81,89", "psni" : "0,00", "psa" : "100,00", "psna" : "0,00", "e" : "6079280", "ea" : "4959637", "ena" : "0", "esi" : "4959637", "esni" : "0", "c" : "3909097", "a" : "1050540", "pea" : "100,00", "pena" : "0,00", "pesi" : "81,58", "pesni" : "0,00", "pa" : "21,18", "pc" : "78,82", "munnr" : "0", "munpt" : "134", "munf" : "10", "pmunnr" : "00,00", "pmunpt" : "93,06", "pmunf" : "6,94" }, 
{ "and" : "P", "tpabr" : "UF", "cdabr" : "PI", "dt" : "02/10/2022", "ht" : "20:19:25", "s" : "8963", "st" : "7038", "snt" : "1925", "si" : "7038", "sni" : "0", "sa" : "7038", "sna" : "0", "pst" : "78,52", "psnt" : "21,48", "psi" : "78,52", "psni" : "0,00", "psa" : "100,00", "psna" : "0,00", "e" : "2570433", "ea" : "1994563", "ena" : "0", "esi" : "1994563", "esni" : "0", "c" : "1641681", "a" : "352882", "pea" : "100,00", "pena" : "0,00", "pesi" : "77,60", "pesni" : "0,00", "pa" : "17,69", "pc" : "82,31", "munnr" : "16", "munpt" : "171", "munf" : "37", "pmunnr" : "7,14", "pmunpt" : "76,34", "pmunf" : "16,52" }, 
{ "and" : "P", "tpabr" : "UF", "cdabr" : "RS", "dt" : "02/10/2022", "ht" : "20:20:37", "s" : "27201", "st" : "25954", "snt" : "1247", "si" : "25954", "sni" : "0", "sa" : "25954", "sna" : "0", "pst" : "95,42", "psnt" : "4,58", "psi" : "95,42", "psni" : "0,00", "psa" : "100,00", "psna" : "0,00", "e" : "8589432", "ea" : "8196896", "ena" : "0", "esi" : "8196896", "esni" : "0", "c" : "6573041", "a" : "1623855", "pea" : "100,00", "pena" : "0,00", "pesi" : "95,43", "pesni" : "0,00", "pa" : "19,81", "pc" : "80,19", "munnr" : "26", "munpt" : "72", "munf" : "399", "pmunnr" : "5,23", "pmunpt" : "14,49", "pmunf" : "80,28" }, 
{ "and" : "P", "tpabr" : "UF", "cdabr" : "AC", "dt" : "02/10/2022", "ht" : "20:20:32", "s" : "2124", "st" : "2038", "snt" : "86", "si" : "2038", "sni" : "0", "sa" : "2038", "sna" : "0", "pst" : "95,95", "psnt" : "4,05", "psi" : "95,95", "psni" : "0,00", "psa" : "100,00", "psna" : "0,00", "e" : "587738", "ea" : "563725", "ena" : "0", "esi" : "563725", "esni" : "0", "c" : "437714", "a" : "126011", "pea" : "100,00", "pena" : "0,00", "pesi" : "95,91", "pesni" : "0,00", "pa" : "22,35", "pc" : "77,65", "munnr" : "0", "munpt" : "13", "munf" : "9", "pmunnr" : "00,00", "pmunpt" : "59,09", "pmunf" : "40,91" }, 
{ "and" : "P", "tpabr" : "UF", "cdabr" : "PR", "dt" : "02/10/2022", "ht" : "20:20:35", "s" : "25721", "st" : "25250", "snt" : "471", "si" : "25250", "sni" : "0", "sa" : "25250", "sna" : "0", "pst" : "98,17", "psnt" : "1,83", "psi" : "98,17", "psni" : "0,00", "psa" : "100,00", "psna" : "0,00", "e" : "8480435", "ea" : "8322002", "ena" : "0", "esi" : "8322002", "esni" : "0", "c" : "6703818", "a" : "1618184", "pea" : "100,00", "pena" : "0,00", "pesi" : "98,13", "pesni" : "0,00", "pa" : "19,44", "pc" : "80,56", "munnr" : "3", "munpt" : "88", "munf" : "308", "pmunnr" : "0,75", "pmunpt" : "22,06", "pmunf" : "77,19" }, 
{ "and" : "P", "tpabr" : "UF", "cdabr" : "SC", "dt" : "02/10/2022", "ht" : "20:19:51", "s" : "16242", "st" : "14565", "snt" : "1677", "si" : "14565", "sni" : "0", "sa" : "14565", "sna" : "0", "pst" : "89,67", "psnt" : "10,33", "psi" : "89,67", "psni" : "0,00", "psa" : "100,00", "psna" : "0,00", "e" : "5501478", "ea" : "4910371", "ena" : "0", "esi" : "4910371", "esni" : "0", "c" : "4012551", "a" : "897820", "pea" : "100,00", "pena" : "0,00", "pesi" : "89,26", "pesni" : "0,00", "pa" : "18,28", "pc" : "81,72", "munnr" : "13", "munpt" : "92", "munf" : "190", "pmunnr" : "4,41", "pmunpt" : "31,19", "pmunf" : "64,41" }, 
{ "and" : "P", "tpabr" : "UF", "cdabr" : "TO", "dt" : "02/10/2022", "ht" : "20:20:41", "s" : "3957", "st" : "3877", "snt" : "80", "si" : "3877", "sni" : "0", "sa" : "3877", "sna" : "0", "pst" : "97,98", "psnt" : "2,02", "psi" : "97,98", "psni" : "0,00", "psa" : "100,00", "psna" : "0,00", "e" : "1094346", "ea" : "1070259", "ena" : "0", "esi" : "1070259", "esni" : "0", "c" : "872001", "a" : "198258", "pea" : "100,00", "pena" : "0,00", "pesi" : "97,80", "pesni" : "0,00", "pa" : "18,52", "pc" : "81,48", "munnr" : "0", "munpt" : "23", "munf" : "116", "pmunnr" : "00,00", "pmunpt" : "16,55", "pmunf" : "83,45" }, 
{ "and" : "P", "tpabr" : "UF", "cdabr" : "AL", "dt" : "02/10/2022", "ht" : "20:19:53", "s" : "6626", "st" : "2925", "snt" : "3701", "si" : "2925", "sni" : "0", "sa" : "2925", "sna" : "0", "pst" : "44,14", "psnt" : "55,86", "psi" : "44,14", "psni" : "0,00", "psa" : "100,00", "psna" : "0,00", "e" : "2326491", "ea" : "960492", "ena" : "0", "esi" : "960492", "esni" : "0", "c" : "751155", "a" : "209337", "pea" : "100,00", "pena" : "0,00", "pesi" : "41,29", "pesni" : "0,00", "pa" : "21,79", "pc" : "78,21", "munnr" : "44", "munpt" : "47", "munf" : "11", "pmunnr" : "43,14", "pmunpt" : "46,08", "pmunf" : "10,78" }, 
{ "and" : "P", "tpabr" : "UF", "cdabr" : "BA", "dt" : "02/10/2022", "ht" : "20:19:36", "s" : "34424", "st" : "22515", "snt" : "11909", "si" : "22515", "sni" : "0", "sa" : "22515", "sna" : "0", "pst" : "65,40", "psnt" : "34,60", "psi" : "65,40", "psni" : "0,00", "psa" : "100,00", "psna" : "0,00", "e" : "11283405", "ea" : "7198677", "ena" : "0", "esi" : "7198677", "esni" : "0", "c" : "5670199", "a" : "1528478", "pea" : "100,00", "pena" : "0,00", "pesi" : "63,80", "pesni" : "0,00", "pa" : "21,23", "pc" : "78,77", "munnr" : "38", "munpt" : "321", "munf" : "58", "pmunnr" : "9,11", "pmunpt" : "76,98", "pmunf" : "13,91" }, 
{ "and" : "P", "tpabr" : "UF", "cdabr" : "PB", "dt" : "02/10/2022", "ht" : "20:20:36", "s" : "9602", "st" : "8842", "snt" : "760", "si" : "8842", "sni" : "0", "sa" : "8842", "sna" : "0", "pst" : "92,08", "psnt" : "7,92", "psi" : "92,08", "psni" : "0,00", "psa" : "100,00", "psna" : "0,00", "e" : "3092053", "ea" : "2843480", "ena" : "0", "esi" : "2843480", "esni" : "0", "c" : "2356982", "a" : "486498", "pea" : "100,00", "pena" : "0,00", "pesi" : "91,96", "pesni" : "0,00", "pa" : "17,11", "pc" : "82,89", "munnr" : "17", "munpt" : "64", "munf" : "142", "pmunnr" : "7,62", "pmunpt" : "28,70", "pmunf" : "63,68" }, 
{ "and" : "P", "tpabr" : "UF", "cdabr" : "AP", "dt" : "02/10/2022", "ht" : "20:20:32", "s" : "1740", "st" : "1591", "snt" : "149", "si" : "1591", "sni" : "0", "sa" : "1591", "sna" : "0", "pst" : "91,44", "psnt" : "8,56", "psi" : "91,44", "psni" : "0,00", "psa" : "100,00", "psna" : "0,00", "e" : "550165", "ea" : "498785", "ena" : "0", "esi" : "498785", "esni" : "0", "c" : "400840", "a" : "97945", "pea" : "100,00", "pena" : "0,00", "pesi" : "90,66", "pesni" : "0,00", "pa" : "19,64", "pc" : "80,36", "munnr" : "1", "munpt" : "8", "munf" : "7", "pmunnr" : "6,25", "pmunpt" : "50,00", "pmunf" : "43,75" }, 
{ "and" : "P", "tpabr" : "UF", "cdabr" : "RJ", "dt" : "02/10/2022", "ht" : "20:20:44", "s" : "34068", "st" : "25211", "snt" : "8857", "si" : "25211", "sni" : "0", "sa" : "25211", "sna" : "0", "pst" : "74,00", "psnt" : "26,00", "psi" : "74,00", "psni" : "0,00", "psa" : "100,00", "psna" : "0,00", "e" : "12826356", "ea" : "9283100", "ena" : "0", "esi" : "9283100", "esni" : "0", "c" : "7166320", "a" : "2116780", "pea" : "100,00", "pena" : "0,00", "pesi" : "72,38", "pesni" : "0,00", "pa" : "22,80", "pc" : "77,20", "munnr" : "4", "munpt" : "69", "munf" : "19", "pmunnr" : "4,35", "pmunpt" : "75,00", "pmunf" : "20,65" }, 
{ "and" : "P", "tpabr" : "UF", "cdabr" : "RR", "dt" : "02/10/2022", "ht" : "20:20:35", "s" : "1268", "st" : "1253", "snt" : "15", "si" : "1253", "sni" : "0", "sa" : "1253", "sna" : "0", "pst" : "98,82", "psnt" : "1,18", "psi" : "98,82", "psni" : "0,00", "psa" : "100,00", "psna" : "0,00", "e" : "366632", "ea" : "361631", "ena" : "0", "esi" : "361631", "esni" : "0", "c" : "301188", "a" : "60443", "pea" : "100,00", "pena" : "0,00", "pesi" : "98,64", "pesni" : "0,00", "pa" : "16,71", "pc" : "83,29", "munnr" : "0", "munpt" : "7", "munf" : "8", "pmunnr" : "00,00", "pmunpt" : "46,67", "pmunf" : "53,33" }, 
{ "and" : "P", "tpabr" : "UF", "cdabr" : "ZZ", "dt" : "02/10/2022", "ht" : "20:20:39", "s" : "1064", "st" : "719", "snt" : "345", "si" : "692", "sni" : "27", "sa" : "692", "sna" : "0", "pst" : "67,58", "psnt" : "32,42", "psi" : "65,04", "psni" : "34,96", "psa" : "100,00", "psna" : "0,00", "e" : "695355", "ea" : "484486", "ena" : "0", "esi" : "484486", "esni" : "455", "c" : "217858", "a" : "266628", "pea" : "100,00", "pena" : "0,00", "pesi" : "69,67", "pesni" : "99,93", "pa" : "55,03", "pc" : "44,97", "munnr" : "65", "munpt" : "23", "munf" : "93", "pmunnr" : "35,91", "pmunpt" : "12,71", "pmunf" : "51,38" }, 
{ "and" : "P", "tpabr" : "UF", "cdabr" : "SP", "dt" : "02/10/2022", "ht" : "20:20:42", "s" : "101073", "st" : "89639", "snt" : "11434", "si" : "89639", "sni" : "0", "sa" : "89639", "sna" : "0", "pst" : "88,69", "psnt" : "11,31", "psi" : "88,69", "psni" : "0,00", "psa" : "100,00", "psna" : "0,00", "e" : "34684927", "ea" : "30600697", "ena" : "0", "esi" : "30600697", "esni" : "0", "c" : "23959834", "a" : "6640863", "pea" : "100,00", "pena" : "0,00", "pesi" : "88,22", "pesni" : "0,00", "pa" : "21,70", "pc" : "78,30", "munnr" : "32", "munpt" : "116", "munf" : "497", "pmunnr" : "4,96", "pmunpt" : "17,98", "pmunf" : "77,05" }, 
{ "and" : "P", "tpabr" : "BR", "cdabr" : "BR", "dt" : "02/10/2022", "ht" : "20:20:44", "s" : "472075", "st" : "392023", "snt" : "80052", "si" : "391996", "sni" : "27", "sa" : "391996", "sna" : "0", "pst" : "83,04", "psnt" : "16,96", "psi" : "83,03", "psni" : "16,97", "psa" : "100,00", "psna" : "0,00", "e" : "156454011", "ea" : "128749438", "ena" : "0", "esi" : "128749438", "esni" : "455", "c" : "101993630", "a" : "26755808", "pea" : "100,00", "pena" : "0,00", "pesi" : "82,29", "pesni" : "100,00", "pa" : "20,79", "pc" : "79,21", "ufsnr" : "0", "ufspt" : "28", "ufsf" : "0", "pufsnr" : "00,00", "pufspt" : "100,00", "pufsf" : "00,00" } ] }