
{ "ele" : "544", "t" : "1", "f" : "O", "dg" : "02/10/2022", "hg" : "20:45:59", "abr" : [ 
{ "and" : "P", "tpabr" : "UF", "cdabr" : "AM", "dt" : "02/10/2022", "ht" : "20:45:22", "s" : "7454", "st" : "7017", "snt" : "437", "si" : "7017", "sni" : "0", "sa" : "7017", "sna" : "0", "pst" : "94,14", "psnt" : "5,86", "psi" : "94,14", "psni" : "0,00", "psa" : "100,00", "psna" : "0,00", "e" : "2646924", "ea" : "2482100", "ena" : "0", "esi" : "2482100", "esni" : "0", "c" : "1987641", "a" : "494459", "pea" : "100,00", "pena" : "0,00", "pesi" : "93,77", "pesni" : "0,00", "pa" : "19,92", "pc" : "80,08", "munnr" : "0", "munpt" : "41", "munf" : "21", "pmunnr" : "00,00", "pmunpt" : "66,13", "pmunf" : "33,87" }, 
{ "and" : "P", "tpabr" : "UF", "cdabr" : "PE", "dt" : "02/10/2022", "ht" : "20:45:25", "s" : "20572", "st" : "18280", "snt" : "2292", "si" : "18280", "sni" : "0", "sa" : "18280", "sna" : "0", "pst" : "88,86", "psnt" : "11,14", "psi" : "88,86", "psni" : "0,00", "psa" : "100,00", "psna" : "0,00", "e" : "7015421", "ea" : "6216834", "ena" : "0", "esi" : "6216834", "esni" : "0", "c" : "5104246", "a" : "1112588", "pea" : "100,00", "pena" : "0,00", "pesi" : "88,62", "pesni" : "0,00", "pa" : "17,90", "pc" : "82,10", "munnr" : "15", "munpt" : "92", "munf" : "78", "pmunnr" : "8,11", "pmunpt" : "49,73", "pmunf" : "42,16" }, 
{ "and" : "P", "tpabr" : "UF", "cdabr" : "RN", "dt" : "02/10/2022", "ht" : "20:45:24", "s" : "7674", "st" : "7355", "snt" : "319", "si" : "7355", "sni" : "0", "sa" : "7355", "sna" : "0", "pst" : "95,84", "psnt" : "4,16", "psi" : "95,84", "psni" : "0,00", "psa" : "100,00", "psna" : "0,00", "e" : "2554716", "ea" : "2444731", "ena" : "0", "esi" : "2444731", "esni" : "0", "c" : "2001081", "a" : "443650", "pea" : "100,00", "pena" : "0,00", "pesi" : "95,69", "pesni" : "0,00", "pa" : "18,15", "pc" : "81,85", "munnr" : "1", "munpt" : "41", "munf" : "125", "pmunnr" : "0,60", "pmunpt" : "24,55", "pmunf" : "74,85" }, 
{ "and" : "P", "tpabr" : "UF", "cdabr" : "MG", "dt" : "02/10/2022", "ht" : "20:44:18", "s" : "49981", "st" : "45894", "snt" : "4087", "si" : "45894", "sni" : "0", "sa" : "45894", "sna" : "0", "pst" : "91,82", "psnt" : "8,18", "psi" : "91,82", "psni" : "0,00", "psa" : "100,00", "psna" : "0,00", "e" : "16283828", "ea" : "14890253", "ena" : "0", "esi" : "14890253", "esni" : "0", "c" : "11583600", "a" : "3306653", "pea" : "100,00", "pena" : "0,00", "pesi" : "91,44", "pesni" : "0,00", "pa" : "22,21", "pc" : "77,79", "munnr" : "75", "munpt" : "133", "munf" : "645", "pmunnr" : "8,79", "pmunpt" : "15,59", "pmunf" : "75,62" }, 
{ "and" : "P", "tpabr" : "UF", "cdabr" : "RO", "dt" : "02/10/2022", "ht" : "20:45:27", "s" : "4198", "st" : "4139", "snt" : "59", "si" : "4139", "sni" : "0", "sa" : "4139", "sna" : "0", "pst" : "98,59", "psnt" : "1,41", "psi" : "98,59", "psni" : "0,00", "psa" : "100,00", "psna" : "0,00", "e" : "1229998", "ea" : "1209384", "ena" : "0", "esi" : "1209384", "esni" : "0", "c" : "911892", "a" : "297492", "pea" : "100,00", "pena" : "0,00", "pesi" : "98,32", "pesni" : "0,00", "pa" : "24,60", "pc" : "75,40", "munnr" : "0", "munpt" : "11", "munf" : "41", "pmunnr" : "00,00", "pmunpt" : "21,15", "pmunf" : "78,85" }, 
{ "and" : "P", "tpabr" : "UF", "cdabr" : "CE", "dt" : "02/10/2022", "ht" : "20:45:24", "s" : "22796", "st" : "20152", "snt" : "2644", "si" : "20152", "sni" : "0", "sa" : "20152", "sna" : "0", "pst" : "88,40", "psnt" : "11,60", "psi" : "88,40", "psni" : "0,00", "psa" : "100,00", "psna" : "0,00", "e" : "6818732", "ea" : "6058672", "ena" : "0", "esi" : "6058672", "esni" : "0", "c" : "5000267", "a" : "1058405", "pea" : "100,00", "pena" : "0,00", "pesi" : "88,85", "pesni" : "0,00", "pa" : "17,47", "pc" : "82,53", "munnr" : "10", "munpt" : "107", "munf" : "67", "pmunnr" : "5,43", "pmunpt" : "58,15", "pmunf" : "36,41" }, 
{ "and" : "P", "tpabr" : "UF", "cdabr" : "GO", "dt" : "02/10/2022", "ht" : "20:45:23", "s" : "14620", "st" : "14385", "snt" : "235", "si" : "14385", "sni" : "0", "sa" : "14385", "sna" : "0", "pst" : "98,39", "psnt" : "1,61", "psi" : "98,39", "psni" : "0,00", "psa" : "100,00", "psna" : "0,00", "e" : "4870292", "ea" : "4790475", "ena" : "0", "esi" : "4790475", "esni" : "0", "c" : "3751749", "a" : "1038726", "pea" : "100,00", "pena" : "0,00", "pesi" : "98,36", "pesni" : "0,00", "pa" : "21,68", "pc" : "78,32", "munnr" : "6", "munpt" : "26", "munf" : "214", "pmunnr" : "2,44", "pmunpt" : "10,57", "pmunf" : "86,99" }, 
{ "and" : "P", "tpabr" : "UF", "cdabr" : "MS", "dt" : "02/10/2022", "ht" : "20:44:16", "s" : "6912", "st" : "6907", "snt" : "5", "si" : "6907", "sni" : "0", "sa" : "6907", "sna" : "0", "pst" : "99,93", "psnt" : "0,07", "psi" : "99,93", "psni" : "0,00", "psa" : "100,00", "psna" : "0,00", "e" : "1995932", "ea" : "1994656", "ena" : "0", "esi" : "1994656", "esni" : "0", "c" : "1554059", "a" : "440597", "pea" : "100,00", "pena" : "0,00", "pesi" : "99,94", "pesni" : "0,00", "pa" : "22,09", "pc" : "77,91", "munnr" : "0", "munpt" : "3", "munf" : "76", "pmunnr" : "00,00", "pmunpt" : "3,80", "pmunf" : "96,20" }, 
{ "and" : "P", "tpabr" : "UF", "cdabr" : "MT", "dt" : "02/10/2022", "ht" : "20:45:23", "s" : "7652", "st" : "7522", "snt" : "130", "si" : "7522", "sni" : "0", "sa" : "7522", "sna" : "0", "pst" : "98,30", "psnt" : "1,70", "psi" : "98,30", "psni" : "0,00", "psa" : "100,00", "psna" : "0,00", "e" : "2469604", "ea" : "2427145", "ena" : "0", "esi" : "2427145", "esni" : "0", "c" : "1860587", "a" : "566558", "pea" : "100,00", "pena" : "0,00", "pesi" : "98,28", "pesni" : "0,00", "pa" : "23,34", "pc" : "76,66", "munnr" : "2", "munpt" : "19", "munf" : "120", "pmunnr" : "1,42", "pmunpt" : "13,48", "pmunf" : "85,11" }, 
{ "and" : "P", "tpabr" : "UF", "cdabr" : "SE", "dt" : "02/10/2022", "ht" : "20:43:12", "s" : "5498", "st" : "5403", "snt" : "95", "si" : "5403", "sni" : "0", "sa" : "5403", "sna" : "0", "pst" : "98,27", "psnt" : "1,73", "psi" : "98,27", "psni" : "0,00", "psa" : "100,00", "psna" : "0,00", "e" : "1671376", "ea" : "1638247", "ena" : "0", "esi" : "1638247", "esni" : "0", "c" : "1337721", "a" : "300526", "pea" : "100,00", "pena" : "0,00", "pesi" : "98,02", "pesni" : "0,00", "pa" : "18,34", "pc" : "81,66", "munnr" : "0", "munpt" : "14", "munf" : "61", "pmunnr" : "00,00", "pmunpt" : "18,67", "pmunf" : "81,33" }, 
{ "and" : "F", "tpabr" : "UF", "cdabr" : "DF", "dt" : "02/10/2022", "ht" : "20:36:59", "s" : "6748", "st" : "6748", "snt" : "0", "si" : "6748", "sni" : "0", "sa" : "6748", "sna" : "0", "pst" : "100,00", "psnt" : "0,00", "psi" : "100,00", "psni" : "0,00", "psa" : "100,00", "psna" : "0,00", "e" : "2206996", "ea" : "2206996", "ena" : "0", "esi" : "2206996", "esni" : "0", "c" : "1819900", "a" : "387096", "pea" : "100,00", "pena" : "0,00", "pesi" : "100,00", "pesni" : "0,00", "pa" : "17,54", "pc" : "82,46", "munnr" : "0", "munpt" : "0", "munf" : "1", "pmunnr" : "00,00", "pmunpt" : "00,00", "pmunf" : "100,00" }, 
{ "and" : "F", "tpabr" : "UF", "cdabr" : "ES", "dt" : "02/10/2022", "ht" : "20:41:59", "s" : "9239", "st" : "9239", "snt" : "0", "si" : "9239", "sni" : "0", "sa" : "9239", "sna" : "0", "pst" : "100,00", "psnt" : "0,00", "psi" : "100,00", "psni" : "0,00", "psa" : "100,00", "psna" : "0,00", "e" : "2922379", "ea" : "2922379", "ena" : "0", "esi" : "2922379", "esni" : "0", "c" : "2315889", "a" : "606490", "pea" : "100,00", "pena" : "0,00", "pesi" : "100,00", "pesni" : "0,00", "pa" : "20,75", "pc" : "79,25", "munnr" : "0", "munpt" : "0", "munf" : "78", "pmunnr" : "00,00", "pmunpt" : "00,00", "pmunf" : "100,00" }, 
{ "and" : "P", "tpabr" : "UF", "cdabr" : "MA", "dt" : "02/10/2022", "ht" : "20:44:39", "s" : "16423", "st" : "11533", "snt" : "4890", "si" : "11533", "sni" : "0", "sa" : "11533", "sna" : "0", "pst" : "70,22", "psnt" : "29,78", "psi" : "70,22", "psni" : "0,00", "psa" : "100,00", "psna" : "0,00", "e" : "5039287", "ea" : "3554446", "ena" : "0", "esi" : "3554446", "esni" : "0", "c" : "2788214", "a" : "766232", "pea" : "100,00", "pena" : "0,00", "pesi" : "70,53", "pesni" : "0,00", "pa" : "21,56", "pc" : "78,44", "munnr" : "36", "munpt" : "148", "munf" : "33", "pmunnr" : "16,59", "pmunpt" : "68,20", "pmunf" : "15,21" }, 
{ "and" : "P", "tpabr" : "UF", "cdabr" : "PA", "dt" : "02/10/2022", "ht" : "20:44:42", "s" : "18235", "st" : "16804", "snt" : "1431", "si" : "16804", "sni" : "0", "sa" : "16804", "sna" : "0", "pst" : "92,15", "psnt" : "7,85", "psi" : "92,15", "psni" : "0,00", "psa" : "100,00", "psna" : "0,00", "e" : "6079280", "ea" : "5592529", "ena" : "0", "esi" : "5592529", "esni" : "0", "c" : "4403921", "a" : "1188608", "pea" : "100,00", "pena" : "0,00", "pesi" : "91,99", "pesni" : "0,00", "pa" : "21,25", "pc" : "78,75", "munnr" : "0", "munpt" : "112", "munf" : "32", "pmunnr" : "00,00", "pmunpt" : "77,78", "pmunf" : "22,22" }, 
{ "and" : "P", "tpabr" : "UF", "cdabr" : "PI", "dt" : "02/10/2022", "ht" : "20:45:28", "s" : "8963", "st" : "8061", "snt" : "902", "si" : "8061", "sni" : "0", "sa" : "8061", "sna" : "0", "pst" : "89,94", "psnt" : "10,06", "psi" : "89,94", "psni" : "0,00", "psa" : "100,00", "psna" : "0,00", "e" : "2570433", "ea" : "2303855", "ena" : "0", "esi" : "2303855", "esni" : "0", "c" : "1895681", "a" : "408174", "pea" : "100,00", "pena" : "0,00", "pesi" : "89,63", "pesni" : "0,00", "pa" : "17,72", "pc" : "82,28", "munnr" : "8", "munpt" : "127", "munf" : "89", "pmunnr" : "3,57", "pmunpt" : "56,70", "pmunf" : "39,73" }, 
{ "and" : "P", "tpabr" : "UF", "cdabr" : "RS", "dt" : "02/10/2022", "ht" : "20:45:24", "s" : "27201", "st" : "26744", "snt" : "457", "si" : "26744", "sni" : "0", "sa" : "26744", "sna" : "0", "pst" : "98,32", "psnt" : "1,68", "psi" : "98,32", "psni" : "0,00", "psa" : "100,00", "psna" : "0,00", "e" : "8589432", "ea" : "8435700", "ena" : "0", "esi" : "8435700", "esni" : "0", "c" : "6767381", "a" : "1668319", "pea" : "100,00", "pena" : "0,00", "pesi" : "98,21", "pesni" : "0,00", "pa" : "19,78", "pc" : "80,22", "munnr" : "6", "munpt" : "28", "munf" : "463", "pmunnr" : "1,21", "pmunpt" : "5,63", "pmunf" : "93,16" }, 
{ "and" : "P", "tpabr" : "UF", "cdabr" : "AC", "dt" : "02/10/2022", "ht" : "20:41:59", "s" : "2124", "st" : "2070", "snt" : "54", "si" : "2070", "sni" : "0", "sa" : "2070", "sna" : "0", "pst" : "97,46", "psnt" : "2,54", "psi" : "97,46", "psni" : "0,00", "psa" : "100,00", "psna" : "0,00", "e" : "587738", "ea" : "572513", "ena" : "0", "esi" : "572513", "esni" : "0", "c" : "444446", "a" : "128067", "pea" : "100,00", "pena" : "0,00", "pesi" : "97,41", "pesni" : "0,00", "pa" : "22,37", "pc" : "77,63", "munnr" : "0", "munpt" : "8", "munf" : "14", "pmunnr" : "00,00", "pmunpt" : "36,36", "pmunf" : "63,64" }, 
{ "and" : "P", "tpabr" : "UF", "cdabr" : "PR", "dt" : "02/10/2022", "ht" : "20:45:24", "s" : "25721", "st" : "25525", "snt" : "196", "si" : "25525", "sni" : "0", "sa" : "25525", "sna" : "0", "pst" : "99,24", "psnt" : "0,76", "psi" : "99,24", "psni" : "0,00", "psa" : "100,00", "psna" : "0,00", "e" : "8480435", "ea" : "8415191", "ena" : "0", "esi" : "8415191", "esni" : "0", "c" : "6777919", "a" : "1637272", "pea" : "100,00", "pena" : "0,00", "pesi" : "99,23", "pesni" : "0,00", "pa" : "19,46", "pc" : "80,54", "munnr" : "2", "munpt" : "36", "munf" : "361", "pmunnr" : "0,50", "pmunpt" : "9,02", "pmunf" : "90,48" }, 
{ "and" : "P", "tpabr" : "UF", "cdabr" : "SC", "dt" : "02/10/2022", "ht" : "20:45:25", "s" : "16242", "st" : "15927", "snt" : "315", "si" : "15927", "sni" : "0", "sa" : "15927", "sna" : "0", "pst" : "98,06", "psnt" : "1,94", "psi" : "98,06", "psni" : "0,00", "psa" : "100,00", "psna" : "0,00", "e" : "5501478", "ea" : "5389187", "ena" : "0", "esi" : "5389187", "esni" : "0", "c" : "4395974", "a" : "993213", "pea" : "100,00", "pena" : "0,00", "pesi" : "97,96", "pesni" : "0,00", "pa" : "18,43", "pc" : "81,57", "munnr" : "2", "munpt" : "27", "munf" : "266", "pmunnr" : "0,68", "pmunpt" : "9,15", "pmunf" : "90,17" }, 
{ "and" : "P", "tpabr" : "UF", "cdabr" : "TO", "dt" : "02/10/2022", "ht" : "20:43:12", "s" : "3957", "st" : "3932", "snt" : "25", "si" : "3932", "sni" : "0", "sa" : "3932", "sna" : "0", "pst" : "99,37", "psnt" : "0,63", "psi" : "99,37", "psni" : "0,00", "psa" : "100,00", "psna" : "0,00", "e" : "1094346", "ea" : "1086828", "ena" : "0", "esi" : "1086828", "esni" : "0", "c" : "885406", "a" : "201422", "pea" : "100,00", "pena" : "0,00", "pesi" : "99,31", "pesni" : "0,00", "pa" : "18,53", "pc" : "81,47", "munnr" : "0", "munpt" : "8", "munf" : "131", "pmunnr" : "00,00", "pmunpt" : "5,76", "pmunf" : "94,24" }, 
{ "and" : "P", "tpabr" : "UF", "cdabr" : "AL", "dt" : "02/10/2022", "ht" : "20:44:43", "s" : "6626", "st" : "4275", "snt" : "2351", "si" : "4275", "sni" : "0", "sa" : "4275", "sna" : "0", "pst" : "64,52", "psnt" : "35,48", "psi" : "64,52", "psni" : "0,00", "psa" : "100,00", "psna" : "0,00", "e" : "2326491", "ea" : "1443544", "ena" : "0", "esi" : "1443544", "esni" : "0", "c" : "1125122", "a" : "318422", "pea" : "100,00", "pena" : "0,00", "pesi" : "62,05", "pesni" : "0,00", "pa" : "22,06", "pc" : "77,94", "munnr" : "27", "munpt" : "44", "munf" : "31", "pmunnr" : "26,47", "pmunpt" : "43,14", "pmunf" : "30,39" }, 
{ "and" : "P", "tpabr" : "UF", "cdabr" : "BA", "dt" : "02/10/2022", "ht" : "20:44:32", "s" : "34424", "st" : "29167", "snt" : "5257", "si" : "29167", "sni" : "0", "sa" : "29167", "sna" : "0", "pst" : "84,73", "psnt" : "15,27", "psi" : "84,73", "psni" : "0,00", "psa" : "100,00", "psna" : "0,00", "e" : "11283405", "ea" : "9525054", "ena" : "0", "esi" : "9525054", "esni" : "0", "c" : "7510292", "a" : "2014762", "pea" : "100,00", "pena" : "0,00", "pesi" : "84,42", "pesni" : "0,00", "pa" : "21,15", "pc" : "78,85", "munnr" : "19", "munpt" : "253", "munf" : "145", "pmunnr" : "4,56", "pmunpt" : "60,67", "pmunf" : "34,77" }, 
{ "and" : "P", "tpabr" : "UF", "cdabr" : "PB", "dt" : "02/10/2022", "ht" : "20:45:23", "s" : "9602", "st" : "9419", "snt" : "183", "si" : "9419", "sni" : "0", "sa" : "9419", "sna" : "0", "pst" : "98,09", "psnt" : "1,91", "psi" : "98,09", "psni" : "0,00", "psa" : "100,00", "psna" : "0,00", "e" : "3092053", "ea" : "3030781", "ena" : "0", "esi" : "3030781", "esni" : "0", "c" : "2507978", "a" : "522803", "pea" : "100,00", "pena" : "0,00", "pesi" : "98,02", "pesni" : "0,00", "pa" : "17,25", "pc" : "82,75", "munnr" : "2", "munpt" : "26", "munf" : "195", "pmunnr" : "0,90", "pmunpt" : "11,66", "pmunf" : "87,44" }, 
{ "and" : "P", "tpabr" : "UF", "cdabr" : "AP", "dt" : "02/10/2022", "ht" : "20:45:22", "s" : "1740", "st" : "1708", "snt" : "32", "si" : "1708", "sni" : "0", "sa" : "1708", "sna" : "0", "pst" : "98,16", "psnt" : "1,84", "psi" : "98,16", "psni" : "0,00", "psa" : "100,00", "psna" : "0,00", "e" : "550165", "ea" : "539280", "ena" : "0", "esi" : "539280", "esni" : "0", "c" : "433790", "a" : "105490", "pea" : "100,00", "pena" : "0,00", "pesi" : "98,02", "pesni" : "0,00", "pa" : "19,56", "pc" : "80,44", "munnr" : "0", "munpt" : "7", "munf" : "9", "pmunnr" : "00,00", "pmunpt" : "43,75", "pmunf" : "56,25" }, 
{ "and" : "P", "tpabr" : "UF", "cdabr" : "RJ", "dt" : "02/10/2022", "ht" : "20:45:25", "s" : "34068", "st" : "31379", "snt" : "2689", "si" : "31379", "sni" : "0", "sa" : "31379", "sna" : "0", "pst" : "92,11", "psnt" : "7,89", "psi" : "92,11", "psni" : "0,00", "psa" : "100,00", "psna" : "0,00", "e" : "12826356", "ea" : "11756661", "ena" : "0", "esi" : "11756661", "esni" : "0", "c" : "9086870", "a" : "2669791", "pea" : "100,00", "pena" : "0,00", "pesi" : "91,66", "pesni" : "0,00", "pa" : "22,71", "pc" : "77,29", "munnr" : "3", "munpt" : "46", "munf" : "43", "pmunnr" : "3,26", "pmunpt" : "50,00", "pmunf" : "46,74" }, 
{ "and" : "P", "tpabr" : "UF", "cdabr" : "RR", "dt" : "02/10/2022", "ht" : "20:38:31", "s" : "1268", "st" : "1262", "snt" : "6", "si" : "1262", "sni" : "0", "sa" : "1262", "sna" : "0", "pst" : "99,53", "psnt" : "0,47", "psi" : "99,53", "psni" : "0,00", "psa" : "100,00", "psna" : "0,00", "e" : "366632", "ea" : "364763", "ena" : "0", "esi" : "364763", "esni" : "0", "c" : "303796", "a" : "60967", "pea" : "100,00", "pena" : "0,00", "pesi" : "99,49", "pesni" : "0,00", "pa" : "16,71", "pc" : "83,29", "munnr" : "0", "munpt" : "4", "munf" : "11", "pmunnr" : "00,00", "pmunpt" : "26,67", "pmunf" : "73,33" }, 
{ "and" : "P", "tpabr" : "UF", "cdabr" : "ZZ", "dt" : "02/10/2022", "ht" : "20:45:26", "s" : "1064", "st" : "819", "snt" : "245", "si" : "773", "sni" : "46", "sa" : "773", "sna" : "0", "pst" : "76,97", "psnt" : "23,03", "psi" : "72,65", "psni" : "27,35", "psa" : "100,00", "psna" : "0,00", "e" : "695355", "ea" : "539271", "ena" : "0", "esi" : "539271", "esni" : "573", "c" : "238738", "a" : "300533", "pea" : "100,00", "pena" : "0,00", "pesi" : "77,55", "pesni" : "99,92", "pa" : "55,73", "pc" : "44,27", "munnr" : "40", "munpt" : "24", "munf" : "117", "pmunnr" : "22,10", "pmunpt" : "13,26", "pmunf" : "64,64" }, 
{ "and" : "P", "tpabr" : "UF", "cdabr" : "SP", "dt" : "02/10/2022", "ht" : "20:45:26", "s" : "101073", "st" : "97441", "snt" : "3632", "si" : "97441", "sni" : "0", "sa" : "97441", "sna" : "0", "pst" : "96,41", "psnt" : "3,59", "psi" : "96,41", "psni" : "0,00", "psa" : "100,00", "psna" : "0,00", "e" : "34684927", "ea" : "33393942", "ena" : "0", "esi" : "33393942", "esni" : "0", "c" : "26162940", "a" : "7231002", "pea" : "100,00", "pena" : "0,00", "pesi" : "96,28", "pesni" : "0,00", "pa" : "21,65", "pc" : "78,35", "munnr" : "15", "munpt" : "58", "munf" : "572", "pmunnr" : "2,33", "pmunpt" : "8,99", "pmunf" : "88,68" }, 
{ "and" : "P", "tpabr" : "BR", "cdabr" : "BR", "dt" : "02/10/2022", "ht" : "20:45:28", "s" : "472075", "st" : "439107", "snt" : "32968", "si" : "439061", "sni" : "46", "sa" : "439061", "sna" : "0", "pst" : "93,01", "psnt" : "6,99", "psi" : "93,00", "psni" : "7,00", "psa" : "100,00", "psna" : "0,00", "e" : "156454011", "ea" : "145225417", "ena" : "0", "esi" : "145225417", "esni" : "573", "c" : "114957100", "a" : "30268317", "pea" : "100,00", "pena" : "0,00", "pesi" : "92,82", "pesni" : "100,00", "pa" : "20,85", "pc" : "79,15", "ufsnr" : "0", "ufspt" : "26", "ufsf" : "2", "pufsnr" : "00,00", "pufspt" : "92,86", "pufsf" : "7,14" } ] }