
{ "ele" : "544", "t" : "1", "f" : "O", "dg" : "02/10/2022", "hg" : "21:05:40", "abr" : [ 
{ "and" : "P", "tpabr" : "UF", "cdabr" : "AM", "dt" : "02/10/2022", "ht" : "21:04:19", "s" : "7454", "st" : "7120", "snt" : "334", "si" : "7119", "sni" : "1", "sa" : "7119", "sna" : "0", "pst" : "95,52", "psnt" : "4,48", "psi" : "95,51", "psni" : "4,49", "psa" : "100,00", "psna" : "0,00", "e" : "2646924", "ea" : "2520735", "ena" : "0", "esi" : "2520735", "esni" : "84", "c" : "2017369", "a" : "503366", "pea" : "100,00", "pena" : "0,00", "pesi" : "95,23", "pesni" : "100,00", "pa" : "19,97", "pc" : "80,03", "munnr" : "0", "munpt" : "37", "munf" : "25", "pmunnr" : "00,00", "pmunpt" : "59,68", "pmunf" : "40,32" }, 
{ "and" : "P", "tpabr" : "UF", "cdabr" : "PE", "dt" : "02/10/2022", "ht" : "21:04:42", "s" : "20572", "st" : "19316", "snt" : "1256", "si" : "19316", "sni" : "0", "sa" : "19316", "sna" : "0", "pst" : "93,89", "psnt" : "6,11", "psi" : "93,89", "psni" : "0,00", "psa" : "100,00", "psna" : "0,00", "e" : "7015421", "ea" : "6583409", "ena" : "0", "esi" : "6583409", "esni" : "0", "c" : "5396318", "a" : "1187091", "pea" : "100,00", "pena" : "0,00", "pesi" : "93,84", "pesni" : "0,00", "pa" : "18,03", "pc" : "81,97", "munnr" : "8", "munpt" : "70", "munf" : "107", "pmunnr" : "4,32", "pmunpt" : "37,84", "pmunf" : "57,84" }, 
{ "and" : "P", "tpabr" : "UF", "cdabr" : "RN", "dt" : "02/10/2022", "ht" : "21:04:32", "s" : "7674", "st" : "7513", "snt" : "161", "si" : "7513", "sni" : "0", "sa" : "7513", "sna" : "0", "pst" : "97,90", "psnt" : "2,10", "psi" : "97,90", "psni" : "0,00", "psa" : "100,00", "psna" : "0,00", "e" : "2554716", "ea" : "2499742", "ena" : "0", "esi" : "2499742", "esni" : "0", "c" : "2046071", "a" : "453671", "pea" : "100,00", "pena" : "0,00", "pesi" : "97,85", "pesni" : "0,00", "pa" : "18,15", "pc" : "81,85", "munnr" : "0", "munpt" : "32", "munf" : "135", "pmunnr" : "00,00", "pmunpt" : "19,16", "pmunf" : "80,84" }, 
{ "and" : "P", "tpabr" : "UF", "cdabr" : "MG", "dt" : "02/10/2022", "ht" : "21:04:19", "s" : "49981", "st" : "47646", "snt" : "2335", "si" : "47646", "sni" : "0", "sa" : "47646", "sna" : "0", "pst" : "95,33", "psnt" : "4,67", "psi" : "95,33", "psni" : "0,00", "psa" : "100,00", "psna" : "0,00", "e" : "16283828", "ea" : "15513582", "ena" : "0", "esi" : "15513582", "esni" : "0", "c" : "12069527", "a" : "3444055", "pea" : "100,00", "pena" : "0,00", "pesi" : "95,27", "pesni" : "0,00", "pa" : "22,20", "pc" : "77,80", "munnr" : "47", "munpt" : "102", "munf" : "704", "pmunnr" : "5,51", "pmunpt" : "11,96", "pmunf" : "82,53" }, 
{ "and" : "P", "tpabr" : "UF", "cdabr" : "RO", "dt" : "02/10/2022", "ht" : "21:01:44", "s" : "4198", "st" : "4154", "snt" : "44", "si" : "4154", "sni" : "0", "sa" : "4154", "sna" : "0", "pst" : "98,95", "psnt" : "1,05", "psi" : "98,95", "psni" : "0,00", "psa" : "100,00", "psna" : "0,00", "e" : "1229998", "ea" : "1214893", "ena" : "0", "esi" : "1214893", "esni" : "0", "c" : "915774", "a" : "299119", "pea" : "100,00", "pena" : "0,00", "pesi" : "98,77", "pesni" : "0,00", "pa" : "24,62", "pc" : "75,38", "munnr" : "0", "munpt" : "8", "munf" : "44", "pmunnr" : "00,00", "pmunpt" : "15,38", "pmunf" : "84,62" }, 
{ "and" : "P", "tpabr" : "UF", "cdabr" : "CE", "dt" : "02/10/2022", "ht" : "21:04:23", "s" : "22796", "st" : "20881", "snt" : "1915", "si" : "20881", "sni" : "0", "sa" : "20881", "sna" : "0", "pst" : "91,60", "psnt" : "8,40", "psi" : "91,60", "psni" : "0,00", "psa" : "100,00", "psna" : "0,00", "e" : "6818732", "ea" : "6269638", "ena" : "0", "esi" : "6269638", "esni" : "0", "c" : "5175127", "a" : "1094511", "pea" : "100,00", "pena" : "0,00", "pesi" : "91,95", "pesni" : "0,00", "pa" : "17,46", "pc" : "82,54", "munnr" : "9", "munpt" : "86", "munf" : "89", "pmunnr" : "4,89", "pmunpt" : "46,74", "pmunf" : "48,37" }, 
{ "and" : "P", "tpabr" : "UF", "cdabr" : "GO", "dt" : "02/10/2022", "ht" : "21:05:34", "s" : "14620", "st" : "14530", "snt" : "90", "si" : "14530", "sni" : "0", "sa" : "14530", "sna" : "0", "pst" : "99,38", "psnt" : "0,62", "psi" : "99,38", "psni" : "0,00", "psa" : "100,00", "psna" : "0,00", "e" : "4870292", "ea" : "4840646", "ena" : "0", "esi" : "4840646", "esni" : "0", "c" : "3790367", "a" : "1050279", "pea" : "100,00", "pena" : "0,00", "pesi" : "99,39", "pesni" : "0,00", "pa" : "21,70", "pc" : "78,30", "munnr" : "2", "munpt" : "17", "munf" : "227", "pmunnr" : "0,81", "pmunpt" : "6,91", "pmunf" : "92,28" }, 
{ "and" : "P", "tpabr" : "UF", "cdabr" : "MS", "dt" : "02/10/2022", "ht" : "20:54:51", "s" : "6912", "st" : "6910", "snt" : "2", "si" : "6910", "sni" : "0", "sa" : "6910", "sna" : "0", "pst" : "99,97", "psnt" : "0,03", "psi" : "99,97", "psni" : "0,00", "psa" : "100,00", "psna" : "0,00", "e" : "1995932", "ea" : "1995509", "ena" : "0", "esi" : "1995509", "esni" : "0", "c" : "1554759", "a" : "440750", "pea" : "100,00", "pena" : "0,00", "pesi" : "99,98", "pesni" : "0,00", "pa" : "22,09", "pc" : "77,91", "munnr" : "0", "munpt" : "1", "munf" : "78", "pmunnr" : "00,00", "pmunpt" : "1,27", "pmunf" : "98,73" }, 
{ "and" : "P", "tpabr" : "UF", "cdabr" : "MT", "dt" : "02/10/2022", "ht" : "20:59:20", "s" : "7652", "st" : "7555", "snt" : "97", "si" : "7555", "sni" : "0", "sa" : "7555", "sna" : "0", "pst" : "98,73", "psnt" : "1,27", "psi" : "98,73", "psni" : "0,00", "psa" : "100,00", "psna" : "0,00", "e" : "2469604", "ea" : "2437991", "ena" : "0", "esi" : "2437991", "esni" : "0", "c" : "1868644", "a" : "569347", "pea" : "100,00", "pena" : "0,00", "pesi" : "98,72", "pesni" : "0,00", "pa" : "23,35", "pc" : "76,65", "munnr" : "1", "munpt" : "13", "munf" : "127", "pmunnr" : "0,71", "pmunpt" : "9,22", "pmunf" : "90,07" }, 
{ "and" : "P", "tpabr" : "UF", "cdabr" : "SE", "dt" : "02/10/2022", "ht" : "20:56:03", "s" : "5498", "st" : "5413", "snt" : "85", "si" : "5413", "sni" : "0", "sa" : "5413", "sna" : "0", "pst" : "98,45", "psnt" : "1,55", "psi" : "98,45", "psni" : "0,00", "psa" : "100,00", "psna" : "0,00", "e" : "1671376", "ea" : "1641437", "ena" : "0", "esi" : "1641437", "esni" : "0", "c" : "1340151", "a" : "301286", "pea" : "100,00", "pena" : "0,00", "pesi" : "98,21", "pesni" : "0,00", "pa" : "18,36", "pc" : "81,64", "munnr" : "0", "munpt" : "12", "munf" : "63", "pmunnr" : "00,00", "pmunpt" : "16,00", "pmunf" : "84,00" }, 
{ "and" : "F", "tpabr" : "UF", "cdabr" : "DF", "dt" : "02/10/2022", "ht" : "20:36:59", "s" : "6748", "st" : "6748", "snt" : "0", "si" : "6748", "sni" : "0", "sa" : "6748", "sna" : "0", "pst" : "100,00", "psnt" : "0,00", "psi" : "100,00", "psni" : "0,00", "psa" : "100,00", "psna" : "0,00", "e" : "2206996", "ea" : "2206996", "ena" : "0", "esi" : "2206996", "esni" : "0", "c" : "1819900", "a" : "387096", "pea" : "100,00", "pena" : "0,00", "pesi" : "100,00", "pesni" : "0,00", "pa" : "17,54", "pc" : "82,46", "munnr" : "0", "munpt" : "0", "munf" : "1", "pmunnr" : "00,00", "pmunpt" : "00,00", "pmunf" : "100,00" }, 
{ "and" : "F", "tpabr" : "UF", "cdabr" : "ES", "dt" : "02/10/2022", "ht" : "20:41:59", "s" : "9239", "st" : "9239", "snt" : "0", "si" : "9239", "sni" : "0", "sa" : "9239", "sna" : "0", "pst" : "100,00", "psnt" : "0,00", "psi" : "100,00", "psni" : "0,00", "psa" : "100,00", "psna" : "0,00", "e" : "2922379", "ea" : "2922379", "ena" : "0", "esi" : "2922379", "esni" : "0", "c" : "2315889", "a" : "606490", "pea" : "100,00", "pena" : "0,00", "pesi" : "100,00", "pesni" : "0,00", "pa" : "20,75", "pc" : "79,25", "munnr" : "0", "munpt" : "0", "munf" : "78", "pmunnr" : "00,00", "pmunpt" : "00,00", "pmunf" : "100,00" }, 
{ "and" : "P", "tpabr" : "UF", "cdabr" : "MA", "dt" : "02/10/2022", "ht" : "21:04:45", "s" : "16423", "st" : "12259", "snt" : "4164", "si" : "12259", "sni" : "0", "sa" : "12259", "sna" : "0", "pst" : "74,65", "psnt" : "25,35", "psi" : "74,65", "psni" : "0,00", "psa" : "100,00", "psna" : "0,00", "e" : "5039287", "ea" : "3772462", "ena" : "0", "esi" : "3772462", "esni" : "0", "c" : "2954158", "a" : "818304", "pea" : "100,00", "pena" : "0,00", "pesi" : "74,86", "pesni" : "0,00", "pa" : "21,69", "pc" : "78,31", "munnr" : "31", "munpt" : "138", "munf" : "48", "pmunnr" : "14,29", "pmunpt" : "63,59", "pmunf" : "22,12" }, 
{ "and" : "P", "tpabr" : "UF", "cdabr" : "PA", "dt" : "02/10/2022", "ht" : "21:04:45", "s" : "18235", "st" : "17253", "snt" : "982", "si" : "17253", "sni" : "0", "sa" : "17253", "sna" : "0", "pst" : "94,61", "psnt" : "5,39", "psi" : "94,61", "psni" : "0,00", "psa" : "100,00", "psna" : "0,00", "e" : "6079280", "ea" : "5748245", "ena" : "0", "esi" : "5748245", "esni" : "0", "c" : "4525867", "a" : "1222378", "pea" : "100,00", "pena" : "0,00", "pesi" : "94,55", "pesni" : "0,00", "pa" : "21,27", "pc" : "78,73", "munnr" : "0", "munpt" : "95", "munf" : "49", "pmunnr" : "00,00", "pmunpt" : "65,97", "pmunf" : "34,03" }, 
{ "and" : "P", "tpabr" : "UF", "cdabr" : "PI", "dt" : "02/10/2022", "ht" : "21:04:36", "s" : "8963", "st" : "8289", "snt" : "674", "si" : "8289", "sni" : "0", "sa" : "8289", "sna" : "0", "pst" : "92,48", "psnt" : "7,52", "psi" : "92,48", "psni" : "0,00", "psa" : "100,00", "psna" : "0,00", "e" : "2570433", "ea" : "2368441", "ena" : "0", "esi" : "2368441", "esni" : "0", "c" : "1948719", "a" : "419722", "pea" : "100,00", "pena" : "0,00", "pesi" : "92,14", "pesni" : "0,00", "pa" : "17,72", "pc" : "82,28", "munnr" : "7", "munpt" : "110", "munf" : "107", "pmunnr" : "3,13", "pmunpt" : "49,11", "pmunf" : "47,77" }, 
{ "and" : "P", "tpabr" : "UF", "cdabr" : "RS", "dt" : "02/10/2022", "ht" : "21:01:47", "s" : "27201", "st" : "26882", "snt" : "319", "si" : "26882", "sni" : "0", "sa" : "26882", "sna" : "0", "pst" : "98,83", "psnt" : "1,17", "psi" : "98,83", "psni" : "0,00", "psa" : "100,00", "psna" : "0,00", "e" : "8589432", "ea" : "8478046", "ena" : "0", "esi" : "8478046", "esni" : "0", "c" : "6801818", "a" : "1676228", "pea" : "100,00", "pena" : "0,00", "pesi" : "98,70", "pesni" : "0,00", "pa" : "19,77", "pc" : "80,23", "munnr" : "4", "munpt" : "20", "munf" : "473", "pmunnr" : "0,80", "pmunpt" : "4,02", "pmunf" : "95,17" }, 
{ "and" : "P", "tpabr" : "UF", "cdabr" : "AC", "dt" : "02/10/2022", "ht" : "20:57:06", "s" : "2124", "st" : "2089", "snt" : "35", "si" : "2089", "sni" : "0", "sa" : "2089", "sna" : "0", "pst" : "98,35", "psnt" : "1,65", "psi" : "98,35", "psni" : "0,00", "psa" : "100,00", "psna" : "0,00", "e" : "587738", "ea" : "578124", "ena" : "0", "esi" : "578124", "esni" : "0", "c" : "448898", "a" : "129226", "pea" : "100,00", "pena" : "0,00", "pesi" : "98,36", "pesni" : "0,00", "pa" : "22,35", "pc" : "77,65", "munnr" : "0", "munpt" : "5", "munf" : "17", "pmunnr" : "00,00", "pmunpt" : "22,73", "pmunf" : "77,27" }, 
{ "and" : "P", "tpabr" : "UF", "cdabr" : "PR", "dt" : "02/10/2022", "ht" : "21:04:20", "s" : "25721", "st" : "25602", "snt" : "119", "si" : "25602", "sni" : "0", "sa" : "25602", "sna" : "0", "pst" : "99,54", "psnt" : "0,46", "psi" : "99,54", "psni" : "0,00", "psa" : "100,00", "psna" : "0,00", "e" : "8480435", "ea" : "8440394", "ena" : "0", "esi" : "8440394", "esni" : "0", "c" : "6797718", "a" : "1642676", "pea" : "100,00", "pena" : "0,00", "pesi" : "99,53", "pesni" : "0,00", "pa" : "19,46", "pc" : "80,54", "munnr" : "2", "munpt" : "27", "munf" : "370", "pmunnr" : "0,50", "pmunpt" : "6,77", "pmunf" : "92,73" }, 
{ "and" : "P", "tpabr" : "UF", "cdabr" : "SC", "dt" : "02/10/2022", "ht" : "21:04:21", "s" : "16242", "st" : "16103", "snt" : "139", "si" : "16103", "sni" : "0", "sa" : "16103", "sna" : "0", "pst" : "99,14", "psnt" : "0,86", "psi" : "99,14", "psni" : "0,00", "psa" : "100,00", "psna" : "0,00", "e" : "5501478", "ea" : "5451837", "ena" : "0", "esi" : "5451837", "esni" : "0", "c" : "4447663", "a" : "1004174", "pea" : "100,00", "pena" : "0,00", "pesi" : "99,10", "pesni" : "0,00", "pa" : "18,42", "pc" : "81,58", "munnr" : "1", "munpt" : "14", "munf" : "280", "pmunnr" : "0,34", "pmunpt" : "4,75", "pmunf" : "94,92" }, 
{ "and" : "P", "tpabr" : "UF", "cdabr" : "TO", "dt" : "02/10/2022", "ht" : "21:02:52", "s" : "3957", "st" : "3946", "snt" : "11", "si" : "3946", "sni" : "0", "sa" : "3946", "sna" : "0", "pst" : "99,72", "psnt" : "0,28", "psi" : "99,72", "psni" : "0,00", "psa" : "100,00", "psna" : "0,00", "e" : "1094346", "ea" : "1091252", "ena" : "0", "esi" : "1091252", "esni" : "0", "c" : "888988", "a" : "202264", "pea" : "100,00", "pena" : "0,00", "pesi" : "99,72", "pesni" : "0,00", "pa" : "18,54", "pc" : "81,46", "munnr" : "0", "munpt" : "5", "munf" : "134", "pmunnr" : "00,00", "pmunpt" : "3,60", "pmunf" : "96,40" }, 
{ "and" : "P", "tpabr" : "UF", "cdabr" : "AL", "dt" : "02/10/2022", "ht" : "21:04:44", "s" : "6626", "st" : "5104", "snt" : "1522", "si" : "5104", "sni" : "0", "sa" : "5104", "sna" : "0", "pst" : "77,03", "psnt" : "22,97", "psi" : "77,03", "psni" : "0,00", "psa" : "100,00", "psna" : "0,00", "e" : "2326491", "ea" : "1757998", "ena" : "0", "esi" : "1757998", "esni" : "0", "c" : "1369169", "a" : "388829", "pea" : "100,00", "pena" : "0,00", "pesi" : "75,56", "pesni" : "0,00", "pa" : "22,12", "pc" : "77,88", "munnr" : "16", "munpt" : "37", "munf" : "49", "pmunnr" : "15,69", "pmunpt" : "36,27", "pmunf" : "48,04" }, 
{ "and" : "P", "tpabr" : "UF", "cdabr" : "BA", "dt" : "02/10/2022", "ht" : "21:04:36", "s" : "34424", "st" : "30499", "snt" : "3925", "si" : "30499", "sni" : "0", "sa" : "30499", "sna" : "0", "pst" : "88,60", "psnt" : "11,40", "psi" : "88,60", "psni" : "0,00", "psa" : "100,00", "psna" : "0,00", "e" : "11283405", "ea" : "9973032", "ena" : "0", "esi" : "9973032", "esni" : "0", "c" : "7858039", "a" : "2114993", "pea" : "100,00", "pena" : "0,00", "pesi" : "88,39", "pesni" : "0,00", "pa" : "21,21", "pc" : "78,79", "munnr" : "18", "munpt" : "219", "munf" : "180", "pmunnr" : "4,32", "pmunpt" : "52,52", "pmunf" : "43,17" }, 
{ "and" : "P", "tpabr" : "UF", "cdabr" : "PB", "dt" : "02/10/2022", "ht" : "21:04:25", "s" : "9602", "st" : "9560", "snt" : "42", "si" : "9560", "sni" : "0", "sa" : "9560", "sna" : "0", "pst" : "99,56", "psnt" : "0,44", "psi" : "99,56", "psni" : "0,00", "psa" : "100,00", "psna" : "0,00", "e" : "3092053", "ea" : "3078581", "ena" : "0", "esi" : "3078581", "esni" : "0", "c" : "2546288", "a" : "532293", "pea" : "100,00", "pena" : "0,00", "pesi" : "99,56", "pesni" : "0,00", "pa" : "17,29", "pc" : "82,71", "munnr" : "1", "munpt" : "10", "munf" : "212", "pmunnr" : "0,45", "pmunpt" : "4,48", "pmunf" : "95,07" }, 
{ "and" : "P", "tpabr" : "UF", "cdabr" : "AP", "dt" : "02/10/2022", "ht" : "21:04:19", "s" : "1740", "st" : "1726", "snt" : "14", "si" : "1726", "sni" : "0", "sa" : "1726", "sna" : "0", "pst" : "99,20", "psnt" : "0,80", "psi" : "99,20", "psni" : "0,00", "psa" : "100,00", "psna" : "0,00", "e" : "550165", "ea" : "545080", "ena" : "0", "esi" : "545080", "esni" : "0", "c" : "438663", "a" : "106417", "pea" : "100,00", "pena" : "0,00", "pesi" : "99,08", "pesni" : "0,00", "pa" : "19,52", "pc" : "80,48", "munnr" : "0", "munpt" : "6", "munf" : "10", "pmunnr" : "00,00", "pmunpt" : "37,50", "pmunf" : "62,50" }, 
{ "and" : "P", "tpabr" : "UF", "cdabr" : "RJ", "dt" : "02/10/2022", "ht" : "21:04:21", "s" : "34068", "st" : "32592", "snt" : "1476", "si" : "32592", "sni" : "0", "sa" : "32592", "sna" : "0", "pst" : "95,67", "psnt" : "4,33", "psi" : "95,67", "psni" : "0,00", "psa" : "100,00", "psna" : "0,00", "e" : "12826356", "ea" : "12244278", "ena" : "0", "esi" : "12244278", "esni" : "0", "c" : "9462072", "a" : "2782206", "pea" : "100,00", "pena" : "0,00", "pesi" : "95,46", "pesni" : "0,00", "pa" : "22,72", "pc" : "77,28", "munnr" : "2", "munpt" : "41", "munf" : "49", "pmunnr" : "2,17", "pmunpt" : "44,57", "pmunf" : "53,26" }, 
{ "and" : "P", "tpabr" : "UF", "cdabr" : "RR", "dt" : "02/10/2022", "ht" : "21:04:20", "s" : "1268", "st" : "1267", "snt" : "1", "si" : "1267", "sni" : "0", "sa" : "1267", "sna" : "0", "pst" : "99,92", "psnt" : "0,08", "psi" : "99,92", "psni" : "0,00", "psa" : "100,00", "psna" : "0,00", "e" : "366632", "ea" : "366317", "ena" : "0", "esi" : "366317", "esni" : "0", "c" : "305160", "a" : "61157", "pea" : "100,00", "pena" : "0,00", "pesi" : "99,91", "pesni" : "0,00", "pa" : "16,70", "pc" : "83,30", "munnr" : "0", "munpt" : "1", "munf" : "14", "pmunnr" : "00,00", "pmunpt" : "6,67", "pmunf" : "93,33" }, 
{ "and" : "P", "tpabr" : "UF", "cdabr" : "ZZ", "dt" : "02/10/2022", "ht" : "21:04:23", "s" : "1064", "st" : "883", "snt" : "181", "si" : "837", "sni" : "46", "sa" : "837", "sna" : "0", "pst" : "82,99", "psnt" : "17,01", "psi" : "78,67", "psni" : "21,33", "psa" : "100,00", "psna" : "0,00", "e" : "695355", "ea" : "579286", "ena" : "0", "esi" : "579286", "esni" : "573", "c" : "257376", "a" : "321910", "pea" : "100,00", "pena" : "0,00", "pesi" : "83,31", "pesni" : "99,92", "pa" : "55,57", "pc" : "44,43", "munnr" : "28", "munpt" : "25", "munf" : "128", "pmunnr" : "15,47", "pmunpt" : "13,81", "pmunf" : "70,72" }, 
{ "and" : "P", "tpabr" : "UF", "cdabr" : "SP", "dt" : "02/10/2022", "ht" : "21:04:22", "s" : "101073", "st" : "99262", "snt" : "1811", "si" : "99262", "sni" : "0", "sa" : "99262", "sna" : "0", "pst" : "98,21", "psnt" : "1,79", "psi" : "98,21", "psni" : "0,00", "psa" : "100,00", "psna" : "0,00", "e" : "34684927", "ea" : "34045230", "ena" : "0", "esi" : "34045230", "esni" : "0", "c" : "26686390", "a" : "7358840", "pea" : "100,00", "pena" : "0,00", "pesi" : "98,16", "pesni" : "0,00", "pa" : "21,61", "pc" : "78,39", "munnr" : "9", "munpt" : "46", "munf" : "590", "pmunnr" : "1,40", "pmunpt" : "7,13", "pmunf" : "91,47" }, 
{ "and" : "P", "tpabr" : "BR", "cdabr" : "BR", "dt" : "02/10/2022", "ht" : "21:05:34", "s" : "472075", "st" : "450341", "snt" : "21734", "si" : "450294", "sni" : "47", "sa" : "450294", "sna" : "0", "pst" : "95,39", "psnt" : "4,61", "psi" : "95,38", "psni" : "4,62", "psa" : "100,00", "psna" : "0,00", "e" : "156454011", "ea" : "149165560", "ena" : "0", "esi" : "149165560", "esni" : "657", "c" : "118046882", "a" : "31118678", "pea" : "100,00", "pena" : "0,00", "pesi" : "95,34", "pesni" : "100,00", "pa" : "20,87", "pc" : "79,13", "ufsnr" : "0", "ufspt" : "26", "ufsf" : "2", "pufsnr" : "00,00", "pufspt" : "92,86", "pufsf" : "7,14" } ] }