
{ "ele" : "544", "tpabr" : "br", "cdabr" : "br", "carper" : "1", "md" : "N", "t" : "1", "f" : "o", "dg" : "02/10/2022", "hg" : "19:12:03", "dt" : "02/10/2022", "ht" : "19:11:53", "dv" : "s", "tf" : "n", "v" : "1", "esae" : "n", "mnae" : "", "s" : "472075", "st" : "156664", "pst" : "33,18", "snt" : "315411", "psnt" : "66,82", "si" : "156664", "psi" : "33,18", "sni" : "0", "psni" : "0,00", "sa" : "156664", "psa" : "100,00", "sna" : "0", "psna" : "0,00", "e" : "156454011", "ea" : "49303974", "pea" : "100,00", "ena" : "0", "pena" : "0,00", "esi" : "49303974", "pesi" : "31,51", "esni" : "0", "pesni" : "0,00", "c" : "39100063", "pc" : "79,30", "a" : "10203911", "pa" : "20,70", "vscv" : "0", "vnom" : "37510942", "pvnom" : "100,00", "vvc" : "37510942", "pvvc" : "95,94", "vb" : "601234", "pvb" : "1,53", "tvn" : "987887", "ptvn" : "2,53", "vn" : "987887", "pvn" : "100,00", "vnt" : "0", "pvnt" : "0,00", "vp" : "0", "pvp" : "0,00", "vv" : "37510942", "pvv" : "100,00", "van" : "0", "pvan" : "0,00", "vansj" : "0", "pvansj" : "0,00", "tv" : "39100063", "cand" : [ 
{ "seq" : "1", "sqcand" : "280001618036", "n" : "22", "nm" : "JAIR BOLSONARO", "cc" : "PL - PP \/ REPUBLICANOS \/ PL", "nv" : "BRAGA NETTO", "e" : "n", "st" : "", "dvt" : "Válido", "vap" : "17799016", "pvap" : "47,45" }, 
{ "seq" : "2", "sqcand" : "280001607829", "n" : "13", "nm" : "LULA", "cc" : "PT - Federação Brasil da Esperança - FE BRASIL (PT\/PC do B\/PV) \/ SOLIDARIEDADE \/ Federação PSOL REDE (PSOL\/REDE) \/ PSB \/ AGIR \/ AVANTE \/ PROS", "nv" : "GERALDO ALCKMIN", "e" : "n", "st" : "", "dvt" : "Válido", "vap" : "16410488", "pvap" : "43,75" }, 
{ "seq" : "3", "sqcand" : "280001607833", "n" : "15", "nm" : "SIMONE TEBET", "cc" : "MDB - MDB \/ Federação PSDB Cidadania (PSDB\/CIDADANIA) \/ PODE", "nv" : "MARA GABRILLI", "e" : "n", "st" : "", "dvt" : "Válido", "vap" : "1705063", "pvap" : "4,55" }, 
{ "seq" : "4", "sqcand" : "280001612393", "n" : "12", "nm" : "CIRO GOMES", "cc" : "PDT", "nv" : "ANA PAULA MATOS", "e" : "n", "st" : "", "dvt" : "Válido", "vap" : "1148179", "pvap" : "3,06" }, 
{ "seq" : "5", "sqcand" : "280001603612", "n" : "30", "nm" : "FELIPE D&apos;AVILA", "cc" : "NOVO", "nv" : "TIAGO MITRAUD", "e" : "n", "st" : "", "dvt" : "Válido", "vap" : "190347", "pvap" : "0,51" }, 
{ "seq" : "6", "sqcand" : "280001644128", "n" : "44", "nm" : "SORAYA THRONICKE", "cc" : "UNIÃO", "nv" : "MARCOS CINTRA", "e" : "n", "st" : "", "dvt" : "Válido", "vap" : "187168", "pvap" : "0,50" }, 
{ "seq" : "7", "sqcand" : "280001734029", "n" : "14", "nm" : "PADRE KELMON", "cc" : "PTB", "nv" : "PASTOR GAMONAL", "e" : "n", "st" : "", "dvt" : "Válido", "vap" : "26343", "pvap" : "0,07" }, 
{ "seq" : "8", "sqcand" : "280001602702", "n" : "80", "nm" : "LÉO PÉRICLES", "cc" : "UP", "nv" : "SAMARA MARTINS", "e" : "n", "st" : "", "dvt" : "Válido", "vap" : "15636", "pvap" : "0,04" }, 
{ "seq" : "9", "sqcand" : "280001600167", "n" : "21", "nm" : "SOFIA MANZANO", "cc" : "PCB", "nv" : "ANTONIO ALVES", "e" : "n", "st" : "", "dvt" : "Válido", "vap" : "14770", "pvap" : "0,04" }, 
{ "seq" : "10", "sqcand" : "280001607831", "n" : "16", "nm" : "VERA", "cc" : "PSTU", "nv" : "RAQUEL TREMEMBÉ", "e" : "n", "st" : "", "dvt" : "Válido", "vap" : "8225", "pvap" : "0,02" }, 
{ "seq" : "11", "sqcand" : "280001677435", "n" : "27", "nm" : "CONSTITUINTE EYMAEL", "cc" : "DC", "nv" : "PROFESSOR BRAVO", "e" : "n", "st" : "", "dvt" : "Válido", "vap" : "5707", "pvap" : "0,02" } ] }