
{ "ele" : "544", "tpabr" : "br", "cdabr" : "br", "carper" : "1", "md" : "N", "t" : "1", "f" : "o", "dg" : "02/10/2022", "hg" : "20:53:24", "dt" : "02/10/2022", "ht" : "20:52:51", "dv" : "s", "tf" : "n", "v" : "1", "esae" : "n", "mnae" : "", "s" : "472075", "st" : "444030", "pst" : "94,05", "snt" : "28045", "psnt" : "5,95", "si" : "443984", "psi" : "94,04", "sni" : "46", "psni" : "5,96", "sa" : "443984", "psa" : "100,00", "sna" : "0", "psna" : "0,00", "e" : "156454011", "ea" : "146927668", "pea" : "100,00", "ena" : "0", "pena" : "0,00", "esi" : "146927668", "pesi" : "93,91", "esni" : "573", "pesni" : "5,96", "c" : "116303731", "pc" : "79,15", "a" : "30623937", "pa" : "20,85", "vscv" : "0", "vnom" : "111179552", "pvnom" : "100,00", "vvc" : "111179552", "pvvc" : "95,59", "vb" : "1860744", "pvb" : "1,60", "tvn" : "3263435", "ptvn" : "2,81", "vn" : "3263435", "pvn" : "100,00", "vnt" : "0", "pvnt" : "0,00", "vp" : "0", "pvp" : "0,00", "vv" : "111179552", "pvv" : "100,00", "van" : "0", "pvan" : "0,00", "vansj" : "0", "pvansj" : "0,00", "tv" : "116303731", "cand" : [ 
{ "seq" : "1", "sqcand" : "280001607829", "n" : "13", "nm" : "LULA", "cc" : "PT - Federação Brasil da Esperança - FE BRASIL (PT\/PC do B\/PV) \/ SOLIDARIEDADE \/ Federação PSOL REDE (PSOL\/REDE) \/ PSB \/ AGIR \/ AVANTE \/ PROS", "nv" : "GERALDO ALCKMIN", "e" : "n", "st" : "", "dvt" : "Válido", "vap" : "52849990", "pvap" : "47,54" }, 
{ "seq" : "2", "sqcand" : "280001618036", "n" : "22", "nm" : "JAIR BOLSONARO", "cc" : "PL - PP \/ REPUBLICANOS \/ PL", "nv" : "BRAGA NETTO", "e" : "n", "st" : "", "dvt" : "Válido", "vap" : "48877947", "pvap" : "43,96" }, 
{ "seq" : "3", "sqcand" : "280001607833", "n" : "15", "nm" : "SIMONE TEBET", "cc" : "MDB - MDB \/ Federação PSDB Cidadania (PSDB\/CIDADANIA) \/ PODE", "nv" : "MARA GABRILLI", "e" : "n", "st" : "", "dvt" : "Válido", "vap" : "4728332", "pvap" : "4,25" }, 
{ "seq" : "4", "sqcand" : "280001612393", "n" : "12", "nm" : "CIRO GOMES", "cc" : "PDT", "nv" : "ANA PAULA MATOS", "e" : "n", "st" : "", "dvt" : "Válido", "vap" : "3404852", "pvap" : "3,06" }, 
{ "seq" : "5", "sqcand" : "280001644128", "n" : "44", "nm" : "SORAYA THRONICKE", "cc" : "UNIÃO", "nv" : "MARCOS CINTRA", "e" : "n", "st" : "", "dvt" : "Válido", "vap" : "565468", "pvap" : "0,51" }, 
{ "seq" : "6", "sqcand" : "280001603612", "n" : "30", "nm" : "FELIPE D&apos;AVILA", "cc" : "NOVO", "nv" : "TIAGO MITRAUD", "e" : "n", "st" : "", "dvt" : "Válido", "vap" : "542119", "pvap" : "0,49" }, 
{ "seq" : "7", "sqcand" : "280001734029", "n" : "14", "nm" : "PADRE KELMON", "cc" : "PTB", "nv" : "PASTOR GAMONAL", "e" : "n", "st" : "", "dvt" : "Válido", "vap" : "75539", "pvap" : "0,07" }, 
{ "seq" : "8", "sqcand" : "280001602702", "n" : "80", "nm" : "LÉO PÉRICLES", "cc" : "UP", "nv" : "SAMARA MARTINS", "e" : "n", "st" : "", "dvt" : "Válido", "vap" : "51488", "pvap" : "0,05" }, 
{ "seq" : "9", "sqcand" : "280001600167", "n" : "21", "nm" : "SOFIA MANZANO", "cc" : "PCB", "nv" : "ANTONIO ALVES", "e" : "n", "st" : "", "dvt" : "Válido", "vap" : "43530", "pvap" : "0,04" }, 
{ "seq" : "10", "sqcand" : "280001607831", "n" : "16", "nm" : "VERA", "cc" : "PSTU", "nv" : "RAQUEL TREMEMBÉ", "e" : "n", "st" : "", "dvt" : "Válido", "vap" : "24392", "pvap" : "0,02" }, 
{ "seq" : "11", "sqcand" : "280001677435", "n" : "27", "nm" : "CONSTITUINTE EYMAEL", "cc" : "DC", "nv" : "PROFESSOR BRAVO", "e" : "n", "st" : "", "dvt" : "Válido", "vap" : "15895", "pvap" : "0,01" } ] }