
{ "ele" : "544", "tpabr" : "br", "cdabr" : "br", "carper" : "1", "md" : "N", "t" : "1", "f" : "o", "dg" : "02/10/2022", "hg" : "18:34:46", "dt" : "02/10/2022", "ht" : "18:34:37", "dv" : "s", "tf" : "n", "v" : "1", "esae" : "n", "mnae" : "", "s" : "472075", "st" : "51966", "pst" : "11,00", "snt" : "420109", "psnt" : "89,00", "si" : "51966", "psi" : "11,00", "sni" : "0", "psni" : "0,00", "sa" : "51966", "psa" : "100,00", "sna" : "0", "psna" : "0,00", "e" : "156454011", "ea" : "16131148", "pea" : "100,00", "ena" : "0", "pena" : "0,00", "esi" : "16131148", "pesi" : "10,31", "esni" : "0", "pesni" : "0,00", "c" : "12770249", "pc" : "79,16", "a" : "3360899", "pa" : "20,84", "vscv" : "0", "vnom" : "12302702", "pvnom" : "100,00", "vvc" : "12302702", "pvvc" : "96,34", "vb" : "180199", "pvb" : "1,41", "tvn" : "287348", "ptvn" : "2,25", "vn" : "287348", "pvn" : "100,00", "vnt" : "0", "pvnt" : "0,00", "vp" : "0", "pvp" : "0,00", "vv" : "12302702", "pvv" : "100,00", "van" : "0", "pvan" : "0,00", "vansj" : "0", "pvansj" : "0,00", "tv" : "12770249", "cand" : [ 
{ "seq" : "1", "sqcand" : "280001618036", "n" : "22", "nm" : "JAIR BOLSONARO", "cc" : "PL - PP \/ REPUBLICANOS \/ PL", "nv" : "BRAGA NETTO", "e" : "n", "st" : "", "dvt" : "Válido", "vap" : "5945347", "pvap" : "48,33" }, 
{ "seq" : "2", "sqcand" : "280001607829", "n" : "13", "nm" : "LULA", "cc" : "PT - Federação Brasil da Esperança - FE BRASIL (PT\/PC do B\/PV) \/ SOLIDARIEDADE \/ Federação PSOL REDE (PSOL\/REDE) \/ PSB \/ AGIR \/ AVANTE \/ PROS", "nv" : "GERALDO ALCKMIN", "e" : "n", "st" : "", "dvt" : "Válido", "vap" : "5281157", "pvap" : "42,93" }, 
{ "seq" : "3", "sqcand" : "280001607833", "n" : "15", "nm" : "SIMONE TEBET", "cc" : "MDB - MDB \/ Federação PSDB Cidadania (PSDB\/CIDADANIA) \/ PODE", "nv" : "MARA GABRILLI", "e" : "n", "st" : "", "dvt" : "Válido", "vap" : "559653", "pvap" : "4,55" }, 
{ "seq" : "4", "sqcand" : "280001612393", "n" : "12", "nm" : "CIRO GOMES", "cc" : "PDT", "nv" : "ANA PAULA MATOS", "e" : "n", "st" : "", "dvt" : "Válido", "vap" : "376020", "pvap" : "3,06" }, 
{ "seq" : "5", "sqcand" : "280001644128", "n" : "44", "nm" : "SORAYA THRONICKE", "cc" : "UNIÃO", "nv" : "MARCOS CINTRA", "e" : "n", "st" : "", "dvt" : "Válido", "vap" : "58995", "pvap" : "0,48" }, 
{ "seq" : "6", "sqcand" : "280001603612", "n" : "30", "nm" : "FELIPE D&apos;AVILA", "cc" : "NOVO", "nv" : "TIAGO MITRAUD", "e" : "n", "st" : "", "dvt" : "Válido", "vap" : "58171", "pvap" : "0,47" }, 
{ "seq" : "7", "sqcand" : "280001734029", "n" : "14", "nm" : "PADRE KELMON", "cc" : "PTB", "nv" : "PASTOR GAMONAL", "e" : "n", "st" : "", "dvt" : "Válido", "vap" : "8946", "pvap" : "0,07" }, 
{ "seq" : "8", "sqcand" : "280001602702", "n" : "80", "nm" : "LÉO PÉRICLES", "cc" : "UP", "nv" : "SAMARA MARTINS", "e" : "n", "st" : "", "dvt" : "Válido", "vap" : "4802", "pvap" : "0,04" }, 
{ "seq" : "9", "sqcand" : "280001600167", "n" : "21", "nm" : "SOFIA MANZANO", "cc" : "PCB", "nv" : "ANTONIO ALVES", "e" : "n", "st" : "", "dvt" : "Válido", "vap" : "4794", "pvap" : "0,04" }, 
{ "seq" : "10", "sqcand" : "280001607831", "n" : "16", "nm" : "VERA", "cc" : "PSTU", "nv" : "RAQUEL TREMEMBÉ", "e" : "n", "st" : "", "dvt" : "Válido", "vap" : "2796", "pvap" : "0,02" }, 
{ "seq" : "11", "sqcand" : "280001677435", "n" : "27", "nm" : "CONSTITUINTE EYMAEL", "cc" : "DC", "nv" : "PROFESSOR BRAVO", "e" : "n", "st" : "", "dvt" : "Válido", "vap" : "2021", "pvap" : "0,02" } ] }