
{ "ele" : "544", "tpabr" : "uf", "cdabr" : "MG", "carper" : "1", "md" : "N", "t" : "1", "f" : "o", "dg" : "02/10/2022", "hg" : "18:48:33", "dt" : "02/10/2022", "ht" : "18:48:19", "dv" : "s", "tf" : "n", "v" : "1", "esae" : "n", "mnae" : "", "s" : "49981", "st" : "5771", "pst" : "11,55", "snt" : "44210", "psnt" : "88,45", "si" : "5771", "psi" : "11,55", "sni" : "0", "psni" : "0,00", "sa" : "5771", "psa" : "100,00", "sna" : "0", "psna" : "0,00", "e" : "16283828", "ea" : "1754881", "pea" : "100,00", "ena" : "0", "pena" : "0,00", "esi" : "1754881", "pesi" : "10,78", "esni" : "0", "pesni" : "0,00", "c" : "1347696", "pc" : "76,80", "a" : "407185", "pa" : "23,20", "vscv" : "0", "vnom" : "1283082", "pvnom" : "100,00", "vvc" : "1283082", "pvvc" : "95,21", "vb" : "24033", "pvb" : "1,78", "tvn" : "40581", "ptvn" : "3,01", "vn" : "40581", "pvn" : "100,00", "vnt" : "0", "pvnt" : "0,00", "vp" : "0", "pvp" : "0,00", "vv" : "1283082", "pvv" : "100,00", "van" : "0", "pvan" : "0,00", "vansj" : "0", "pvansj" : "0,00", "tv" : "1347696", "cand" : [ 
{ "seq" : "4", "sqcand" : "280001612393", "n" : "12", "nm" : "CIRO GOMES", "cc" : "PDT", "nv" : "ANA PAULA MATOS", "e" : "n", "st" : "", "dvt" : "Válido", "vap" : "32159", "pvap" : "2,51" }, 
{ "seq" : "2", "sqcand" : "280001607829", "n" : "13", "nm" : "LULA", "cc" : "PT - Federação Brasil da Esperança - FE BRASIL (PT\/PC do B\/PV) \/ SOLIDARIEDADE \/ Federação PSOL REDE (PSOL\/REDE) \/ PSB \/ AGIR \/ AVANTE \/ PROS", "nv" : "GERALDO ALCKMIN", "e" : "n", "st" : "", "dvt" : "Válido", "vap" : "586215", "pvap" : "45,69" }, 
{ "seq" : "7", "sqcand" : "280001734029", "n" : "14", "nm" : "PADRE KELMON", "cc" : "PTB", "nv" : "PASTOR GAMONAL", "e" : "n", "st" : "", "dvt" : "Válido", "vap" : "777", "pvap" : "0,06" }, 
{ "seq" : "3", "sqcand" : "280001607833", "n" : "15", "nm" : "SIMONE TEBET", "cc" : "MDB - MDB \/ Federação PSDB Cidadania (PSDB\/CIDADANIA) \/ PODE", "nv" : "MARA GABRILLI", "e" : "n", "st" : "", "dvt" : "Válido", "vap" : "54826", "pvap" : "4,27" }, 
{ "seq" : "10", "sqcand" : "280001607831", "n" : "16", "nm" : "VERA", "cc" : "PSTU", "nv" : "RAQUEL TREMEMBÉ", "e" : "n", "st" : "", "dvt" : "Válido", "vap" : "235", "pvap" : "0,02" }, 
{ "seq" : "9", "sqcand" : "280001602702", "n" : "80", "nm" : "LÉO PÉRICLES", "cc" : "UP", "nv" : "SAMARA MARTINS", "e" : "n", "st" : "", "dvt" : "Válido", "vap" : "413", "pvap" : "0,03" }, 
{ "seq" : "1", "sqcand" : "280001618036", "n" : "22", "nm" : "JAIR BOLSONARO", "cc" : "PL - PP \/ REPUBLICANOS \/ PL", "nv" : "BRAGA NETTO", "e" : "n", "st" : "", "dvt" : "Válido", "vap" : "592537", "pvap" : "46,18" }, 
{ "seq" : "11", "sqcand" : "280001677435", "n" : "27", "nm" : "CONSTITUINTE EYMAEL", "cc" : "DC", "nv" : "PROFESSOR BRAVO", "e" : "n", "st" : "", "dvt" : "Válido", "vap" : "184", "pvap" : "0,01" }, 
{ "seq" : "5", "sqcand" : "280001603612", "n" : "30", "nm" : "FELIPE D&apos;AVILA", "cc" : "NOVO", "nv" : "TIAGO MITRAUD", "e" : "n", "st" : "", "dvt" : "Válido", "vap" : "10969", "pvap" : "0,85" }, 
{ "seq" : "6", "sqcand" : "280001644128", "n" : "44", "nm" : "SORAYA THRONICKE", "cc" : "UNIÃO", "nv" : "MARCOS CINTRA", "e" : "n", "st" : "", "dvt" : "Válido", "vap" : "4324", "pvap" : "0,34" }, 
{ "seq" : "8", "sqcand" : "280001600167", "n" : "21", "nm" : "SOFIA MANZANO", "cc" : "PCB", "nv" : "ANTONIO ALVES", "e" : "n", "st" : "", "dvt" : "Válido", "vap" : "443", "pvap" : "0,03" } ] }