
{ "ele" : "544", "tpabr" : "uf", "cdabr" : "MG", "carper" : "1", "md" : "S", "t" : "1", "f" : "o", "dg" : "02/10/2022", "hg" : "21:26:41", "dt" : "02/10/2022", "ht" : "21:25:58", "dv" : "s", "tf" : "n", "v" : "1", "esae" : "n", "mnae" : "", "s" : "49981", "st" : "48527", "pst" : "97,09", "snt" : "1454", "psnt" : "2,91", "si" : "48527", "psi" : "97,09", "sni" : "0", "psni" : "0,00", "sa" : "48527", "psa" : "100,00", "sna" : "0", "psna" : "0,00", "e" : "16283828", "ea" : "15817084", "pea" : "100,00", "ena" : "0", "pena" : "0,00", "esi" : "15817084", "pesi" : "97,13", "esni" : "0", "pesni" : "0,00", "c" : "12304535", "pc" : "77,79", "a" : "3512549", "pa" : "22,21", "vscv" : "0", "vnom" : "11685261", "pvnom" : "100,00", "vvc" : "11685261", "pvvc" : "94,97", "vb" : "223618", "pvb" : "1,81", "tvn" : "395656", "ptvn" : "3,22", "vn" : "395656", "pvn" : "100,00", "vnt" : "0", "pvnt" : "0,00", "vp" : "0", "pvp" : "0,00", "vv" : "11685261", "pvv" : "100,00", "van" : "0", "pvan" : "0,00", "vansj" : "0", "pvansj" : "0,00", "tv" : "12304535", "cand" : [ 
{ "seq" : "4", "sqcand" : "280001612393", "n" : "12", "nm" : "CIRO GOMES", "cc" : "PDT", "nv" : "ANA PAULA MATOS", "e" : "n", "st" : "", "dvt" : "Válido", "vap" : "302919", "pvap" : "2,59" }, 
{ "seq" : "1", "sqcand" : "280001607829", "n" : "13", "nm" : "LULA", "cc" : "PT - Federação Brasil da Esperança - FE BRASIL (PT\/PC do B\/PV) \/ SOLIDARIEDADE \/ Federação PSOL REDE (PSOL\/REDE) \/ PSB \/ AGIR \/ AVANTE \/ PROS", "nv" : "GERALDO ALCKMIN", "e" : "n", "st" : "", "dvt" : "Válido", "vap" : "5613233", "pvap" : "48,04" }, 
{ "seq" : "7", "sqcand" : "280001734029", "n" : "14", "nm" : "PADRE KELMON", "cc" : "PTB", "nv" : "PASTOR GAMONAL", "e" : "n", "st" : "", "dvt" : "Válido", "vap" : "7125", "pvap" : "0,06" }, 
{ "seq" : "3", "sqcand" : "280001607833", "n" : "15", "nm" : "SIMONE TEBET", "cc" : "MDB - MDB \/ Federação PSDB Cidadania (PSDB\/CIDADANIA) \/ PODE", "nv" : "MARA GABRILLI", "e" : "n", "st" : "", "dvt" : "Válido", "vap" : "489835", "pvap" : "4,19" }, 
{ "seq" : "10", "sqcand" : "280001607831", "n" : "16", "nm" : "VERA", "cc" : "PSTU", "nv" : "RAQUEL TREMEMBÉ", "e" : "n", "st" : "", "dvt" : "Válido", "vap" : "2548", "pvap" : "0,02" }, 
{ "seq" : "8", "sqcand" : "280001602702", "n" : "80", "nm" : "LÉO PÉRICLES", "cc" : "UP", "nv" : "SAMARA MARTINS", "e" : "n", "st" : "", "dvt" : "Válido", "vap" : "5118", "pvap" : "0,04" }, 
{ "seq" : "2", "sqcand" : "280001618036", "n" : "22", "nm" : "JAIR BOLSONARO", "cc" : "PL - PP \/ REPUBLICANOS \/ PL", "nv" : "BRAGA NETTO", "e" : "n", "st" : "", "dvt" : "Válido", "vap" : "5119555", "pvap" : "43,81" }, 
{ "seq" : "11", "sqcand" : "280001677435", "n" : "27", "nm" : "CONSTITUINTE EYMAEL", "cc" : "DC", "nv" : "PROFESSOR BRAVO", "e" : "n", "st" : "", "dvt" : "Válido", "vap" : "1550", "pvap" : "0,01" }, 
{ "seq" : "5", "sqcand" : "280001603612", "n" : "30", "nm" : "FELIPE D&apos;AVILA", "cc" : "NOVO", "nv" : "TIAGO MITRAUD", "e" : "n", "st" : "", "dvt" : "Válido", "vap" : "95947", "pvap" : "0,82" }, 
{ "seq" : "6", "sqcand" : "280001644128", "n" : "44", "nm" : "SORAYA THRONICKE", "cc" : "UNIÃO", "nv" : "MARCOS CINTRA", "e" : "n", "st" : "", "dvt" : "Válido", "vap" : "43122", "pvap" : "0,37" }, 
{ "seq" : "9", "sqcand" : "280001600167", "n" : "21", "nm" : "SOFIA MANZANO", "cc" : "PCB", "nv" : "ANTONIO ALVES", "e" : "n", "st" : "", "dvt" : "Válido", "vap" : "4309", "pvap" : "0,04" } ] }