
{ "ele" : "544", "tpabr" : "uf", "cdabr" : "MG", "carper" : "1", "md" : "N", "t" : "1", "f" : "o", "dg" : "02/10/2022", "hg" : "19:17:08", "dt" : "02/10/2022", "ht" : "19:15:42", "dv" : "s", "tf" : "n", "v" : "1", "esae" : "n", "mnae" : "", "s" : "49981", "st" : "14109", "pst" : "28,23", "snt" : "35872", "psnt" : "71,77", "si" : "14109", "psi" : "28,23", "sni" : "0", "psni" : "0,00", "sa" : "14109", "psa" : "100,00", "sna" : "0", "psna" : "0,00", "e" : "16283828", "ea" : "4358073", "pea" : "100,00", "ena" : "0", "pena" : "0,00", "esi" : "4358073", "pesi" : "26,76", "esni" : "0", "pesni" : "0,00", "c" : "3373509", "pc" : "77,41", "a" : "984564", "pa" : "22,59", "vscv" : "0", "vnom" : "3207966", "pvnom" : "100,00", "vvc" : "3207966", "pvvc" : "95,09", "vb" : "60989", "pvb" : "1,81", "tvn" : "104554", "ptvn" : "3,10", "vn" : "104554", "pvn" : "100,00", "vnt" : "0", "pvnt" : "0,00", "vp" : "0", "pvp" : "0,00", "vv" : "3207966", "pvv" : "100,00", "van" : "0", "pvan" : "0,00", "vansj" : "0", "pvansj" : "0,00", "tv" : "3373509", "cand" : [ 
{ "seq" : "8", "sqcand" : "280001600167", "n" : "21", "nm" : "SOFIA MANZANO", "cc" : "PCB", "nv" : "ANTONIO ALVES", "e" : "n", "st" : "", "dvt" : "Válido", "vap" : "1192", "pvap" : "0,04" }, 
{ "seq" : "5", "sqcand" : "280001603612", "n" : "30", "nm" : "FELIPE D&apos;AVILA", "cc" : "NOVO", "nv" : "TIAGO MITRAUD", "e" : "n", "st" : "", "dvt" : "Válido", "vap" : "26595", "pvap" : "0,83" }, 
{ "seq" : "3", "sqcand" : "280001607833", "n" : "15", "nm" : "SIMONE TEBET", "cc" : "MDB - MDB \/ Federação PSDB Cidadania (PSDB\/CIDADANIA) \/ PODE", "nv" : "MARA GABRILLI", "e" : "n", "st" : "", "dvt" : "Válido", "vap" : "137104", "pvap" : "4,27" }, 
{ "seq" : "7", "sqcand" : "280001734029", "n" : "14", "nm" : "PADRE KELMON", "cc" : "PTB", "nv" : "PASTOR GAMONAL", "e" : "n", "st" : "", "dvt" : "Válido", "vap" : "1940", "pvap" : "0,06" }, 
{ "seq" : "6", "sqcand" : "280001644128", "n" : "44", "nm" : "SORAYA THRONICKE", "cc" : "UNIÃO", "nv" : "MARCOS CINTRA", "e" : "n", "st" : "", "dvt" : "Válido", "vap" : "11096", "pvap" : "0,35" }, 
{ "seq" : "4", "sqcand" : "280001612393", "n" : "12", "nm" : "CIRO GOMES", "cc" : "PDT", "nv" : "ANA PAULA MATOS", "e" : "n", "st" : "", "dvt" : "Válido", "vap" : "82755", "pvap" : "2,58" }, 
{ "seq" : "9", "sqcand" : "280001602702", "n" : "80", "nm" : "LÉO PÉRICLES", "cc" : "UP", "nv" : "SAMARA MARTINS", "e" : "n", "st" : "", "dvt" : "Válido", "vap" : "1131", "pvap" : "0,04" }, 
{ "seq" : "10", "sqcand" : "280001607831", "n" : "16", "nm" : "VERA", "cc" : "PSTU", "nv" : "RAQUEL TREMEMBÉ", "e" : "n", "st" : "", "dvt" : "Válido", "vap" : "653", "pvap" : "0,02" }, 
{ "seq" : "1", "sqcand" : "280001607829", "n" : "13", "nm" : "LULA", "cc" : "PT - Federação Brasil da Esperança - FE BRASIL (PT\/PC do B\/PV) \/ SOLIDARIEDADE \/ Federação PSOL REDE (PSOL\/REDE) \/ PSB \/ AGIR \/ AVANTE \/ PROS", "nv" : "GERALDO ALCKMIN", "e" : "n", "st" : "", "dvt" : "Válido", "vap" : "1485880", "pvap" : "46,32" }, 
{ "seq" : "2", "sqcand" : "280001618036", "n" : "22", "nm" : "JAIR BOLSONARO", "cc" : "PL - PP \/ REPUBLICANOS \/ PL", "nv" : "BRAGA NETTO", "e" : "n", "st" : "", "dvt" : "Válido", "vap" : "1459194", "pvap" : "45,49" }, 
{ "seq" : "11", "sqcand" : "280001677435", "n" : "27", "nm" : "CONSTITUINTE EYMAEL", "cc" : "DC", "nv" : "PROFESSOR BRAVO", "e" : "n", "st" : "", "dvt" : "Válido", "vap" : "426", "pvap" : "0,01" } ] }