
{ "ele" : "544", "tpabr" : "uf", "cdabr" : "SP", "carper" : "1", "md" : "N", "t" : "1", "f" : "o", "dg" : "02/10/2022", "hg" : "18:34:56", "dt" : "02/10/2022", "ht" : "18:33:54", "dv" : "s", "tf" : "n", "v" : "1", "esae" : "n", "mnae" : "", "s" : "101073", "st" : "4852", "pst" : "4,80", "snt" : "96221", "psnt" : "95,20", "si" : "4852", "psi" : "4,80", "sni" : "0", "psni" : "0,00", "sa" : "4852", "psa" : "100,00", "sna" : "0", "psna" : "0,00", "e" : "34684927", "ea" : "1541696", "pea" : "100,00", "ena" : "0", "pena" : "0,00", "esi" : "1541696", "pesi" : "4,44", "esni" : "0", "pesni" : "0,00", "c" : "1195423", "pc" : "77,54", "a" : "346273", "pa" : "22,46", "vscv" : "0", "vnom" : "1131395", "pvnom" : "100,00", "vvc" : "1131395", "pvvc" : "94,64", "vb" : "24420", "pvb" : "2,05", "tvn" : "39608", "ptvn" : "3,31", "vn" : "39608", "pvn" : "100,00", "vnt" : "0", "pvnt" : "0,00", "vp" : "0", "pvp" : "0,00", "vv" : "1131395", "pvv" : "100,00", "van" : "0", "pvan" : "0,00", "vansj" : "0", "pvansj" : "0,00", "tv" : "1195423", "cand" : [ 
{ "seq" : "4", "sqcand" : "280001612393", "n" : "12", "nm" : "CIRO GOMES", "cc" : "PDT", "nv" : "ANA PAULA MATOS", "e" : "n", "st" : "", "dvt" : "Válido", "vap" : "34494", "pvap" : "3,05" }, 
{ "seq" : "2", "sqcand" : "280001607829", "n" : "13", "nm" : "LULA", "cc" : "PT - Federação Brasil da Esperança - FE BRASIL (PT\/PC do B\/PV) \/ SOLIDARIEDADE \/ Federação PSOL REDE (PSOL\/REDE) \/ PSB \/ AGIR \/ AVANTE \/ PROS", "nv" : "GERALDO ALCKMIN", "e" : "n", "st" : "", "dvt" : "Válido", "vap" : "414758", "pvap" : "36,66" }, 
{ "seq" : "7", "sqcand" : "280001734029", "n" : "14", "nm" : "PADRE KELMON", "cc" : "PTB", "nv" : "PASTOR GAMONAL", "e" : "n", "st" : "", "dvt" : "Válido", "vap" : "728", "pvap" : "0,06" }, 
{ "seq" : "3", "sqcand" : "280001607833", "n" : "15", "nm" : "SIMONE TEBET", "cc" : "MDB - MDB \/ Federação PSDB Cidadania (PSDB\/CIDADANIA) \/ PODE", "nv" : "MARA GABRILLI", "e" : "n", "st" : "", "dvt" : "Válido", "vap" : "67291", "pvap" : "5,95" }, 
{ "seq" : "10", "sqcand" : "280001607831", "n" : "16", "nm" : "VERA", "cc" : "PSTU", "nv" : "RAQUEL TREMEMBÉ", "e" : "n", "st" : "", "dvt" : "Válido", "vap" : "273", "pvap" : "0,02" }, 
{ "seq" : "8", "sqcand" : "280001602702", "n" : "80", "nm" : "LÉO PÉRICLES", "cc" : "UP", "nv" : "SAMARA MARTINS", "e" : "n", "st" : "", "dvt" : "Válido", "vap" : "718", "pvap" : "0,06" }, 
{ "seq" : "1", "sqcand" : "280001618036", "n" : "22", "nm" : "JAIR BOLSONARO", "cc" : "PL - PP \/ REPUBLICANOS \/ PL", "nv" : "BRAGA NETTO", "e" : "n", "st" : "", "dvt" : "Válido", "vap" : "599126", "pvap" : "52,95" }, 
{ "seq" : "11", "sqcand" : "280001677435", "n" : "27", "nm" : "CONSTITUINTE EYMAEL", "cc" : "DC", "nv" : "PROFESSOR BRAVO", "e" : "n", "st" : "", "dvt" : "Válido", "vap" : "191", "pvap" : "0,02" }, 
{ "seq" : "5", "sqcand" : "280001603612", "n" : "30", "nm" : "FELIPE D&apos;AVILA", "cc" : "NOVO", "nv" : "TIAGO MITRAUD", "e" : "n", "st" : "", "dvt" : "Válido", "vap" : "7267", "pvap" : "0,64" }, 
{ "seq" : "6", "sqcand" : "280001644128", "n" : "44", "nm" : "SORAYA THRONICKE", "cc" : "UNIÃO", "nv" : "MARCOS CINTRA", "e" : "n", "st" : "", "dvt" : "Válido", "vap" : "5863", "pvap" : "0,52" }, 
{ "seq" : "9", "sqcand" : "280001600167", "n" : "21", "nm" : "SOFIA MANZANO", "cc" : "PCB", "nv" : "ANTONIO ALVES", "e" : "n", "st" : "", "dvt" : "Válido", "vap" : "686", "pvap" : "0,06" } ] }