
{ "ele" : "544", "tpabr" : "uf", "cdabr" : "SP", "carper" : "1", "md" : "N", "t" : "1", "f" : "o", "dg" : "02/10/2022", "hg" : "20:11:58", "dt" : "02/10/2022", "ht" : "20:11:27", "dv" : "s", "tf" : "n", "v" : "1", "esae" : "n", "mnae" : "", "s" : "101073", "st" : "82757", "pst" : "81,88", "snt" : "18316", "psnt" : "18,12", "si" : "82757", "psi" : "81,88", "sni" : "0", "psni" : "0,00", "sa" : "82757", "psa" : "100,00", "sna" : "0", "psna" : "0,00", "e" : "34684927", "ea" : "28156434", "pea" : "100,00", "ena" : "0", "pena" : "0,00", "esi" : "28156434", "pesi" : "81,18", "esni" : "0", "pesni" : "0,00", "c" : "22038442", "pc" : "78,27", "a" : "6117992", "pa" : "21,73", "vscv" : "0", "vnom" : "20801356", "pvnom" : "100,00", "vvc" : "20801356", "pvvc" : "94,39", "vb" : "458906", "pvb" : "2,08", "tvn" : "778180", "ptvn" : "3,53", "vn" : "778180", "pvn" : "100,00", "vnt" : "0", "pvnt" : "0,00", "vp" : "0", "pvp" : "0,00", "vv" : "20801356", "pvv" : "100,00", "van" : "0", "pvan" : "0,00", "vansj" : "0", "pvansj" : "0,00", "tv" : "22038442", "cand" : [ 
{ "seq" : "4", "sqcand" : "280001612393", "n" : "12", "nm" : "CIRO GOMES", "cc" : "PDT", "nv" : "ANA PAULA MATOS", "e" : "n", "st" : "", "dvt" : "Válido", "vap" : "724658", "pvap" : "3,48" }, 
{ "seq" : "2", "sqcand" : "280001607829", "n" : "13", "nm" : "LULA", "cc" : "PT - Federação Brasil da Esperança - FE BRASIL (PT\/PC do B\/PV) \/ SOLIDARIEDADE \/ Federação PSOL REDE (PSOL\/REDE) \/ PSB \/ AGIR \/ AVANTE \/ PROS", "nv" : "GERALDO ALCKMIN", "e" : "n", "st" : "", "dvt" : "Válido", "vap" : "8422556", "pvap" : "40,49" }, 
{ "seq" : "8", "sqcand" : "280001734029", "n" : "14", "nm" : "PADRE KELMON", "cc" : "PTB", "nv" : "PASTOR GAMONAL", "e" : "n", "st" : "", "dvt" : "Válido", "vap" : "12733", "pvap" : "0,06" }, 
{ "seq" : "3", "sqcand" : "280001607833", "n" : "15", "nm" : "SIMONE TEBET", "cc" : "MDB - MDB \/ Federação PSDB Cidadania (PSDB\/CIDADANIA) \/ PODE", "nv" : "MARA GABRILLI", "e" : "n", "st" : "", "dvt" : "Válido", "vap" : "1329448", "pvap" : "6,39" }, 
{ "seq" : "10", "sqcand" : "280001607831", "n" : "16", "nm" : "VERA", "cc" : "PSTU", "nv" : "RAQUEL TREMEMBÉ", "e" : "n", "st" : "", "dvt" : "Válido", "vap" : "6048", "pvap" : "0,03" }, 
{ "seq" : "7", "sqcand" : "280001602702", "n" : "80", "nm" : "LÉO PÉRICLES", "cc" : "UP", "nv" : "SAMARA MARTINS", "e" : "n", "st" : "", "dvt" : "Válido", "vap" : "17485", "pvap" : "0,08" }, 
{ "seq" : "1", "sqcand" : "280001618036", "n" : "22", "nm" : "JAIR BOLSONARO", "cc" : "PL - PP \/ REPUBLICANOS \/ PL", "nv" : "BRAGA NETTO", "e" : "n", "st" : "", "dvt" : "Válido", "vap" : "9998130", "pvap" : "48,06" }, 
{ "seq" : "11", "sqcand" : "280001677435", "n" : "27", "nm" : "CONSTITUINTE EYMAEL", "cc" : "DC", "nv" : "PROFESSOR BRAVO", "e" : "n", "st" : "", "dvt" : "Válido", "vap" : "4008", "pvap" : "0,02" }, 
{ "seq" : "5", "sqcand" : "280001603612", "n" : "30", "nm" : "FELIPE D&apos;AVILA", "cc" : "NOVO", "nv" : "TIAGO MITRAUD", "e" : "n", "st" : "", "dvt" : "Válido", "vap" : "151161", "pvap" : "0,73" }, 
{ "seq" : "6", "sqcand" : "280001644128", "n" : "44", "nm" : "SORAYA THRONICKE", "cc" : "UNIÃO", "nv" : "MARCOS CINTRA", "e" : "n", "st" : "", "dvt" : "Válido", "vap" : "122901", "pvap" : "0,59" }, 
{ "seq" : "9", "sqcand" : "280001600167", "n" : "21", "nm" : "SOFIA MANZANO", "cc" : "PCB", "nv" : "ANTONIO ALVES", "e" : "n", "st" : "", "dvt" : "Válido", "vap" : "12228", "pvap" : "0,06" } ] }